OmaTunniste;OmaIta;OmaPohjoinen;Kunta;siteid;aika;vuosi;kk;paiva;longitude;latitude;t_mean;t_max;t_min;rainfall;radiation;hpa
;;;Parkano;1060;20140101;2014;1;1;3275000;6885000;2.7;3.7;2;0;173;6.71
;;;Parkano;1060;20140102;2014;1;2;3275000;6885000;0;2.2;-0.6;0.4;113;5.74
;;;Parkano;1060;20140103;2014;1;3;3275000;6885000;-0.4;0;-0.8;0.3;131;5.4
;;;Parkano;1060;20140104;2014;1;4;3275000;6885000;0.4;0.9;0;2.8;89;6.25
;;;Parkano;1060;20140105;2014;1;5;3275000;6885000;1.1;2.3;0.1;0;199;6.65
;;;Parkano;1060;20140106;2014;1;6;3275000;6885000;0.6;1.9;-0.1;1.5;152;6.35
;;;Parkano;1060;20140107;2014;1;7;3275000;6885000;2.9;3.8;0.3;1.2;140;7.52
;;;Parkano;1060;20140108;2014;1;8;3275000;6885000;3.9;4.5;3.2;0.9;183;8.07
;;;Parkano;1060;20140109;2014;1;9;3275000;6885000;0.9;3.6;-0.2;0.5;269;6.55
;;;Parkano;1060;20140110;2014;1;10;3275000;6885000;-2.1;0.2;-4.5;0.7;301;5.16
;;;Parkano;1060;20140111;2014;1;11;3275000;6885000;-7.6;-4.4;-9.2;5.7;291;3.2
;;;Parkano;1060;20140112;2014;1;12;3275000;6885000;-12.2;-9.2;-13.4;0.5;505;2.11
;;;Parkano;1060;20140113;2014;1;13;3275000;6885000;-16.7;-11.4;-18.6;0;1647;1.48
;;;Parkano;1060;20140114;2014;1;14;3275000;6885000;-19.2;-16.6;-21.9;0;1475;1.17
;;;Parkano;1060;20140115;2014;1;15;3275000;6885000;-13.3;-9.9;-18.7;0;1316;1.97
;;;Parkano;1060;20140116;2014;1;16;3275000;6885000;-16.9;-13.7;-18.5;0;2261;1.45
;;;Parkano;1060;20140117;2014;1;17;3275000;6885000;-18.1;-14.5;-19.6;0;2306;1.3
;;;Parkano;1060;20140118;2014;1;18;3275000;6885000;-19.1;-15.5;-20.5;0;2316;1.2
;;;Parkano;1060;20140119;2014;1;19;3275000;6885000;-19.5;-13.8;-22.6;0;2471;1.15
;;;Parkano;1060;20140120;2014;1;20;3275000;6885000;-18.9;-14.9;-20.6;0;2304;1.21
;;;Parkano;1060;20140121;2014;1;21;3275000;6885000;-15.4;-12.1;-21.6;0.1;1349;1.75
;;;Parkano;1060;20140122;2014;1;22;3275000;6885000;-14.5;-9.6;-18.9;0;2057;1.88
;;;Parkano;1060;20140123;2014;1;23;3275000;6885000;-18.3;-15.4;-22.5;0;1949;1.3
;;;Parkano;1060;20140124;2014;1;24;3275000;6885000;-13.8;-10.2;-18.9;0;1050;1.99
;;;Parkano;1060;20140125;2014;1;25;3275000;6885000;-6.2;-5.1;-10.3;0.1;603;3.58
;;;Parkano;1060;20140126;2014;1;26;3275000;6885000;-6.7;-5.5;-7.5;0;823;3.29
;;;Parkano;1060;20140127;2014;1;27;3275000;6885000;-12.4;-7.2;-14;0.2;1685;2.15
;;;Parkano;1060;20140128;2014;1;28;3275000;6885000;-13.5;-11.5;-15.4;0;2516;1.91
;;;Parkano;1060;20140129;2014;1;29;3275000;6885000;-12.9;-9.4;-14.8;0;3019;2.05
;;;Parkano;1060;20140130;2014;1;30;3275000;6885000;-14.4;-11.3;-16.8;0;3751;1.81
;;;Parkano;1060;20140131;2014;1;31;3275000;6885000;-13.1;-11;-16.1;4.4;997;2
;;;Parkano;1060;20140201;2014;2;1;3275000;6885000;-7.7;-6.3;-11.1;0.1;480;3.24
;;;Parkano;1060;20140202;2014;2;2;3275000;6885000;-4.5;-3.6;-6.4;0.6;700;4.23
;;;Parkano;1060;20140203;2014;2;3;3275000;6885000;-0.3;0.5;-4.2;0;752;5.99
;;;Parkano;1060;20140204;2014;2;4;3275000;6885000;-0.2;0.8;-1.2;0;788;6
;;;Parkano;1060;20140205;2014;2;5;3275000;6885000;-3.2;-0.5;-4.5;0;673;4.46
;;;Parkano;1060;20140206;2014;2;6;3275000;6885000;-5.2;-4.4;-6.6;0;1285;3.9
;;;Parkano;1060;20140207;2014;2;7;3275000;6885000;-2.1;-0.4;-4.9;2.6;833;5.29
;;;Parkano;1060;20140208;2014;2;8;3275000;6885000;0.8;1.4;-0.4;3.1;477;6.4
;;;Parkano;1060;20140209;2014;2;9;3275000;6885000;1.2;2;0.4;0.9;1279;6.35
;;;Parkano;1060;20140210;2014;2;10;3275000;6885000;1;1.7;0.7;1.1;831;6.5
;;;Parkano;1060;20140211;2014;2;11;3275000;6885000;0.4;1.2;0;0.6;1027;6.25
;;;Parkano;1060;20140212;2014;2;12;3275000;6885000;-0.2;0.6;-0.6;0.7;1172;5.9
;;;Parkano;1060;20140213;2014;2;13;3275000;6885000;-0.3;0.1;-0.8;1.2;1243;5.65
;;;Parkano;1060;20140214;2014;2;14;3275000;6885000;-0.2;0.5;-1;0;887;5.88
;;;Parkano;1060;20140215;2014;2;15;3275000;6885000;-1;0;-1.3;1.2;742;5.15
;;;Parkano;1060;20140216;2014;2;16;3275000;6885000;0.4;1.3;-1.6;2.7;936;6.25
;;;Parkano;1060;20140217;2014;2;17;3275000;6885000;1.1;1.8;0.7;0.4;1170;6.59
;;;Parkano;1060;20140218;2014;2;18;3275000;6885000;0.3;1.3;-0.1;0.6;1749;6.16
;;;Parkano;1060;20140219;2014;2;19;3275000;6885000;-1.5;0.1;-2.5;0.1;1637;5.2
;;;Parkano;1060;20140220;2014;2;20;3275000;6885000;-4.7;-2.4;-5.1;0.1;1877;3.8
;;;Parkano;1060;20140221;2014;2;21;3275000;6885000;-3.8;-1.8;-6.2;8.1;2495;3.9
;;;Parkano;1060;20140222;2014;2;22;3275000;6885000;0.3;1.3;-2;3;1959;6.2
;;;Parkano;1060;20140223;2014;2;23;3275000;6885000;2.4;3.9;0.6;0.4;1653;6.85
;;;Parkano;1060;20140224;2014;2;24;3275000;6885000;4.7;7.1;2.7;0;1676;7.21
;;;Parkano;1060;20140225;2014;2;25;3275000;6885000;2.1;4.7;1.4;0;1577;6.11
;;;Parkano;1060;20140226;2014;2;26;3275000;6885000;-1;1.7;-2.7;0;2007;4.96
;;;Parkano;1060;20140227;2014;2;27;3275000;6885000;-0.6;0.1;-1.3;0;1375;4.97
;;;Parkano;1060;20140228;2014;2;28;3275000;6885000;-0.1;1.1;-1.1;0;1862;5.49
;;;Parkano;1060;20140301;2014;3;1;3275000;6885000;0.1;2.9;-1.3;0;4243;5.05
;;;Parkano;1060;20140302;2014;3;2;3275000;6885000;-0.8;0.2;-2.3;1.3;1216;5.44
;;;Parkano;1060;20140303;2014;3;3;3275000;6885000;0.1;0.6;-0.3;2.8;1450;6.11
;;;Parkano;1060;20140304;2014;3;4;3275000;6885000;-0.1;0.4;-1;0;1662;5.95
;;;Parkano;1060;20140305;2014;3;5;3275000;6885000;1.1;2.7;-0.1;0;3612;5.87
;;;Parkano;1060;20140306;2014;3;6;3275000;6885000;1;3.4;-1.3;0;3904;5.65
;;;Parkano;1060;20140307;2014;3;7;3275000;6885000;3.1;4.3;1.4;16.7;1565;7.16
;;;Parkano;1060;20140308;2014;3;8;3275000;6885000;3;5.1;1;0.6;7116;5.94
;;;Parkano;1060;20140309;2014;3;9;3275000;6885000;3.9;7.3;0.6;0;6567;6.05
;;;Parkano;1060;20140310;2014;3;10;3275000;6885000;3.7;6.4;2.2;0;4020;6.93
;;;Parkano;1060;20140311;2014;3;11;3275000;6885000;3.2;5.9;0.9;0;8022;5.24
;;;Parkano;1060;20140312;2014;3;12;3275000;6885000;4.8;9.1;1;0;4804;6.4
;;;Parkano;1060;20140313;2014;3;13;3275000;6885000;4.6;10.1;-0.1;0;8861;6.12
;;;Parkano;1060;20140314;2014;3;14;3275000;6885000;2.3;5.4;0.6;0.1;8897;4.68
;;;Parkano;1060;20140315;2014;3;15;3275000;6885000;-0.4;2.5;-1.6;0.7;6951;4.56
;;;Parkano;1060;20140316;2014;3;16;3275000;6885000;-3.7;-0.7;-4.9;0.2;7323;3.64
;;;Parkano;1060;20140317;2014;3;17;3275000;6885000;-6.8;-0.7;-12.9;0.2;11067;2.58
;;;Parkano;1060;20140318;2014;3;18;3275000;6885000;-3.4;0.4;-8.3;2.3;4939;4.27
;;;Parkano;1060;20140319;2014;3;19;3275000;6885000;-5.7;-2.3;-7.6;0.1;8043;3.22
;;;Parkano;1060;20140320;2014;3;20;3275000;6885000;-6.9;-2.8;-14.7;3.7;5506;3.43
;;;Parkano;1060;20140321;2014;3;21;3275000;6885000;4.7;7.7;-3.6;0;6781;6.41
;;;Parkano;1060;20140322;2014;3;22;3275000;6885000;2.3;6.3;-1.2;0;11500;5.76
;;;Parkano;1060;20140323;2014;3;23;3275000;6885000;0.8;2.6;-0.5;1.6;3377;6.15
;;;Parkano;1060;20140324;2014;3;24;3275000;6885000;2.5;8.2;-0.5;0;12957;5.48
;;;Parkano;1060;20140325;2014;3;25;3275000;6885000;1;7.4;-5.6;0;13711;4.32
;;;Parkano;1060;20140326;2014;3;26;3275000;6885000;0.7;8.2;-5;0;14610;3.23
;;;Parkano;1060;20140327;2014;3;27;3275000;6885000;1.2;11.1;-7.7;0;14259;3.41
;;;Parkano;1060;20140328;2014;3;28;3275000;6885000;2;8.6;-3.5;0;14429;4.37
;;;Parkano;1060;20140329;2014;3;29;3275000;6885000;3.1;10;-3.1;0;14416;5.13
;;;Parkano;1060;20140330;2014;3;30;3275000;6885000;1.3;5.3;-1.3;0.1;11295;4.31
;;;Parkano;1060;20140331;2014;3;31;3275000;6885000;-0.3;4.8;-4.9;0.2;14115;3.83
;;;Parkano;1060;20140401;2014;4;1;3275000;6885000;-1.3;2.2;-3.2;0;9982;3.71
;;;Parkano;1060;20140402;2014;4;2;3275000;6885000;-0.9;4.5;-6;0;13048;3.98
;;;Parkano;1060;20140403;2014;4;3;3275000;6885000;0;4.4;-2.4;0;12901;3.97
;;;Parkano;1060;20140404;2014;4;4;3275000;6885000;-1.1;4.8;-7.5;0;15829;3.3
;;;Parkano;1060;20140405;2014;4;5;3275000;6885000;2.1;8.2;-3.7;0;13561;4.75
;;;Parkano;1060;20140406;2014;4;6;3275000;6885000;3.2;8.3;-0.6;0;7743;5.69
;;;Parkano;1060;20140407;2014;4;7;3275000;6885000;2.1;7;-1.4;0;8645;5.81
;;;Parkano;1060;20140408;2014;4;8;3275000;6885000;1.9;8;-2.6;0;13890;3.64
;;;Parkano;1060;20140409;2014;4;9;3275000;6885000;0.7;6.3;-5.1;0;18577;2.54
;;;Parkano;1060;20140410;2014;4;10;3275000;6885000;1.3;6.8;-6.2;0.7;18002;2.91
;;;Parkano;1060;20140411;2014;4;11;3275000;6885000;2.4;3.9;0.4;2.1;2503;6.73
;;;Parkano;1060;20140412;2014;4;12;3275000;6885000;5.6;11;2.4;5.4;15273;6.73
;;;Parkano;1060;20140413;2014;4;13;3275000;6885000;4.2;7.2;2.4;3.4;5174;7.93
;;;Parkano;1060;20140414;2014;4;14;3275000;6885000;5;9.5;3;0;11791;6.9
;;;Parkano;1060;20140415;2014;4;15;3275000;6885000;2.8;7;-0.2;0;13098;5.04
;;;Parkano;1060;20140416;2014;4;16;3275000;6885000;2.4;8.4;-5.6;0;19444;4.01
;;;Parkano;1060;20140417;2014;4;17;3275000;6885000;5.8;12.1;0.7;1.2;12540;5.65
;;;Parkano;1060;20140418;2014;4;18;3275000;6885000;5.3;8;3.1;0.3;5209;8.04
;;;Parkano;1060;20140419;2014;4;19;3275000;6885000;5.9;11;1.9;0;15748;7.35
;;;Parkano;1060;20140420;2014;4;20;3275000;6885000;7.9;14.3;2;0;14822;7.3
;;;Parkano;1060;20140421;2014;4;21;3275000;6885000;10.7;17.9;3.9;0;16875;7.57
;;;Parkano;1060;20140422;2014;4;22;3275000;6885000;7;14;-0.5;0;21464;5.48
;;;Parkano;1060;20140423;2014;4;23;3275000;6885000;3.1;8.4;-1.8;0;22637;3.43
;;;Parkano;1060;20140424;2014;4;24;3275000;6885000;3.7;10.9;-5.4;0;22981;3.5
;;;Parkano;1060;20140425;2014;4;25;3275000;6885000;7.1;16.7;-2.7;0;22557;4.74
;;;Parkano;1060;20140426;2014;4;26;3275000;6885000;7.8;16.6;-3;0;22019;4.57
;;;Parkano;1060;20140427;2014;4;27;3275000;6885000;9;17.6;-1.7;0;17590;4.88
;;;Parkano;1060;20140428;2014;4;28;3275000;6885000;8.6;15.1;1.9;0;11448;5.82
;;;Parkano;1060;20140429;2014;4;29;3275000;6885000;5.7;10.6;3.9;0;16348;5.69
;;;Parkano;1060;20140430;2014;4;30;3275000;6885000;2.8;7.5;-2.3;0.6;16138;5.1
;;;Parkano;1060;20140501;2014;5;1;3275000;6885000;2;7.1;-1.9;0;16526;3.92
;;;Parkano;1060;20140502;2014;5;2;3275000;6885000;2.1;8.2;-4.5;0;17809;4.36
;;;Parkano;1060;20140503;2014;5;3;3275000;6885000;2.6;8.7;-3.3;0.1;16943;4.81
;;;Parkano;1060;20140504;2014;5;4;3275000;6885000;1.7;5.7;-0.7;2.8;12499;5.73
;;;Parkano;1060;20140505;2014;5;5;3275000;6885000;3.5;8.6;-0.1;0;23308;4.62
;;;Parkano;1060;20140506;2014;5;6;3275000;6885000;3;8.6;-3.1;0;19990;3.51
;;;Parkano;1060;20140507;2014;5;7;3275000;6885000;4.5;10.9;-4.3;0;21823;3.96
;;;Parkano;1060;20140508;2014;5;8;3275000;6885000;4.2;11;-0.8;4.9;13378;5.52
;;;Parkano;1060;20140509;2014;5;9;3275000;6885000;7.2;10.7;2.2;7.3;5234;9.65
;;;Parkano;1060;20140510;2014;5;10;3275000;6885000;7.1;10.5;4.3;2.4;8767;8.32
;;;Parkano;1060;20140511;2014;5;11;3275000;6885000;7.7;12.3;4.8;3.9;10170;9.57
;;;Parkano;1060;20140512;2014;5;12;3275000;6885000;8.7;13;6.5;1.4;10551;9.41
;;;Parkano;1060;20140513;2014;5;13;3275000;6885000;6.9;11.1;2.4;0;7991;8.2
;;;Parkano;1060;20140514;2014;5;14;3275000;6885000;5.6;9;3.8;0.2;22967;5.04
;;;Parkano;1060;20140515;2014;5;15;3275000;6885000;5.5;10.9;-2.4;0;18568;5.38
;;;Parkano;1060;20140516;2014;5;16;3275000;6885000;8.8;14.6;4.7;0.1;12686;7.98
;;;Parkano;1060;20140517;2014;5;17;3275000;6885000;13.3;20.1;3.5;0;26027;7.88
;;;Parkano;1060;20140518;2014;5;18;3275000;6885000;17.1;24.7;8.4;0;25449;8.69
;;;Parkano;1060;20140519;2014;5;19;3275000;6885000;18.4;27.7;11.1;8.4;17355;14.27
;;;Parkano;1060;20140520;2014;5;20;3275000;6885000;16.6;21.6;13.1;0;19168;13.26
;;;Parkano;1060;20140521;2014;5;21;3275000;6885000;15;21.8;7.2;0;17901;12
;;;Parkano;1060;20140522;2014;5;22;3275000;6885000;18.2;26;8.2;0;25968;11.74
;;;Parkano;1060;20140523;2014;5;23;3275000;6885000;21.8;28.2;13.7;0;24619;12.12
;;;Parkano;1060;20140524;2014;5;24;3275000;6885000;23.2;28.9;16.2;3.5;24281;12.91
;;;Parkano;1060;20140525;2014;5;25;3275000;6885000;19.4;26;14.5;5.7;15506;16.93
;;;Parkano;1060;20140526;2014;5;26;3275000;6885000;10.8;19.8;7.6;1.5;10863;11.67
;;;Parkano;1060;20140527;2014;5;27;3275000;6885000;5.2;9.3;2.9;0.3;10226;6.94
;;;Parkano;1060;20140528;2014;5;28;3275000;6885000;8;13;4;0;17441;7.04
;;;Parkano;1060;20140529;2014;5;29;3275000;6885000;8.8;13.1;4.8;6.9;12334;9.22
;;;Parkano;1060;20140530;2014;5;30;3275000;6885000;11.8;16.3;8.3;0.5;10701;11.95
;;;Parkano;1060;20140531;2014;5;31;3275000;6885000;9.9;14.5;8.1;8.4;10839;10.98
;;;Parkano;1060;20140601;2014;6;1;3275000;6885000;9.9;14.2;6.5;0;12888;10.6
;;;Parkano;1060;20140602;2014;6;2;3275000;6885000;12.2;18.4;3.5;0;28696;9.29
;;;Parkano;1060;20140603;2014;6;3;3275000;6885000;14.6;20.3;7.2;0.7;17685;12.82
;;;Parkano;1060;20140604;2014;6;4;3275000;6885000;17.8;24.4;13.8;1.3;16029;17
;;;Parkano;1060;20140605;2014;6;5;3275000;6885000;21.6;27.6;13.3;0;21408;14.04
;;;Parkano;1060;20140606;2014;6;6;3275000;6885000;17.9;24.4;13.7;1.5;18030;15.01
;;;Parkano;1060;20140607;2014;6;7;3275000;6885000;15.5;21.8;12.6;0.5;14061;14.89
;;;Parkano;1060;20140608;2014;6;8;3275000;6885000;15.5;22.1;8.4;0;22119;12.12
;;;Parkano;1060;20140609;2014;6;9;3275000;6885000;14.9;23.3;6.9;2.2;21053;13.24
;;;Parkano;1060;20140610;2014;6;10;3275000;6885000;14.1;19;12;0;15562;12.65
;;;Parkano;1060;20140611;2014;6;11;3275000;6885000;15.8;22.9;6.2;10.7;25322;10.78
;;;Parkano;1060;20140612;2014;6;12;3275000;6885000;13.1;19.2;12;17.2;5427;14.36
;;;Parkano;1060;20140613;2014;6;13;3275000;6885000;10.5;14.1;8.1;1.9;7704;11.94
;;;Parkano;1060;20140614;2014;6;14;3275000;6885000;10.8;15.5;6.8;0;27860;7.41
;;;Parkano;1060;20140615;2014;6;15;3275000;6885000;12;18.7;2.8;0;28886;7.32
;;;Parkano;1060;20140616;2014;6;16;3275000;6885000;9.4;15.3;6.6;2.8;18043;8.1
;;;Parkano;1060;20140617;2014;6;17;3275000;6885000;6.8;11;1.7;0.5;25736;5.86
;;;Parkano;1060;20140618;2014;6;18;3275000;6885000;11.2;15.4;6.1;0.2;18824;9.08
;;;Parkano;1060;20140619;2014;6;19;3275000;6885000;11.2;15.3;7.8;0;16575;8.94
;;;Parkano;1060;20140620;2014;6;20;3275000;6885000;7;11.7;3.8;1.7;17604;8.06
;;;Parkano;1060;20140621;2014;6;21;3275000;6885000;6.7;10.8;2;3.4;18770;7.61
;;;Parkano;1060;20140622;2014;6;22;3275000;6885000;7.2;11;3.8;11;12936;8.97
;;;Parkano;1060;20140623;2014;6;23;3275000;6885000;9.6;14.8;6.4;3.1;13685;10.65
;;;Parkano;1060;20140624;2014;6;24;3275000;6885000;11.3;17;7.1;2.1;18694;9.92
;;;Parkano;1060;20140625;2014;6;25;3275000;6885000;9.6;13.4;5.4;0;17011;7.71
;;;Parkano;1060;20140626;2014;6;26;3275000;6885000;10.6;16.6;3;0;25510;7.27
;;;Parkano;1060;20140627;2014;6;27;3275000;6885000;11.4;17.8;3;0;25335;7.62
;;;Parkano;1060;20140628;2014;6;28;3275000;6885000;11.1;17.8;3.2;0;26778;8.24
;;;Parkano;1060;20140629;2014;6;29;3275000;6885000;12.2;17.7;6.1;0.2;15753;10.03
;;;Parkano;1060;20140630;2014;6;30;3275000;6885000;11.7;15;9.7;0;6018;11.86
;;;Parkano;1060;20140701;2014;7;1;3275000;6885000;13.7;18.4;7;3.5;17410;10.41
;;;Parkano;1060;20140702;2014;7;2;3275000;6885000;10.1;15.9;9.7;14.4;6189;11.86
;;;Parkano;1060;20140703;2014;7;3;3275000;6885000;13.8;19.8;8.9;3.5;24362;12.66
;;;Parkano;1060;20140704;2014;7;4;3275000;6885000;14.8;19.9;10.9;0.2;26239;11.72
;;;Parkano;1060;20140705;2014;7;5;3275000;6885000;16.1;23.3;6;0;26200;10.39
;;;Parkano;1060;20140706;2014;7;6;3275000;6885000;18.4;24.8;9.3;0;28249;12.38
;;;Parkano;1060;20140707;2014;7;7;3275000;6885000;20.3;26.6;11.2;0;25259;14.76
;;;Parkano;1060;20140708;2014;7;8;3275000;6885000;22;27.9;14.3;0.3;26105;14.65
;;;Parkano;1060;20140709;2014;7;9;3275000;6885000;21.8;27.8;15.5;0;23143;16.29
;;;Parkano;1060;20140710;2014;7;10;3275000;6885000;17.7;24.7;14.5;0;19884;15.34
;;;Parkano;1060;20140711;2014;7;11;3275000;6885000;16.2;22.7;7.4;0;28716;10.39
;;;Parkano;1060;20140712;2014;7;12;3275000;6885000;16;21.2;8.5;0.2;18389;12.56
;;;Parkano;1060;20140713;2014;7;13;3275000;6885000;20.3;26.4;13.6;0.6;15344;17.09
;;;Parkano;1060;20140714;2014;7;14;3275000;6885000;19.5;25;16.6;2.4;14335;18.79
;;;Parkano;1060;20140715;2014;7;15;3275000;6885000;16.7;22.2;11.1;5;15967;16.18
;;;Parkano;1060;20140716;2014;7;16;3275000;6885000;17.1;20.4;14.5;8.2;13925;16.71
;;;Parkano;1060;20140717;2014;7;17;3275000;6885000;17.7;24;11;0;21762;15.2
;;;Parkano;1060;20140718;2014;7;18;3275000;6885000;19.1;24.9;11.3;0;23658;15.24
;;;Parkano;1060;20140719;2014;7;19;3275000;6885000;18.7;24.2;15.9;2;16518;18.3
;;;Parkano;1060;20140720;2014;7;20;3275000;6885000;20.2;26.6;13.8;0.2;19682;17.22
;;;Parkano;1060;20140721;2014;7;21;3275000;6885000;20.8;26.8;15;0;23419;14.24
;;;Parkano;1060;20140722;2014;7;22;3275000;6885000;21;27.6;12.4;0;25632;13.43
;;;Parkano;1060;20140723;2014;7;23;3275000;6885000;21.7;29.2;12;0.3;23952;15.29
;;;Parkano;1060;20140724;2014;7;24;3275000;6885000;23;29.8;14.8;0.1;23391;16.61
;;;Parkano;1060;20140725;2014;7;25;3275000;6885000;23.4;30;15.4;0;24070;15.34
;;;Parkano;1060;20140726;2014;7;26;3275000;6885000;23.3;31;14;0;23921;15.3
;;;Parkano;1060;20140727;2014;7;27;3275000;6885000;21.2;28.7;13.8;3.9;21777;16.96
;;;Parkano;1060;20140728;2014;7;28;3275000;6885000;21.7;26.9;15.8;0;18817;18.63
;;;Parkano;1060;20140729;2014;7;29;3275000;6885000;20.1;26.7;16.6;4.9;17511;19.39
;;;Parkano;1060;20140730;2014;7;30;3275000;6885000;20.3;27.9;13.6;6.8;19322;18.63
;;;Parkano;1060;20140731;2014;7;31;3275000;6885000;19.4;22.2;16.2;13.1;12878;19.3
;;;Parkano;1060;20140801;2014;8;1;3275000;6885000;19;23.7;14.2;0;19491;15.9
;;;Parkano;1060;20140802;2014;8;2;3275000;6885000;19.9;25.6;14.7;0;21473;15.77
;;;Parkano;1060;20140803;2014;8;3;3275000;6885000;21;26;14.1;0;17164;16.49
;;;Parkano;1060;20140804;2014;8;4;3275000;6885000;24.1;30.4;17.4;0;21960;18.13
;;;Parkano;1060;20140805;2014;8;5;3275000;6885000;23.6;29.6;16.7;0;22421;16.61
;;;Parkano;1060;20140806;2014;8;6;3275000;6885000;22.7;29.5;15.1;0;20154;15.23
;;;Parkano;1060;20140807;2014;8;7;3275000;6885000;19.8;28.2;16.4;10;13939;17.63
;;;Parkano;1060;20140808;2014;8;8;3275000;6885000;19.8;25;16;0.2;17296;18.04
;;;Parkano;1060;20140809;2014;8;9;3275000;6885000;19.4;25.7;14.4;0;14694;16.94
;;;Parkano;1060;20140810;2014;8;10;3275000;6885000;17.9;23.2;13.6;0.7;14560;17.14
;;;Parkano;1060;20140811;2014;8;11;3275000;6885000;18.3;24.9;10.8;0.4;14935;16.71
;;;Parkano;1060;20140812;2014;8;12;3275000;6885000;17.5;21.3;15.8;0.6;17354;14.09
;;;Parkano;1060;20140813;2014;8;13;3275000;6885000;14.7;18.5;11.1;1.8;14211;13.35
;;;Parkano;1060;20140814;2014;8;14;3275000;6885000;14.9;21.2;10.8;1.9;14514;14.02
;;;Parkano;1060;20140815;2014;8;15;3275000;6885000;14.2;20.1;9.4;1.8;15024;13.74
;;;Parkano;1060;20140816;2014;8;16;3275000;6885000;13.4;19.9;7;0;17343;10.73
;;;Parkano;1060;20140817;2014;8;17;3275000;6885000;13.2;18.2;6;0;16122;10.67
;;;Parkano;1060;20140818;2014;8;18;3275000;6885000;13.5;15.8;10.5;4;6718;14.1
;;;Parkano;1060;20140819;2014;8;19;3275000;6885000;13.4;17;11.2;4;12100;13.21
;;;Parkano;1060;20140820;2014;8;20;3275000;6885000;12.9;17.7;10;9.1;9515;12.58
;;;Parkano;1060;20140821;2014;8;21;3275000;6885000;13.1;17.3;11.3;5.9;10347;13.88
;;;Parkano;1060;20140822;2014;8;22;3275000;6885000;12.2;16.7;8.8;10.7;12021;12.74
;;;Parkano;1060;20140823;2014;8;23;3275000;6885000;12.7;16.6;9.7;6.7;8887;13
;;;Parkano;1060;20140824;2014;8;24;3275000;6885000;11.9;17.4;9.6;3.1;11812;12.02
;;;Parkano;1060;20140825;2014;8;25;3275000;6885000;10.7;15.9;5.3;6.1;9453;11.78
;;;Parkano;1060;20140826;2014;8;26;3275000;6885000;12.4;14;10.8;12.2;4514;13.92
;;;Parkano;1060;20140827;2014;8;27;3275000;6885000;13.2;17;12.2;4;8291;14.16
;;;Parkano;1060;20140828;2014;8;28;3275000;6885000;13.9;17.7;11.9;1.9;11461;13.74
;;;Parkano;1060;20140829;2014;8;29;3275000;6885000;11.3;14;9.8;0.1;7159;11.59
;;;Parkano;1060;20140830;2014;8;30;3275000;6885000;9.5;13.1;5.6;0;11487;9.17
;;;Parkano;1060;20140831;2014;8;31;3275000;6885000;10.2;14;7.1;0;10165;9.96
;;;Parkano;1060;20140901;2014;9;1;3275000;6885000;10.6;15.8;5.8;0;10482;10.39
;;;Parkano;1060;20140902;2014;9;2;3275000;6885000;11.8;16.1;9.9;0.1;5167;11.7
;;;Parkano;1060;20140903;2014;9;3;3275000;6885000;13.9;20.2;9.2;0.3;13045;13.66
;;;Parkano;1060;20140904;2014;9;4;3275000;6885000;13.8;20.3;9.1;0;13254;13.36
;;;Parkano;1060;20140905;2014;9;5;3275000;6885000;14.5;21.1;10.1;0;15010;12.96
;;;Parkano;1060;20140906;2014;9;6;3275000;6885000;11.6;15.7;9.1;0;9910;12.7
;;;Parkano;1060;20140907;2014;9;7;3275000;6885000;11;19.2;3.9;0;12517;11.12
;;;Parkano;1060;20140908;2014;9;8;3275000;6885000;13.6;21.2;5.2;0;12651;12.04
;;;Parkano;1060;20140909;2014;9;9;3275000;6885000;14.1;19.2;11.2;3.8;8187;14.56
;;;Parkano;1060;20140910;2014;9;10;3275000;6885000;13.6;19.2;9.8;0;10073;13.45
;;;Parkano;1060;20140911;2014;9;11;3275000;6885000;11.8;17;8.4;0;11063;12.77
;;;Parkano;1060;20140912;2014;9;12;3275000;6885000;12.6;15.8;9.5;0;6082;13.08
;;;Parkano;1060;20140913;2014;9;13;3275000;6885000;10.3;17.4;5;0;13647;9.4
;;;Parkano;1060;20140914;2014;9;14;3275000;6885000;10.2;18.6;1.6;0;10793;10.77
;;;Parkano;1060;20140915;2014;9;15;3275000;6885000;9.4;16.9;3.3;0;13401;8.74
;;;Parkano;1060;20140916;2014;9;16;3275000;6885000;8.5;17.4;0.4;0;12867;8.17
;;;Parkano;1060;20140917;2014;9;17;3275000;6885000;9.7;17.7;2.8;0;10098;10.39
;;;Parkano;1060;20140918;2014;9;18;3275000;6885000;10.8;16.2;5.4;0;9415;11.64
;;;Parkano;1060;20140919;2014;9;19;3275000;6885000;11.7;17;7.8;0;9256;11.52
;;;Parkano;1060;20140920;2014;9;20;3275000;6885000;9.6;15.8;3.8;0.1;7807;10.99
;;;Parkano;1060;20140921;2014;9;21;3275000;6885000;12.6;16.4;7.2;0;5180;12.81
;;;Parkano;1060;20140922;2014;9;22;3275000;6885000;5;11.6;2.8;0;4639;6.65
;;;Parkano;1060;20140923;2014;9;23;3275000;6885000;1.8;5.9;-1.9;0;12038;4.38
;;;Parkano;1060;20140924;2014;9;24;3275000;6885000;3;6.8;-0.9;0.2;7421;5.87
;;;Parkano;1060;20140925;2014;9;25;3275000;6885000;4.6;9.9;-0.9;0;4646;7.62
;;;Parkano;1060;20140926;2014;9;26;3275000;6885000;8.7;14.5;0.8;15.9;3968;10.34
;;;Parkano;1060;20140927;2014;9;27;3275000;6885000;9.1;12.3;6.3;0.2;9113;8.93
;;;Parkano;1060;20140928;2014;9;28;3275000;6885000;11.4;15.8;8;0;7872;10.28
;;;Parkano;1060;20140929;2014;9;29;3275000;6885000;9.4;13.7;5.1;0;8085;8.34
;;;Parkano;1060;20140930;2014;9;30;3275000;6885000;5.9;11;2.6;0;8121;7.07
;;;Parkano;1060;20141001;2014;10;1;3275000;6885000;3.1;11;-3.5;0;8997;6.9
;;;Parkano;1060;20141002;2014;10;2;3275000;6885000;8;11.6;2.7;0.4;4451;9.85
;;;Parkano;1060;20141003;2014;10;3;3275000;6885000;7.3;11.1;0.8;0.3;4422;10.19
;;;Parkano;1060;20141004;2014;10;4;3275000;6885000;11.1;13.1;9.3;0;4397;12.26
;;;Parkano;1060;20141005;2014;10;5;3275000;6885000;7.5;11.5;3.7;0;7511;8.76
;;;Parkano;1060;20141006;2014;10;6;3275000;6885000;3.2;5.8;-1.3;0;1810;6.67
;;;Parkano;1060;20141007;2014;10;7;3275000;6885000;6;8.5;4.2;0.2;4753;6.92
;;;Parkano;1060;20141008;2014;10;8;3275000;6885000;6.7;8.3;5.1;9.9;1024;9.1
;;;Parkano;1060;20141009;2014;10;9;3275000;6885000;9.4;11;8;9;3206;10.94
;;;Parkano;1060;20141010;2014;10;10;3275000;6885000;10.2;11;8.3;10.5;1646;12.14
;;;Parkano;1060;20141011;2014;10;11;3275000;6885000;8.4;10.5;7;0.5;1707;10.77
;;;Parkano;1060;20141012;2014;10;12;3275000;6885000;6.5;8.6;5.5;0.8;3118;9.22
;;;Parkano;1060;20141013;2014;10;13;3275000;6885000;5.8;7.3;4.8;0.4;1756;8.93
;;;Parkano;1060;20141014;2014;10;14;3275000;6885000;5.6;8.1;4.2;0;2425;8.45
;;;Parkano;1060;20141015;2014;10;15;3275000;6885000;-0.4;4.6;-2;0;2420;4.91
;;;Parkano;1060;20141016;2014;10;16;3275000;6885000;-0.4;3.2;-2.7;0;4220;4.76
;;;Parkano;1060;20141017;2014;10;17;3275000;6885000;-2;2.8;-6.4;0;4793;4.69
;;;Parkano;1060;20141018;2014;10;18;3275000;6885000;-0.8;2.4;-6.4;6;2616;5.01
;;;Parkano;1060;20141019;2014;10;19;3275000;6885000;5.8;8.4;1.2;5.3;971;9.15
;;;Parkano;1060;20141020;2014;10;20;3275000;6885000;2.9;7.4;1.6;0.3;1697;7.31
;;;Parkano;1060;20141021;2014;10;21;3275000;6885000;-1.1;1.7;-2.6;0;1157;4.56
;;;Parkano;1060;20141022;2014;10;22;3275000;6885000;-3.8;-1.3;-5.4;0;5177;3.14
;;;Parkano;1060;20141023;2014;10;23;3275000;6885000;-4.6;-2.2;-7.7;0;3398;3.35
;;;Parkano;1060;20141024;2014;10;24;3275000;6885000;-0.6;1.7;-3.6;1.4;1340;4.38
;;;Parkano;1060;20141025;2014;10;25;3275000;6885000;4.3;6.5;1.3;7.5;487;8.1
;;;Parkano;1060;20141026;2014;10;26;3275000;6885000;8.5;9.9;5.7;0.5;1167;10.28
;;;Parkano;1060;20141027;2014;10;27;3275000;6885000;9;11.5;5.7;2.5;1070;9.66
;;;Parkano;1060;20141028;2014;10;28;3275000;6885000;11.4;13.1;3.8;0.6;779;12.22
;;;Parkano;1060;20141029;2014;10;29;3275000;6885000;7.8;13.1;4.3;6.1;597;9.37
;;;Parkano;1060;20141030;2014;10;30;3275000;6885000;3.1;6.4;1.1;0;3895;6.93
;;;Parkano;1060;20141031;2014;10;31;3275000;6885000;1;4.3;-1.2;0;2102;6.28
;;;Parkano;1060;20141101;2014;11;1;3275000;6885000;-2.2;1.5;-5.6;6.9;3522;4.65
;;;Parkano;1060;20141102;2014;11;2;3275000;6885000;6.1;9.7;-1.1;5.7;373;9.57
;;;Parkano;1060;20141103;2014;11;3;3275000;6885000;9.4;10.2;9.2;7.7;273;11.58
;;;Parkano;1060;20141104;2014;11;4;3275000;6885000;8.7;10;7.1;14.4;327;10.89
;;;Parkano;1060;20141105;2014;11;5;3275000;6885000;-2.6;9.4;-5.7;0;1868;4.28
;;;Parkano;1060;20141106;2014;11;6;3275000;6885000;-3.9;-1.3;-7.9;7;900;4.12
;;;Parkano;1060;20141107;2014;11;7;3275000;6885000;-2.3;-1.3;-3;3.3;1136;5.06
;;;Parkano;1060;20141108;2014;11;8;3275000;6885000;-1.8;-0.8;-3;1;867;5.23
;;;Parkano;1060;20141109;2014;11;9;3275000;6885000;3.3;5.1;-1.2;0.7;651;7.73
;;;Parkano;1060;20141110;2014;11;10;3275000;6885000;4.8;6.2;3.5;13.5;325;8.35
;;;Parkano;1060;20141111;2014;11;11;3275000;6885000;6.5;7.9;3.7;5.4;522;9.56
;;;Parkano;1060;20141112;2014;11;12;3275000;6885000;2.4;6;-0.5;0.1;571;7.09
;;;Parkano;1060;20141113;2014;11;13;3275000;6885000;-0.8;0.1;-1.8;0.1;675;5.21
;;;Parkano;1060;20141114;2014;11;14;3275000;6885000;-0.3;0.8;-0.7;0;883;5.7
;;;Parkano;1060;20141115;2014;11;15;3275000;6885000;-1;0.5;-3.2;0;527;5.46
;;;Parkano;1060;20141116;2014;11;16;3275000;6885000;-0.6;0.4;-2.1;0;1089;5.72
;;;Parkano;1060;20141117;2014;11;17;3275000;6885000;-0.4;0.5;-1.4;0;418;5.38
;;;Parkano;1060;20141118;2014;11;18;3275000;6885000;-0.7;1;-2.1;0;446;5.52
;;;Parkano;1060;20141119;2014;11;19;3275000;6885000;-1.8;-0.5;-2.9;0;467;5.23
;;;Parkano;1060;20141120;2014;11;20;3275000;6885000;-3.1;-1.7;-3.9;0;379;4.48
;;;Parkano;1060;20141121;2014;11;21;3275000;6885000;-2.7;-2.1;-3.3;0;355;4.7
;;;Parkano;1060;20141122;2014;11;22;3275000;6885000;-2.9;-2.3;-3.9;0.4;588;4.69
;;;Parkano;1060;20141123;2014;11;23;3275000;6885000;-1.9;0.1;-5.3;0.5;605;5.29
;;;Parkano;1060;20141124;2014;11;24;3275000;6885000;0.9;2;-0.3;0.7;273;6.06
;;;Parkano;1060;20141125;2014;11;25;3275000;6885000;2.4;3.8;0.3;1.1;339;7.19
;;;Parkano;1060;20141126;2014;11;26;3275000;6885000;2.5;3.9;2.1;1.4;440;7.25
;;;Parkano;1060;20141127;2014;11;27;3275000;6885000;2.1;2.7;1.3;0.2;311;7
;;;Parkano;1060;20141128;2014;11;28;3275000;6885000;2;2.4;1.5;0.3;344;7
;;;Parkano;1060;20141129;2014;11;29;3275000;6885000;0.8;2.5;-0.4;0;387;6.36
;;;Parkano;1060;20141130;2014;11;30;3275000;6885000;-2.1;0;-3;0;663;5.1
;;;Parkano;1060;20141201;2014;12;1;3275000;6885000;-3.9;-2.1;-5.6;0.1;286;4.22
;;;Parkano;1060;20141202;2014;12;2;3275000;6885000;-0.5;2.1;-4.2;0.4;71;5.22
;;;Parkano;1060;20141203;2014;12;3;3275000;6885000;1.6;2.8;-0.7;0.1;889;6.4
;;;Parkano;1060;20141204;2014;12;4;3275000;6885000;2.6;5.8;-0.3;0;655;7
;;;Parkano;1060;20141205;2014;12;5;3275000;6885000;0.6;2.5;-1.8;3.9;212;6.36
;;;Parkano;1060;20141206;2014;12;6;3275000;6885000;0.5;2.5;-1.2;1.3;173;6.26
;;;Parkano;1060;20141207;2014;12;7;3275000;6885000;1;3.2;-2.2;9.3;404;6.37
;;;Parkano;1060;20141208;2014;12;8;3275000;6885000;2.7;4;1.6;0.5;252;7.08
;;;Parkano;1060;20141209;2014;12;9;3275000;6885000;1.2;2.3;-0.8;0;236;5.96
;;;Parkano;1060;20141210;2014;12;10;3275000;6885000;1.8;3.8;-0.7;5.5;177;6.21
;;;Parkano;1060;20141211;2014;12;11;3275000;6885000;2;3.2;0.4;5.7;268;6.75
;;;Parkano;1060;20141212;2014;12;12;3275000;6885000;1.2;2.8;0.5;1;235;6.45
;;;Parkano;1060;20141213;2014;12;13;3275000;6885000;-0.3;1.2;-2;0.6;308;5.91
;;;Parkano;1060;20141214;2014;12;14;3275000;6885000;-0.2;0.4;-2.3;0.1;432;5.85
;;;Parkano;1060;20141215;2014;12;15;3275000;6885000;2.2;3.3;-0.2;7.2;133;6.75
;;;Parkano;1060;20141216;2014;12;16;3275000;6885000;0.1;2.4;-0.9;2.1;542;5.86
;;;Parkano;1060;20141217;2014;12;17;3275000;6885000;-1.2;0.4;-3.1;0.1;294;5.57
;;;Parkano;1060;20141218;2014;12;18;3275000;6885000;-1.6;-0.5;-3.3;2.3;303;5.4
;;;Parkano;1060;20141219;2014;12;19;3275000;6885000;0.8;1.9;-0.7;5.1;190;6.45
;;;Parkano;1060;20141220;2014;12;20;3275000;6885000;-0.8;1.5;-1.8;0.1;438;5.37
;;;Parkano;1060;20141221;2014;12;21;3275000;6885000;-3.5;-1.3;-5.1;0;465;4.26
;;;Parkano;1060;20141222;2014;12;22;3275000;6885000;-5.1;-3.6;-7.4;0;255;3.86
;;;Parkano;1060;20141223;2014;12;23;3275000;6885000;-7.1;-5;-7.7;0.5;286;3.2
;;;Parkano;1060;20141224;2014;12;24;3275000;6885000;-9.5;-7.2;-12.6;2.2;306;2.79
;;;Parkano;1060;20141225;2014;12;25;3275000;6885000;-12;-9.3;-16.8;0.1;784;2.34
;;;Parkano;1060;20141226;2014;12;26;3275000;6885000;-6.4;-4;-10.1;0;859;3.62
;;;Parkano;1060;20141227;2014;12;27;3275000;6885000;-8.3;-6.1;-10.9;0;852;3.03
;;;Parkano;1060;20141228;2014;12;28;3275000;6885000;-13;-8.4;-17.4;0.2;314;2.16
;;;Parkano;1060;20141229;2014;12;29;3275000;6885000;-15.9;-9.7;-22.4;2.5;733;1.72
;;;Parkano;1060;20141230;2014;12;30;3275000;6885000;-1.2;1.3;-10.1;3.2;307;5.64
;;;Parkano;1060;20141231;2014;12;31;3275000;6885000;3.5;5.1;1.1;0;433;7.5
;;;Parkano;1060;20150101;2015;1;1;3275000;6885000;2.7;3.7;2;0;173;6.71
;;;Parkano;1060;20150102;2015;1;2;3275000;6885000;0;2.2;-0.6;0.4;113;5.74
;;;Parkano;1060;20150103;2015;1;3;3275000;6885000;-0.4;0;-0.8;0.3;131;5.4
;;;Parkano;1060;20150104;2015;1;4;3275000;6885000;0.4;0.9;0;2.8;89;6.25
;;;Parkano;1060;20150105;2015;1;5;3275000;6885000;1.1;2.3;0.1;0;199;6.65
;;;Parkano;1060;20150106;2015;1;6;3275000;6885000;0.6;1.9;-0.1;1.5;152;6.35
;;;Parkano;1060;20150107;2015;1;7;3275000;6885000;2.9;3.8;0.3;1.2;140;7.52
;;;Parkano;1060;20150108;2015;1;8;3275000;6885000;3.9;4.5;3.2;0.9;183;8.07
;;;Parkano;1060;20150109;2015;1;9;3275000;6885000;0.9;3.6;-0.2;0.5;269;6.55
;;;Parkano;1060;20150110;2015;1;10;3275000;6885000;-2.1;0.2;-4.5;0.7;301;5.16
;;;Parkano;1060;20150111;2015;1;11;3275000;6885000;-7.6;-4.4;-9.2;5.7;291;3.2
;;;Parkano;1060;20150112;2015;1;12;3275000;6885000;-12.2;-9.2;-13.4;0.5;505;2.11
;;;Parkano;1060;20150113;2015;1;13;3275000;6885000;-16.7;-11.4;-18.6;0;1647;1.48
;;;Parkano;1060;20150114;2015;1;14;3275000;6885000;-19.2;-16.6;-21.9;0;1475;1.17
;;;Parkano;1060;20150115;2015;1;15;3275000;6885000;-13.3;-9.9;-18.7;0;1316;1.97
;;;Parkano;1060;20150116;2015;1;16;3275000;6885000;-16.9;-13.7;-18.5;0;2261;1.45
;;;Parkano;1060;20150117;2015;1;17;3275000;6885000;-18.1;-14.5;-19.6;0;2306;1.3
;;;Parkano;1060;20150118;2015;1;18;3275000;6885000;-19.1;-15.5;-20.5;0;2316;1.2
;;;Parkano;1060;20150119;2015;1;19;3275000;6885000;-19.5;-13.8;-22.6;0;2471;1.15
;;;Parkano;1060;20150120;2015;1;20;3275000;6885000;-18.9;-14.9;-20.6;0;2304;1.21
;;;Parkano;1060;20150121;2015;1;21;3275000;6885000;-15.4;-12.1;-21.6;0.1;1349;1.75
;;;Parkano;1060;20150122;2015;1;22;3275000;6885000;-14.5;-9.6;-18.9;0;2057;1.88
;;;Parkano;1060;20150123;2015;1;23;3275000;6885000;-18.3;-15.4;-22.5;0;1949;1.3
;;;Parkano;1060;20150124;2015;1;24;3275000;6885000;-13.8;-10.2;-18.9;0;1050;1.99
;;;Parkano;1060;20150125;2015;1;25;3275000;6885000;-6.2;-5.1;-10.3;0.1;603;3.58
;;;Parkano;1060;20150126;2015;1;26;3275000;6885000;-6.7;-5.5;-7.5;0;823;3.29
;;;Parkano;1060;20150127;2015;1;27;3275000;6885000;-12.4;-7.2;-14;0.2;1685;2.15
;;;Parkano;1060;20150128;2015;1;28;3275000;6885000;-13.5;-11.5;-15.4;0;2516;1.91
;;;Parkano;1060;20150129;2015;1;29;3275000;6885000;-12.9;-9.4;-14.8;0;3019;2.05
;;;Parkano;1060;20150130;2015;1;30;3275000;6885000;-14.4;-11.3;-16.8;0;3751;1.81
;;;Parkano;1060;20150131;2015;1;31;3275000;6885000;-13.1;-11;-16.1;4.4;997;2
;;;Parkano;1060;20150201;2015;2;1;3275000;6885000;-7.7;-6.3;-11.1;0.1;480;3.24
;;;Parkano;1060;20150202;2015;2;2;3275000;6885000;-4.5;-3.6;-6.4;0.6;700;4.23
;;;Parkano;1060;20150203;2015;2;3;3275000;6885000;-0.3;0.5;-4.2;0;752;5.99
;;;Parkano;1060;20150204;2015;2;4;3275000;6885000;-0.2;0.8;-1.2;0;788;6
;;;Parkano;1060;20150205;2015;2;5;3275000;6885000;-3.2;-0.5;-4.5;0;673;4.46
;;;Parkano;1060;20150206;2015;2;6;3275000;6885000;-5.2;-4.4;-6.6;0;1285;3.9
;;;Parkano;1060;20150207;2015;2;7;3275000;6885000;-2.1;-0.4;-4.9;2.6;833;5.29
;;;Parkano;1060;20150208;2015;2;8;3275000;6885000;0.8;1.4;-0.4;3.1;477;6.4
;;;Parkano;1060;20150209;2015;2;9;3275000;6885000;1.2;2;0.4;0.9;1279;6.35
;;;Parkano;1060;20150210;2015;2;10;3275000;6885000;1;1.7;0.7;1.1;831;6.5
;;;Parkano;1060;20150211;2015;2;11;3275000;6885000;0.4;1.2;0;0.6;1027;6.25
;;;Parkano;1060;20150212;2015;2;12;3275000;6885000;-0.2;0.6;-0.6;0.7;1172;5.9
;;;Parkano;1060;20150213;2015;2;13;3275000;6885000;-0.3;0.1;-0.8;1.2;1243;5.65
;;;Parkano;1060;20150214;2015;2;14;3275000;6885000;-0.2;0.5;-1;0;887;5.88
;;;Parkano;1060;20150215;2015;2;15;3275000;6885000;-1;0;-1.3;1.2;742;5.15
;;;Parkano;1060;20150216;2015;2;16;3275000;6885000;0.4;1.3;-1.6;2.7;936;6.25
;;;Parkano;1060;20150217;2015;2;17;3275000;6885000;1.1;1.8;0.7;0.4;1170;6.59
;;;Parkano;1060;20150218;2015;2;18;3275000;6885000;0.3;1.3;-0.1;0.6;1749;6.16
;;;Parkano;1060;20150219;2015;2;19;3275000;6885000;-1.5;0.1;-2.5;0.1;1637;5.2
;;;Parkano;1060;20150220;2015;2;20;3275000;6885000;-4.7;-2.4;-5.1;0.1;1877;3.8
;;;Parkano;1060;20150221;2015;2;21;3275000;6885000;-3.8;-1.8;-6.2;8.1;2495;3.9
;;;Parkano;1060;20150222;2015;2;22;3275000;6885000;0.3;1.3;-2;3;1959;6.2
;;;Parkano;1060;20150223;2015;2;23;3275000;6885000;2.4;3.9;0.6;0.4;1653;6.85
;;;Parkano;1060;20150224;2015;2;24;3275000;6885000;4.7;7.1;2.7;0;1676;7.21
;;;Parkano;1060;20150225;2015;2;25;3275000;6885000;2.1;4.7;1.4;0;1577;6.11
;;;Parkano;1060;20150226;2015;2;26;3275000;6885000;-1;1.7;-2.7;0;2007;4.96
;;;Parkano;1060;20150227;2015;2;27;3275000;6885000;-0.6;0.1;-1.3;0;1375;4.97
;;;Parkano;1060;20150228;2015;2;28;3275000;6885000;-0.1;1.1;-1.1;0;1862;5.49
;;;Parkano;1060;20150301;2015;3;1;3275000;6885000;0.1;2.9;-1.3;0;4243;5.05
;;;Parkano;1060;20150302;2015;3;2;3275000;6885000;-0.8;0.2;-2.3;1.3;1216;5.44
;;;Parkano;1060;20150303;2015;3;3;3275000;6885000;0.1;0.6;-0.3;2.8;1450;6.11
;;;Parkano;1060;20150304;2015;3;4;3275000;6885000;-0.1;0.4;-1;0;1662;5.95
;;;Parkano;1060;20150305;2015;3;5;3275000;6885000;1.1;2.7;-0.1;0;3612;5.87
;;;Parkano;1060;20150306;2015;3;6;3275000;6885000;1;3.4;-1.3;0;3904;5.65
;;;Parkano;1060;20150307;2015;3;7;3275000;6885000;3.1;4.3;1.4;16.7;1565;7.16
;;;Parkano;1060;20150308;2015;3;8;3275000;6885000;3;5.1;1;0.6;7116;5.94
;;;Parkano;1060;20150309;2015;3;9;3275000;6885000;3.9;7.3;0.6;0;6567;6.05
;;;Parkano;1060;20150310;2015;3;10;3275000;6885000;3.7;6.4;2.2;0;4020;6.93
;;;Parkano;1060;20150311;2015;3;11;3275000;6885000;3.2;5.9;0.9;0;8022;5.24
;;;Parkano;1060;20150312;2015;3;12;3275000;6885000;4.8;9.1;1;0;4804;6.4
;;;Parkano;1060;20150313;2015;3;13;3275000;6885000;4.6;10.1;-0.1;0;8861;6.12
;;;Parkano;1060;20150314;2015;3;14;3275000;6885000;2.3;5.4;0.6;0.1;8897;4.68
;;;Parkano;1060;20150315;2015;3;15;3275000;6885000;-0.4;2.5;-1.6;0.7;6951;4.56
;;;Parkano;1060;20150316;2015;3;16;3275000;6885000;-3.7;-0.7;-4.9;0.2;7323;3.64
;;;Parkano;1060;20150317;2015;3;17;3275000;6885000;-6.8;-0.7;-12.9;0.2;11067;2.58
;;;Parkano;1060;20150318;2015;3;18;3275000;6885000;-3.4;0.4;-8.3;2.3;4939;4.27
;;;Parkano;1060;20150319;2015;3;19;3275000;6885000;-5.7;-2.3;-7.6;0.1;8043;3.22
;;;Parkano;1060;20150320;2015;3;20;3275000;6885000;-6.9;-2.8;-14.7;3.7;5506;3.43
;;;Parkano;1060;20150321;2015;3;21;3275000;6885000;4.7;7.7;-3.6;0;6781;6.41
;;;Parkano;1060;20150322;2015;3;22;3275000;6885000;2.3;6.3;-1.2;0;11500;5.76
;;;Parkano;1060;20150323;2015;3;23;3275000;6885000;0.8;2.6;-0.5;1.6;3377;6.15
;;;Parkano;1060;20150324;2015;3;24;3275000;6885000;2.5;8.2;-0.5;0;12957;5.48
;;;Parkano;1060;20150325;2015;3;25;3275000;6885000;1;7.4;-5.6;0;13711;4.32
;;;Parkano;1060;20150326;2015;3;26;3275000;6885000;0.7;8.2;-5;0;14610;3.23
;;;Parkano;1060;20150327;2015;3;27;3275000;6885000;1.2;11.1;-7.7;0;14259;3.41
;;;Parkano;1060;20150328;2015;3;28;3275000;6885000;2;8.6;-3.5;0;14429;4.37
;;;Parkano;1060;20150329;2015;3;29;3275000;6885000;3.1;10;-3.1;0;14416;5.13
;;;Parkano;1060;20150330;2015;3;30;3275000;6885000;1.3;5.3;-1.3;0.1;11295;4.31
;;;Parkano;1060;20150331;2015;3;31;3275000;6885000;-0.3;4.8;-4.9;0.2;14115;3.83
;;;Parkano;1060;20150401;2015;4;1;3275000;6885000;-1.3;2.2;-3.2;0;9982;3.71
;;;Parkano;1060;20150402;2015;4;2;3275000;6885000;-0.9;4.5;-6;0;13048;3.98
;;;Parkano;1060;20150403;2015;4;3;3275000;6885000;0;4.4;-2.4;0;12901;3.97
;;;Parkano;1060;20150404;2015;4;4;3275000;6885000;-1.1;4.8;-7.5;0;15829;3.3
;;;Parkano;1060;20150405;2015;4;5;3275000;6885000;2.1;8.2;-3.7;0;13561;4.75
;;;Parkano;1060;20150406;2015;4;6;3275000;6885000;3.2;8.3;-0.6;0;7743;5.69
;;;Parkano;1060;20150407;2015;4;7;3275000;6885000;2.1;7;-1.4;0;8645;5.81
;;;Parkano;1060;20150408;2015;4;8;3275000;6885000;1.9;8;-2.6;0;13890;3.64
;;;Parkano;1060;20150409;2015;4;9;3275000;6885000;0.7;6.3;-5.1;0;18577;2.54
;;;Parkano;1060;20150410;2015;4;10;3275000;6885000;1.3;6.8;-6.2;0.7;18002;2.91
;;;Parkano;1060;20150411;2015;4;11;3275000;6885000;2.4;3.9;0.4;2.1;2503;6.73
;;;Parkano;1060;20150412;2015;4;12;3275000;6885000;5.6;11;2.4;5.4;15273;6.73
;;;Parkano;1060;20150413;2015;4;13;3275000;6885000;4.2;7.2;2.4;3.4;5174;7.93
;;;Parkano;1060;20150414;2015;4;14;3275000;6885000;5;9.5;3;0;11791;6.9
;;;Parkano;1060;20150415;2015;4;15;3275000;6885000;2.8;7;-0.2;0;13098;5.04
;;;Parkano;1060;20150416;2015;4;16;3275000;6885000;2.4;8.4;-5.6;0;19444;4.01
;;;Parkano;1060;20150417;2015;4;17;3275000;6885000;5.8;12.1;0.7;1.2;12540;5.65
;;;Parkano;1060;20150418;2015;4;18;3275000;6885000;5.3;8;3.1;0.3;5209;8.04
;;;Parkano;1060;20150419;2015;4;19;3275000;6885000;5.9;11;1.9;0;15748;7.35
;;;Parkano;1060;20150420;2015;4;20;3275000;6885000;7.9;14.3;2;0;14822;7.3
;;;Parkano;1060;20150421;2015;4;21;3275000;6885000;10.7;17.9;3.9;0;16875;7.57
;;;Parkano;1060;20150422;2015;4;22;3275000;6885000;7;14;-0.5;0;21464;5.48
;;;Parkano;1060;20150423;2015;4;23;3275000;6885000;3.1;8.4;-1.8;0;22637;3.43
;;;Parkano;1060;20150424;2015;4;24;3275000;6885000;3.7;10.9;-5.4;0;22981;3.5
;;;Parkano;1060;20150425;2015;4;25;3275000;6885000;7.1;16.7;-2.7;0;22557;4.74
;;;Parkano;1060;20150426;2015;4;26;3275000;6885000;7.8;16.6;-3;0;22019;4.57
;;;Parkano;1060;20150427;2015;4;27;3275000;6885000;9;17.6;-1.7;0;17590;4.88
;;;Parkano;1060;20150428;2015;4;28;3275000;6885000;8.6;15.1;1.9;0;11448;5.82
;;;Parkano;1060;20150429;2015;4;29;3275000;6885000;5.7;10.6;3.9;0;16348;5.69
;;;Parkano;1060;20150430;2015;4;30;3275000;6885000;2.8;7.5;-2.3;0.6;16138;5.1
;;;Parkano;1060;20150501;2015;5;1;3275000;6885000;2;7.1;-1.9;0;16526;3.92
;;;Parkano;1060;20150502;2015;5;2;3275000;6885000;2.1;8.2;-4.5;0;17809;4.36
;;;Parkano;1060;20150503;2015;5;3;3275000;6885000;2.6;8.7;-3.3;0.1;16943;4.81
;;;Parkano;1060;20150504;2015;5;4;3275000;6885000;1.7;5.7;-0.7;2.8;12499;5.73
;;;Parkano;1060;20150505;2015;5;5;3275000;6885000;3.5;8.6;-0.1;0;23308;4.62
;;;Parkano;1060;20150506;2015;5;6;3275000;6885000;3;8.6;-3.1;0;19990;3.51
;;;Parkano;1060;20150507;2015;5;7;3275000;6885000;4.5;10.9;-4.3;0;21823;3.96
;;;Parkano;1060;20150508;2015;5;8;3275000;6885000;4.2;11;-0.8;4.9;13378;5.52
;;;Parkano;1060;20150509;2015;5;9;3275000;6885000;7.2;10.7;2.2;7.3;5234;9.65
;;;Parkano;1060;20150510;2015;5;10;3275000;6885000;7.1;10.5;4.3;2.4;8767;8.32
;;;Parkano;1060;20150511;2015;5;11;3275000;6885000;7.7;12.3;4.8;3.9;10170;9.57
;;;Parkano;1060;20150512;2015;5;12;3275000;6885000;8.7;13;6.5;1.4;10551;9.41
;;;Parkano;1060;20150513;2015;5;13;3275000;6885000;6.9;11.1;2.4;0;7991;8.2
;;;Parkano;1060;20150514;2015;5;14;3275000;6885000;5.6;9;3.8;0.2;22967;5.04
;;;Parkano;1060;20150515;2015;5;15;3275000;6885000;5.5;10.9;-2.4;0;18568;5.38
;;;Parkano;1060;20150516;2015;5;16;3275000;6885000;8.8;14.6;4.7;0.1;12686;7.98
;;;Parkano;1060;20150517;2015;5;17;3275000;6885000;13.3;20.1;3.5;0;26027;7.88
;;;Parkano;1060;20150518;2015;5;18;3275000;6885000;17.1;24.7;8.4;0;25449;8.69
;;;Parkano;1060;20150519;2015;5;19;3275000;6885000;18.4;27.7;11.1;8.4;17355;14.27
;;;Parkano;1060;20150520;2015;5;20;3275000;6885000;16.6;21.6;13.1;0;19168;13.26
;;;Parkano;1060;20150521;2015;5;21;3275000;6885000;15;21.8;7.2;0;17901;12
;;;Parkano;1060;20150522;2015;5;22;3275000;6885000;18.2;26;8.2;0;25968;11.74
;;;Parkano;1060;20150523;2015;5;23;3275000;6885000;21.8;28.2;13.7;0;24619;12.12
;;;Parkano;1060;20150524;2015;5;24;3275000;6885000;23.2;28.9;16.2;3.5;24281;12.91
;;;Parkano;1060;20150525;2015;5;25;3275000;6885000;19.4;26;14.5;5.7;15506;16.93
;;;Parkano;1060;20150526;2015;5;26;3275000;6885000;10.8;19.8;7.6;1.5;10863;11.67
;;;Parkano;1060;20150527;2015;5;27;3275000;6885000;5.2;9.3;2.9;0.3;10226;6.94
;;;Parkano;1060;20150528;2015;5;28;3275000;6885000;8;13;4;0;17441;7.04
;;;Parkano;1060;20150529;2015;5;29;3275000;6885000;8.8;13.1;4.8;6.9;12334;9.22
;;;Parkano;1060;20150530;2015;5;30;3275000;6885000;11.8;16.3;8.3;0.5;10701;11.95
;;;Parkano;1060;20150531;2015;5;31;3275000;6885000;9.9;14.5;8.1;8.4;10839;10.98
;;;Parkano;1060;20150601;2015;6;1;3275000;6885000;9.9;14.2;6.5;0;12888;10.6
;;;Parkano;1060;20150602;2015;6;2;3275000;6885000;12.2;18.4;3.5;0;28696;9.29
;;;Parkano;1060;20150603;2015;6;3;3275000;6885000;14.6;20.3;7.2;0.7;17685;12.82
;;;Parkano;1060;20150604;2015;6;4;3275000;6885000;17.8;24.4;13.8;1.3;16029;17
;;;Parkano;1060;20150605;2015;6;5;3275000;6885000;21.6;27.6;13.3;0;21408;14.04
;;;Parkano;1060;20150606;2015;6;6;3275000;6885000;17.9;24.4;13.7;1.5;18030;15.01
;;;Parkano;1060;20150607;2015;6;7;3275000;6885000;15.5;21.8;12.6;0.5;14061;14.89
;;;Parkano;1060;20150608;2015;6;8;3275000;6885000;15.5;22.1;8.4;0;22119;12.12
;;;Parkano;1060;20150609;2015;6;9;3275000;6885000;14.9;23.3;6.9;2.2;21053;13.24
;;;Parkano;1060;20150610;2015;6;10;3275000;6885000;14.1;19;12;0;15562;12.65
;;;Parkano;1060;20150611;2015;6;11;3275000;6885000;15.8;22.9;6.2;10.7;25322;10.78
;;;Parkano;1060;20150612;2015;6;12;3275000;6885000;13.1;19.2;12;17.2;5427;14.36
;;;Parkano;1060;20150613;2015;6;13;3275000;6885000;10.5;14.1;8.1;1.9;7704;11.94
;;;Parkano;1060;20150614;2015;6;14;3275000;6885000;10.8;15.5;6.8;0;27860;7.41
;;;Parkano;1060;20150615;2015;6;15;3275000;6885000;12;18.7;2.8;0;28886;7.32
;;;Parkano;1060;20150616;2015;6;16;3275000;6885000;9.4;15.3;6.6;2.8;18043;8.1
;;;Parkano;1060;20150617;2015;6;17;3275000;6885000;6.8;11;1.7;0.5;25736;5.86
;;;Parkano;1060;20150618;2015;6;18;3275000;6885000;11.2;15.4;6.1;0.2;18824;9.08
;;;Parkano;1060;20150619;2015;6;19;3275000;6885000;11.2;15.3;7.8;0;16575;8.94
;;;Parkano;1060;20150620;2015;6;20;3275000;6885000;7;11.7;3.8;1.7;17604;8.06
;;;Parkano;1060;20150621;2015;6;21;3275000;6885000;6.7;10.8;2;3.4;18770;7.61
;;;Parkano;1060;20150622;2015;6;22;3275000;6885000;7.2;11;3.8;11;12936;8.97
;;;Parkano;1060;20150623;2015;6;23;3275000;6885000;9.6;14.8;6.4;3.1;13685;10.65
;;;Parkano;1060;20150624;2015;6;24;3275000;6885000;11.3;17;7.1;2.1;18694;9.92
;;;Parkano;1060;20150625;2015;6;25;3275000;6885000;9.6;13.4;5.4;0;17011;7.71
;;;Parkano;1060;20150626;2015;6;26;3275000;6885000;10.6;16.6;3;0;25510;7.27
;;;Parkano;1060;20150627;2015;6;27;3275000;6885000;11.4;17.8;3;0;25335;7.62
;;;Parkano;1060;20150628;2015;6;28;3275000;6885000;11.1;17.8;3.2;0;26778;8.24
;;;Parkano;1060;20150629;2015;6;29;3275000;6885000;12.2;17.7;6.1;0.2;15753;10.03
;;;Parkano;1060;20150630;2015;6;30;3275000;6885000;11.7;15;9.7;0;6018;11.86
;;;Parkano;1060;20150701;2015;7;1;3275000;6885000;13.7;18.4;7;3.5;17410;10.41
;;;Parkano;1060;20150702;2015;7;2;3275000;6885000;10.1;15.9;9.7;14.4;6189;11.86
;;;Parkano;1060;20150703;2015;7;3;3275000;6885000;13.8;19.8;8.9;3.5;24362;12.66
;;;Parkano;1060;20150704;2015;7;4;3275000;6885000;14.8;19.9;10.9;0.2;26239;11.72
;;;Parkano;1060;20150705;2015;7;5;3275000;6885000;16.1;23.3;6;0;26200;10.39
;;;Parkano;1060;20150706;2015;7;6;3275000;6885000;18.4;24.8;9.3;0;28249;12.38
;;;Parkano;1060;20150707;2015;7;7;3275000;6885000;20.3;26.6;11.2;0;25259;14.76
;;;Parkano;1060;20150708;2015;7;8;3275000;6885000;22;27.9;14.3;0.3;26105;14.65
;;;Parkano;1060;20150709;2015;7;9;3275000;6885000;21.8;27.8;15.5;0;23143;16.29
;;;Parkano;1060;20150710;2015;7;10;3275000;6885000;17.7;24.7;14.5;0;19884;15.34
;;;Parkano;1060;20150711;2015;7;11;3275000;6885000;16.2;22.7;7.4;0;28716;10.39
;;;Parkano;1060;20150712;2015;7;12;3275000;6885000;16;21.2;8.5;0.2;18389;12.56
;;;Parkano;1060;20150713;2015;7;13;3275000;6885000;20.3;26.4;13.6;0.6;15344;17.09
;;;Parkano;1060;20150714;2015;7;14;3275000;6885000;19.5;25;16.6;2.4;14335;18.79
;;;Parkano;1060;20150715;2015;7;15;3275000;6885000;16.7;22.2;11.1;5;15967;16.18
;;;Parkano;1060;20150716;2015;7;16;3275000;6885000;17.1;20.4;14.5;8.2;13925;16.71
;;;Parkano;1060;20150717;2015;7;17;3275000;6885000;17.7;24;11;0;21762;15.2
;;;Parkano;1060;20150718;2015;7;18;3275000;6885000;19.1;24.9;11.3;0;23658;15.24
;;;Parkano;1060;20150719;2015;7;19;3275000;6885000;18.7;24.2;15.9;2;16518;18.3
;;;Parkano;1060;20150720;2015;7;20;3275000;6885000;20.2;26.6;13.8;0.2;19682;17.22
;;;Parkano;1060;20150721;2015;7;21;3275000;6885000;20.8;26.8;15;0;23419;14.24
;;;Parkano;1060;20150722;2015;7;22;3275000;6885000;21;27.6;12.4;0;25632;13.43
;;;Parkano;1060;20150723;2015;7;23;3275000;6885000;21.7;29.2;12;0.3;23952;15.29
;;;Parkano;1060;20150724;2015;7;24;3275000;6885000;23;29.8;14.8;0.1;23391;16.61
;;;Parkano;1060;20150725;2015;7;25;3275000;6885000;23.4;30;15.4;0;24070;15.34
;;;Parkano;1060;20150726;2015;7;26;3275000;6885000;23.3;31;14;0;23921;15.3
;;;Parkano;1060;20150727;2015;7;27;3275000;6885000;21.2;28.7;13.8;3.9;21777;16.96
;;;Parkano;1060;20150728;2015;7;28;3275000;6885000;21.7;26.9;15.8;0;18817;18.63
;;;Parkano;1060;20150729;2015;7;29;3275000;6885000;20.1;26.7;16.6;4.9;17511;19.39
;;;Parkano;1060;20150730;2015;7;30;3275000;6885000;20.3;27.9;13.6;6.8;19322;18.63
;;;Parkano;1060;20150731;2015;7;31;3275000;6885000;19.4;22.2;16.2;13.1;12878;19.3
;;;Parkano;1060;20150801;2015;8;1;3275000;6885000;19;23.7;14.2;0;19491;15.9
;;;Parkano;1060;20150802;2015;8;2;3275000;6885000;19.9;25.6;14.7;0;21473;15.77
;;;Parkano;1060;20150803;2015;8;3;3275000;6885000;21;26;14.1;0;17164;16.49
;;;Parkano;1060;20150804;2015;8;4;3275000;6885000;24.1;30.4;17.4;0;21960;18.13
;;;Parkano;1060;20150805;2015;8;5;3275000;6885000;23.6;29.6;16.7;0;22421;16.61
;;;Parkano;1060;20150806;2015;8;6;3275000;6885000;22.7;29.5;15.1;0;20154;15.23
;;;Parkano;1060;20150807;2015;8;7;3275000;6885000;19.8;28.2;16.4;10;13939;17.63
;;;Parkano;1060;20150808;2015;8;8;3275000;6885000;19.8;25;16;0.2;17296;18.04
;;;Parkano;1060;20150809;2015;8;9;3275000;6885000;19.4;25.7;14.4;0;14694;16.94
;;;Parkano;1060;20150810;2015;8;10;3275000;6885000;17.9;23.2;13.6;0.7;14560;17.14
;;;Parkano;1060;20150811;2015;8;11;3275000;6885000;18.3;24.9;10.8;0.4;14935;16.71
;;;Parkano;1060;20150812;2015;8;12;3275000;6885000;17.5;21.3;15.8;0.6;17354;14.09
;;;Parkano;1060;20150813;2015;8;13;3275000;6885000;14.7;18.5;11.1;1.8;14211;13.35
;;;Parkano;1060;20150814;2015;8;14;3275000;6885000;14.9;21.2;10.8;1.9;14514;14.02
;;;Parkano;1060;20150815;2015;8;15;3275000;6885000;14.2;20.1;9.4;1.8;15024;13.74
;;;Parkano;1060;20150816;2015;8;16;3275000;6885000;13.4;19.9;7;0;17343;10.73
;;;Parkano;1060;20150817;2015;8;17;3275000;6885000;13.2;18.2;6;0;16122;10.67
;;;Parkano;1060;20150818;2015;8;18;3275000;6885000;13.5;15.8;10.5;4;6718;14.1
;;;Parkano;1060;20150819;2015;8;19;3275000;6885000;13.4;17;11.2;4;12100;13.21
;;;Parkano;1060;20150820;2015;8;20;3275000;6885000;12.9;17.7;10;9.1;9515;12.58
;;;Parkano;1060;20150821;2015;8;21;3275000;6885000;13.1;17.3;11.3;5.9;10347;13.88
;;;Parkano;1060;20150822;2015;8;22;3275000;6885000;12.2;16.7;8.8;10.7;12021;12.74
;;;Parkano;1060;20150823;2015;8;23;3275000;6885000;12.7;16.6;9.7;6.7;8887;13
;;;Parkano;1060;20150824;2015;8;24;3275000;6885000;11.9;17.4;9.6;3.1;11812;12.02
;;;Parkano;1060;20150825;2015;8;25;3275000;6885000;10.7;15.9;5.3;6.1;9453;11.78
;;;Parkano;1060;20150826;2015;8;26;3275000;6885000;12.4;14;10.8;12.2;4514;13.92
;;;Parkano;1060;20150827;2015;8;27;3275000;6885000;13.2;17;12.2;4;8291;14.16
;;;Parkano;1060;20150828;2015;8;28;3275000;6885000;13.9;17.7;11.9;1.9;11461;13.74
;;;Parkano;1060;20150829;2015;8;29;3275000;6885000;11.3;14;9.8;0.1;7159;11.59
;;;Parkano;1060;20150830;2015;8;30;3275000;6885000;9.5;13.1;5.6;0;11487;9.17
;;;Parkano;1060;20150831;2015;8;31;3275000;6885000;10.2;14;7.1;0;10165;9.96
;;;Parkano;1060;20150901;2015;9;1;3275000;6885000;10.6;15.8;5.8;0;10482;10.39
;;;Parkano;1060;20150902;2015;9;2;3275000;6885000;11.8;16.1;9.9;0.1;5167;11.7
;;;Parkano;1060;20150903;2015;9;3;3275000;6885000;13.9;20.2;9.2;0.3;13045;13.66
;;;Parkano;1060;20150904;2015;9;4;3275000;6885000;13.8;20.3;9.1;0;13254;13.36
;;;Parkano;1060;20150905;2015;9;5;3275000;6885000;14.5;21.1;10.1;0;15010;12.96
;;;Parkano;1060;20150906;2015;9;6;3275000;6885000;11.6;15.7;9.1;0;9910;12.7
;;;Parkano;1060;20150907;2015;9;7;3275000;6885000;11;19.2;3.9;0;12517;11.12
;;;Parkano;1060;20150908;2015;9;8;3275000;6885000;13.6;21.2;5.2;0;12651;12.04
;;;Parkano;1060;20150909;2015;9;9;3275000;6885000;14.1;19.2;11.2;3.8;8187;14.56
;;;Parkano;1060;20150910;2015;9;10;3275000;6885000;13.6;19.2;9.8;0;10073;13.45
;;;Parkano;1060;20150911;2015;9;11;3275000;6885000;11.8;17;8.4;0;11063;12.77
;;;Parkano;1060;20150912;2015;9;12;3275000;6885000;12.6;15.8;9.5;0;6082;13.08
;;;Parkano;1060;20150913;2015;9;13;3275000;6885000;10.3;17.4;5;0;13647;9.4
;;;Parkano;1060;20150914;2015;9;14;3275000;6885000;10.2;18.6;1.6;0;10793;10.77
;;;Parkano;1060;20150915;2015;9;15;3275000;6885000;9.4;16.9;3.3;0;13401;8.74
;;;Parkano;1060;20150916;2015;9;16;3275000;6885000;8.5;17.4;0.4;0;12867;8.17
;;;Parkano;1060;20150917;2015;9;17;3275000;6885000;9.7;17.7;2.8;0;10098;10.39
;;;Parkano;1060;20150918;2015;9;18;3275000;6885000;10.8;16.2;5.4;0;9415;11.64
;;;Parkano;1060;20150919;2015;9;19;3275000;6885000;11.7;17;7.8;0;9256;11.52
;;;Parkano;1060;20150920;2015;9;20;3275000;6885000;9.6;15.8;3.8;0.1;7807;10.99
;;;Parkano;1060;20150921;2015;9;21;3275000;6885000;12.6;16.4;7.2;0;5180;12.81
;;;Parkano;1060;20150922;2015;9;22;3275000;6885000;5;11.6;2.8;0;4639;6.65
;;;Parkano;1060;20150923;2015;9;23;3275000;6885000;1.8;5.9;-1.9;0;12038;4.38
;;;Parkano;1060;20150924;2015;9;24;3275000;6885000;3;6.8;-0.9;0.2;7421;5.87
;;;Parkano;1060;20150925;2015;9;25;3275000;6885000;4.6;9.9;-0.9;0;4646;7.62
;;;Parkano;1060;20150926;2015;9;26;3275000;6885000;8.7;14.5;0.8;15.9;3968;10.34
;;;Parkano;1060;20150927;2015;9;27;3275000;6885000;9.1;12.3;6.3;0.2;9113;8.93
;;;Parkano;1060;20150928;2015;9;28;3275000;6885000;11.4;15.8;8;0;7872;10.28
;;;Parkano;1060;20150929;2015;9;29;3275000;6885000;9.4;13.7;5.1;0;8085;8.34
;;;Parkano;1060;20150930;2015;9;30;3275000;6885000;5.9;11;2.6;0;8121;7.07
;;;Parkano;1060;20151001;2015;10;1;3275000;6885000;3.1;11;-3.5;0;8997;6.9
;;;Parkano;1060;20151002;2015;10;2;3275000;6885000;8;11.6;2.7;0.4;4451;9.85
;;;Parkano;1060;20151003;2015;10;3;3275000;6885000;7.3;11.1;0.8;0.3;4422;10.19
;;;Parkano;1060;20151004;2015;10;4;3275000;6885000;11.1;13.1;9.3;0;4397;12.26
;;;Parkano;1060;20151005;2015;10;5;3275000;6885000;7.5;11.5;3.7;0;7511;8.76
;;;Parkano;1060;20151006;2015;10;6;3275000;6885000;3.2;5.8;-1.3;0;1810;6.67
;;;Parkano;1060;20151007;2015;10;7;3275000;6885000;6;8.5;4.2;0.2;4753;6.92
;;;Parkano;1060;20151008;2015;10;8;3275000;6885000;6.7;8.3;5.1;9.9;1024;9.1
;;;Parkano;1060;20151009;2015;10;9;3275000;6885000;9.4;11;8;9;3206;10.94
;;;Parkano;1060;20151010;2015;10;10;3275000;6885000;10.2;11;8.3;10.5;1646;12.14
;;;Parkano;1060;20151011;2015;10;11;3275000;6885000;8.4;10.5;7;0.5;1707;10.77
;;;Parkano;1060;20151012;2015;10;12;3275000;6885000;6.5;8.6;5.5;0.8;3118;9.22
;;;Parkano;1060;20151013;2015;10;13;3275000;6885000;5.8;7.3;4.8;0.4;1756;8.93
;;;Parkano;1060;20151014;2015;10;14;3275000;6885000;5.6;8.1;4.2;0;2425;8.45
;;;Parkano;1060;20151015;2015;10;15;3275000;6885000;-0.4;4.6;-2;0;2420;4.91
;;;Parkano;1060;20151016;2015;10;16;3275000;6885000;-0.4;3.2;-2.7;0;4220;4.76
;;;Parkano;1060;20151017;2015;10;17;3275000;6885000;-2;2.8;-6.4;0;4793;4.69
;;;Parkano;1060;20151018;2015;10;18;3275000;6885000;-0.8;2.4;-6.4;6;2616;5.01
;;;Parkano;1060;20151019;2015;10;19;3275000;6885000;5.8;8.4;1.2;5.3;971;9.15
;;;Parkano;1060;20151020;2015;10;20;3275000;6885000;2.9;7.4;1.6;0.3;1697;7.31
;;;Parkano;1060;20151021;2015;10;21;3275000;6885000;-1.1;1.7;-2.6;0;1157;4.56
;;;Parkano;1060;20151022;2015;10;22;3275000;6885000;-3.8;-1.3;-5.4;0;5177;3.14
;;;Parkano;1060;20151023;2015;10;23;3275000;6885000;-4.6;-2.2;-7.7;0;3398;3.35
;;;Parkano;1060;20151024;2015;10;24;3275000;6885000;-0.6;1.7;-3.6;1.4;1340;4.38
;;;Parkano;1060;20151025;2015;10;25;3275000;6885000;4.3;6.5;1.3;7.5;487;8.1
;;;Parkano;1060;20151026;2015;10;26;3275000;6885000;8.5;9.9;5.7;0.5;1167;10.28
;;;Parkano;1060;20151027;2015;10;27;3275000;6885000;9;11.5;5.7;2.5;1070;9.66
;;;Parkano;1060;20151028;2015;10;28;3275000;6885000;11.4;13.1;3.8;0.6;779;12.22
;;;Parkano;1060;20151029;2015;10;29;3275000;6885000;7.8;13.1;4.3;6.1;597;9.37
;;;Parkano;1060;20151030;2015;10;30;3275000;6885000;3.1;6.4;1.1;0;3895;6.93
;;;Parkano;1060;20151031;2015;10;31;3275000;6885000;1;4.3;-1.2;0;2102;6.28
;;;Parkano;1060;20151101;2015;11;1;3275000;6885000;-2.2;1.5;-5.6;6.9;3522;4.65
;;;Parkano;1060;20151102;2015;11;2;3275000;6885000;6.1;9.7;-1.1;5.7;373;9.57
;;;Parkano;1060;20151103;2015;11;3;3275000;6885000;9.4;10.2;9.2;7.7;273;11.58
;;;Parkano;1060;20151104;2015;11;4;3275000;6885000;8.7;10;7.1;14.4;327;10.89
;;;Parkano;1060;20151105;2015;11;5;3275000;6885000;-2.6;9.4;-5.7;0;1868;4.28
;;;Parkano;1060;20151106;2015;11;6;3275000;6885000;-3.9;-1.3;-7.9;7;900;4.12
;;;Parkano;1060;20151107;2015;11;7;3275000;6885000;-2.3;-1.3;-3;3.3;1136;5.06
;;;Parkano;1060;20151108;2015;11;8;3275000;6885000;-1.8;-0.8;-3;1;867;5.23
;;;Parkano;1060;20151109;2015;11;9;3275000;6885000;3.3;5.1;-1.2;0.7;651;7.73
;;;Parkano;1060;20151110;2015;11;10;3275000;6885000;4.8;6.2;3.5;13.5;325;8.35
;;;Parkano;1060;20151111;2015;11;11;3275000;6885000;6.5;7.9;3.7;5.4;522;9.56
;;;Parkano;1060;20151112;2015;11;12;3275000;6885000;2.4;6;-0.5;0.1;571;7.09
;;;Parkano;1060;20151113;2015;11;13;3275000;6885000;-0.8;0.1;-1.8;0.1;675;5.21
;;;Parkano;1060;20151114;2015;11;14;3275000;6885000;-0.3;0.8;-0.7;0;883;5.7
;;;Parkano;1060;20151115;2015;11;15;3275000;6885000;-1;0.5;-3.2;0;527;5.46
;;;Parkano;1060;20151116;2015;11;16;3275000;6885000;-0.6;0.4;-2.1;0;1089;5.72
;;;Parkano;1060;20151117;2015;11;17;3275000;6885000;-0.4;0.5;-1.4;0;418;5.38
;;;Parkano;1060;20151118;2015;11;18;3275000;6885000;-0.7;1;-2.1;0;446;5.52
;;;Parkano;1060;20151119;2015;11;19;3275000;6885000;-1.8;-0.5;-2.9;0;467;5.23
;;;Parkano;1060;20151120;2015;11;20;3275000;6885000;-3.1;-1.7;-3.9;0;379;4.48
;;;Parkano;1060;20151121;2015;11;21;3275000;6885000;-2.7;-2.1;-3.3;0;355;4.7
;;;Parkano;1060;20151122;2015;11;22;3275000;6885000;-2.9;-2.3;-3.9;0.4;588;4.69
;;;Parkano;1060;20151123;2015;11;23;3275000;6885000;-1.9;0.1;-5.3;0.5;605;5.29
;;;Parkano;1060;20151124;2015;11;24;3275000;6885000;0.9;2;-0.3;0.7;273;6.06
;;;Parkano;1060;20151125;2015;11;25;3275000;6885000;2.4;3.8;0.3;1.1;339;7.19
;;;Parkano;1060;20151126;2015;11;26;3275000;6885000;2.5;3.9;2.1;1.4;440;7.25
;;;Parkano;1060;20151127;2015;11;27;3275000;6885000;2.1;2.7;1.3;0.2;311;7
;;;Parkano;1060;20151128;2015;11;28;3275000;6885000;2;2.4;1.5;0.3;344;7
;;;Parkano;1060;20151129;2015;11;29;3275000;6885000;0.8;2.5;-0.4;0;387;6.36
;;;Parkano;1060;20151130;2015;11;30;3275000;6885000;-2.1;0;-3;0;663;5.1
;;;Parkano;1060;20151201;2015;12;1;3275000;6885000;-3.9;-2.1;-5.6;0.1;286;4.22
;;;Parkano;1060;20151202;2015;12;2;3275000;6885000;-0.5;2.1;-4.2;0.4;71;5.22
;;;Parkano;1060;20151203;2015;12;3;3275000;6885000;1.6;2.8;-0.7;0.1;889;6.4
;;;Parkano;1060;20151204;2015;12;4;3275000;6885000;2.6;5.8;-0.3;0;655;7
;;;Parkano;1060;20151205;2015;12;5;3275000;6885000;0.6;2.5;-1.8;3.9;212;6.36
;;;Parkano;1060;20151206;2015;12;6;3275000;6885000;0.5;2.5;-1.2;1.3;173;6.26
;;;Parkano;1060;20151207;2015;12;7;3275000;6885000;1;3.2;-2.2;9.3;404;6.37
;;;Parkano;1060;20151208;2015;12;8;3275000;6885000;2.7;4;1.6;0.5;252;7.08
;;;Parkano;1060;20151209;2015;12;9;3275000;6885000;1.2;2.3;-0.8;0;236;5.96
;;;Parkano;1060;20151210;2015;12;10;3275000;6885000;1.8;3.8;-0.7;5.5;177;6.21
;;;Parkano;1060;20151211;2015;12;11;3275000;6885000;2;3.2;0.4;5.7;268;6.75
;;;Parkano;1060;20151212;2015;12;12;3275000;6885000;1.2;2.8;0.5;1;235;6.45
;;;Parkano;1060;20151213;2015;12;13;3275000;6885000;-0.3;1.2;-2;0.6;308;5.91
;;;Parkano;1060;20151214;2015;12;14;3275000;6885000;-0.2;0.4;-2.3;0.1;432;5.85
;;;Parkano;1060;20151215;2015;12;15;3275000;6885000;2.2;3.3;-0.2;7.2;133;6.75
;;;Parkano;1060;20151216;2015;12;16;3275000;6885000;0.1;2.4;-0.9;2.1;542;5.86
;;;Parkano;1060;20151217;2015;12;17;3275000;6885000;-1.2;0.4;-3.1;0.1;294;5.57
;;;Parkano;1060;20151218;2015;12;18;3275000;6885000;-1.6;-0.5;-3.3;2.3;303;5.4
;;;Parkano;1060;20151219;2015;12;19;3275000;6885000;0.8;1.9;-0.7;5.1;190;6.45
;;;Parkano;1060;20151220;2015;12;20;3275000;6885000;-0.8;1.5;-1.8;0.1;438;5.37
;;;Parkano;1060;20151221;2015;12;21;3275000;6885000;-3.5;-1.3;-5.1;0;465;4.26
;;;Parkano;1060;20151222;2015;12;22;3275000;6885000;-5.1;-3.6;-7.4;0;255;3.86
;;;Parkano;1060;20151223;2015;12;23;3275000;6885000;-7.1;-5;-7.7;0.5;286;3.2
;;;Parkano;1060;20151224;2015;12;24;3275000;6885000;-9.5;-7.2;-12.6;2.2;306;2.79
;;;Parkano;1060;20151225;2015;12;25;3275000;6885000;-12;-9.3;-16.8;0.1;784;2.34
;;;Parkano;1060;20151226;2015;12;26;3275000;6885000;-6.4;-4;-10.1;0;859;3.62
;;;Parkano;1060;20151227;2015;12;27;3275000;6885000;-8.3;-6.1;-10.9;0;852;3.03
;;;Parkano;1060;20151228;2015;12;28;3275000;6885000;-13;-8.4;-17.4;0.2;314;2.16
;;;Parkano;1060;20151229;2015;12;29;3275000;6885000;-15.9;-9.7;-22.4;2.5;733;1.72
;;;Parkano;1060;20151230;2015;12;30;3275000;6885000;-1.2;1.3;-10.1;3.2;307;5.64
;;;Parkano;1060;20151231;2015;12;31;3275000;6885000;3.5;5.1;1.1;0;433;7.5
;;;Parkano;1060;20160101;2016;1;1;3275000;6885000;2.7;3.7;2;0;173;6.71
;;;Parkano;1060;20160102;2016;1;2;3275000;6885000;0;2.2;-0.6;0.4;113;5.74
;;;Parkano;1060;20160103;2016;1;3;3275000;6885000;-0.4;0;-0.8;0.3;131;5.4
;;;Parkano;1060;20160104;2016;1;4;3275000;6885000;0.4;0.9;0;2.8;89;6.25
;;;Parkano;1060;20160105;2016;1;5;3275000;6885000;1.1;2.3;0.1;0;199;6.65
;;;Parkano;1060;20160106;2016;1;6;3275000;6885000;0.6;1.9;-0.1;1.5;152;6.35
;;;Parkano;1060;20160107;2016;1;7;3275000;6885000;2.9;3.8;0.3;1.2;140;7.52
;;;Parkano;1060;20160108;2016;1;8;3275000;6885000;3.9;4.5;3.2;0.9;183;8.07
;;;Parkano;1060;20160109;2016;1;9;3275000;6885000;0.9;3.6;-0.2;0.5;269;6.55
;;;Parkano;1060;20160110;2016;1;10;3275000;6885000;-2.1;0.2;-4.5;0.7;301;5.16
;;;Parkano;1060;20160111;2016;1;11;3275000;6885000;-7.6;-4.4;-9.2;5.7;291;3.2
;;;Parkano;1060;20160112;2016;1;12;3275000;6885000;-12.2;-9.2;-13.4;0.5;505;2.11
;;;Parkano;1060;20160113;2016;1;13;3275000;6885000;-16.7;-11.4;-18.6;0;1647;1.48
;;;Parkano;1060;20160114;2016;1;14;3275000;6885000;-19.2;-16.6;-21.9;0;1475;1.17
;;;Parkano;1060;20160115;2016;1;15;3275000;6885000;-13.3;-9.9;-18.7;0;1316;1.97
;;;Parkano;1060;20160116;2016;1;16;3275000;6885000;-16.9;-13.7;-18.5;0;2261;1.45
;;;Parkano;1060;20160117;2016;1;17;3275000;6885000;-18.1;-14.5;-19.6;0;2306;1.3
;;;Parkano;1060;20160118;2016;1;18;3275000;6885000;-19.1;-15.5;-20.5;0;2316;1.2
;;;Parkano;1060;20160119;2016;1;19;3275000;6885000;-19.5;-13.8;-22.6;0;2471;1.15
;;;Parkano;1060;20160120;2016;1;20;3275000;6885000;-18.9;-14.9;-20.6;0;2304;1.21
;;;Parkano;1060;20160121;2016;1;21;3275000;6885000;-15.4;-12.1;-21.6;0.1;1349;1.75
;;;Parkano;1060;20160122;2016;1;22;3275000;6885000;-14.5;-9.6;-18.9;0;2057;1.88
;;;Parkano;1060;20160123;2016;1;23;3275000;6885000;-18.3;-15.4;-22.5;0;1949;1.3
;;;Parkano;1060;20160124;2016;1;24;3275000;6885000;-13.8;-10.2;-18.9;0;1050;1.99
;;;Parkano;1060;20160125;2016;1;25;3275000;6885000;-6.2;-5.1;-10.3;0.1;603;3.58
;;;Parkano;1060;20160126;2016;1;26;3275000;6885000;-6.7;-5.5;-7.5;0;823;3.29
;;;Parkano;1060;20160127;2016;1;27;3275000;6885000;-12.4;-7.2;-14;0.2;1685;2.15
;;;Parkano;1060;20160128;2016;1;28;3275000;6885000;-13.5;-11.5;-15.4;0;2516;1.91
;;;Parkano;1060;20160129;2016;1;29;3275000;6885000;-12.9;-9.4;-14.8;0;3019;2.05
;;;Parkano;1060;20160130;2016;1;30;3275000;6885000;-14.4;-11.3;-16.8;0;3751;1.81
;;;Parkano;1060;20160131;2016;1;31;3275000;6885000;-13.1;-11;-16.1;4.4;997;2
;;;Parkano;1060;20160201;2016;2;1;3275000;6885000;-7.7;-6.3;-11.1;0.1;480;3.24
;;;Parkano;1060;20160202;2016;2;2;3275000;6885000;-4.5;-3.6;-6.4;0.6;700;4.23
;;;Parkano;1060;20160203;2016;2;3;3275000;6885000;-0.3;0.5;-4.2;0;752;5.99
;;;Parkano;1060;20160204;2016;2;4;3275000;6885000;-0.2;0.8;-1.2;0;788;6
;;;Parkano;1060;20160205;2016;2;5;3275000;6885000;-3.2;-0.5;-4.5;0;673;4.46
;;;Parkano;1060;20160206;2016;2;6;3275000;6885000;-5.2;-4.4;-6.6;0;1285;3.9
;;;Parkano;1060;20160207;2016;2;7;3275000;6885000;-2.1;-0.4;-4.9;2.6;833;5.29
;;;Parkano;1060;20160208;2016;2;8;3275000;6885000;0.8;1.4;-0.4;3.1;477;6.4
;;;Parkano;1060;20160209;2016;2;9;3275000;6885000;1.2;2;0.4;0.9;1279;6.35
;;;Parkano;1060;20160210;2016;2;10;3275000;6885000;1;1.7;0.7;1.1;831;6.5
;;;Parkano;1060;20160211;2016;2;11;3275000;6885000;0.4;1.2;0;0.6;1027;6.25
;;;Parkano;1060;20160212;2016;2;12;3275000;6885000;-0.2;0.6;-0.6;0.7;1172;5.9
;;;Parkano;1060;20160213;2016;2;13;3275000;6885000;-0.3;0.1;-0.8;1.2;1243;5.65
;;;Parkano;1060;20160214;2016;2;14;3275000;6885000;-0.2;0.5;-1;0;887;5.88
;;;Parkano;1060;20160215;2016;2;15;3275000;6885000;-1;0;-1.3;1.2;742;5.15
;;;Parkano;1060;20160216;2016;2;16;3275000;6885000;0.4;1.3;-1.6;2.7;936;6.25
;;;Parkano;1060;20160217;2016;2;17;3275000;6885000;1.1;1.8;0.7;0.4;1170;6.59
;;;Parkano;1060;20160218;2016;2;18;3275000;6885000;0.3;1.3;-0.1;0.6;1749;6.16
;;;Parkano;1060;20160219;2016;2;19;3275000;6885000;-1.5;0.1;-2.5;0.1;1637;5.2
;;;Parkano;1060;20160220;2016;2;20;3275000;6885000;-4.7;-2.4;-5.1;0.1;1877;3.8
;;;Parkano;1060;20160221;2016;2;21;3275000;6885000;-3.8;-1.8;-6.2;8.1;2495;3.9
;;;Parkano;1060;20160222;2016;2;22;3275000;6885000;0.3;1.3;-2;3;1959;6.2
;;;Parkano;1060;20160223;2016;2;23;3275000;6885000;2.4;3.9;0.6;0.4;1653;6.85
;;;Parkano;1060;20160224;2016;2;24;3275000;6885000;4.7;7.1;2.7;0;1676;7.21
;;;Parkano;1060;20160225;2016;2;25;3275000;6885000;2.1;4.7;1.4;0;1577;6.11
;;;Parkano;1060;20160226;2016;2;26;3275000;6885000;-1;1.7;-2.7;0;2007;4.96
;;;Parkano;1060;20160227;2016;2;27;3275000;6885000;-0.6;0.1;-1.3;0;1375;4.97
;;;Parkano;1060;20160228;2016;2;28;3275000;6885000;-0.1;1.1;-1.1;0;1862;5.49
;;;Parkano;1060;20160229;2016;2;29;3275000;6885000;0.1;2.9;-1.3;0;4243;5.05
;;;Parkano;1060;20160301;2016;3;1;3275000;6885000;-0.8;0.2;-2.3;1.3;1216;5.44
;;;Parkano;1060;20160302;2016;3;2;3275000;6885000;0.1;0.6;-0.3;2.8;1450;6.11
;;;Parkano;1060;20160303;2016;3;3;3275000;6885000;-0.1;0.4;-1;0;1662;5.95
;;;Parkano;1060;20160304;2016;3;4;3275000;6885000;1.1;2.7;-0.1;0;3612;5.87
;;;Parkano;1060;20160305;2016;3;5;3275000;6885000;1;3.4;-1.3;0;3904;5.65
;;;Parkano;1060;20160306;2016;3;6;3275000;6885000;3.1;4.3;1.4;16.7;1565;7.16
;;;Parkano;1060;20160307;2016;3;7;3275000;6885000;3;5.1;1;0.6;7116;5.94
;;;Parkano;1060;20160308;2016;3;8;3275000;6885000;3.9;7.3;0.6;0;6567;6.05
;;;Parkano;1060;20160309;2016;3;9;3275000;6885000;3.7;6.4;2.2;0;4020;6.93
;;;Parkano;1060;20160310;2016;3;10;3275000;6885000;3.2;5.9;0.9;0;8022;5.24
;;;Parkano;1060;20160311;2016;3;11;3275000;6885000;4.8;9.1;1;0;4804;6.4
;;;Parkano;1060;20160312;2016;3;12;3275000;6885000;4.6;10.1;-0.1;0;8861;6.12
;;;Parkano;1060;20160313;2016;3;13;3275000;6885000;2.3;5.4;0.6;0.1;8897;4.68
;;;Parkano;1060;20160314;2016;3;14;3275000;6885000;-0.4;2.5;-1.6;0.7;6951;4.56
;;;Parkano;1060;20160315;2016;3;15;3275000;6885000;-3.7;-0.7;-4.9;0.2;7323;3.64
;;;Parkano;1060;20160316;2016;3;16;3275000;6885000;-6.8;-0.7;-12.9;0.2;11067;2.58
;;;Parkano;1060;20160317;2016;3;17;3275000;6885000;-3.4;0.4;-8.3;2.3;4939;4.27
;;;Parkano;1060;20160318;2016;3;18;3275000;6885000;-5.7;-2.3;-7.6;0.1;8043;3.22
;;;Parkano;1060;20160319;2016;3;19;3275000;6885000;-6.9;-2.8;-14.7;3.7;5506;3.43
;;;Parkano;1060;20160320;2016;3;20;3275000;6885000;4.7;7.7;-3.6;0;6781;6.41
;;;Parkano;1060;20160321;2016;3;21;3275000;6885000;2.3;6.3;-1.2;0;11500;5.76
;;;Parkano;1060;20160322;2016;3;22;3275000;6885000;0.8;2.6;-0.5;1.6;3377;6.15
;;;Parkano;1060;20160323;2016;3;23;3275000;6885000;2.5;8.2;-0.5;0;12957;5.48
;;;Parkano;1060;20160324;2016;3;24;3275000;6885000;1;7.4;-5.6;0;13711;4.32
;;;Parkano;1060;20160325;2016;3;25;3275000;6885000;0.7;8.2;-5;0;14610;3.23
;;;Parkano;1060;20160326;2016;3;26;3275000;6885000;1.2;11.1;-7.7;0;14259;3.41
;;;Parkano;1060;20160327;2016;3;27;3275000;6885000;2;8.6;-3.5;0;14429;4.37
;;;Parkano;1060;20160328;2016;3;28;3275000;6885000;3.1;10;-3.1;0;14416;5.13
;;;Parkano;1060;20160329;2016;3;29;3275000;6885000;1.3;5.3;-1.3;0.1;11295;4.31
;;;Parkano;1060;20160330;2016;3;30;3275000;6885000;-0.3;4.8;-4.9;0.2;14115;3.83
;;;Parkano;1060;20160331;2016;3;31;3275000;6885000;-1.3;2.2;-3.2;0;9982;3.71
;;;Parkano;1060;20160401;2016;4;1;3275000;6885000;-0.9;4.5;-6;0;13048;3.98
;;;Parkano;1060;20160402;2016;4;2;3275000;6885000;0;4.4;-2.4;0;12901;3.97
;;;Parkano;1060;20160403;2016;4;3;3275000;6885000;-1.1;4.8;-7.5;0;15829;3.3
;;;Parkano;1060;20160404;2016;4;4;3275000;6885000;2.1;8.2;-3.7;0;13561;4.75
;;;Parkano;1060;20160405;2016;4;5;3275000;6885000;3.2;8.3;-0.6;0;7743;5.69
;;;Parkano;1060;20160406;2016;4;6;3275000;6885000;2.1;7;-1.4;0;8645;5.81
;;;Parkano;1060;20160407;2016;4;7;3275000;6885000;1.9;8;-2.6;0;13890;3.64
;;;Parkano;1060;20160408;2016;4;8;3275000;6885000;0.7;6.3;-5.1;0;18577;2.54
;;;Parkano;1060;20160409;2016;4;9;3275000;6885000;1.3;6.8;-6.2;0.7;18002;2.91
;;;Parkano;1060;20160410;2016;4;10;3275000;6885000;2.4;3.9;0.4;2.1;2503;6.73
;;;Parkano;1060;20160411;2016;4;11;3275000;6885000;5.6;11;2.4;5.4;15273;6.73
;;;Parkano;1060;20160412;2016;4;12;3275000;6885000;4.2;7.2;2.4;3.4;5174;7.93
;;;Parkano;1060;20160413;2016;4;13;3275000;6885000;5;9.5;3;0;11791;6.9
;;;Parkano;1060;20160414;2016;4;14;3275000;6885000;2.8;7;-0.2;0;13098;5.04
;;;Parkano;1060;20160415;2016;4;15;3275000;6885000;2.4;8.4;-5.6;0;19444;4.01
;;;Parkano;1060;20160416;2016;4;16;3275000;6885000;5.8;12.1;0.7;1.2;12540;5.65
;;;Parkano;1060;20160417;2016;4;17;3275000;6885000;5.3;8;3.1;0.3;5209;8.04
;;;Parkano;1060;20160418;2016;4;18;3275000;6885000;5.9;11;1.9;0;15748;7.35
;;;Parkano;1060;20160419;2016;4;19;3275000;6885000;7.9;14.3;2;0;14822;7.3
;;;Parkano;1060;20160420;2016;4;20;3275000;6885000;10.7;17.9;3.9;0;16875;7.57
;;;Parkano;1060;20160421;2016;4;21;3275000;6885000;7;14;-0.5;0;21464;5.48
;;;Parkano;1060;20160422;2016;4;22;3275000;6885000;3.1;8.4;-1.8;0;22637;3.43
;;;Parkano;1060;20160423;2016;4;23;3275000;6885000;3.7;10.9;-5.4;0;22981;3.5
;;;Parkano;1060;20160424;2016;4;24;3275000;6885000;7.1;16.7;-2.7;0;22557;4.74
;;;Parkano;1060;20160425;2016;4;25;3275000;6885000;7.8;16.6;-3;0;22019;4.57
;;;Parkano;1060;20160426;2016;4;26;3275000;6885000;9;17.6;-1.7;0;17590;4.88
;;;Parkano;1060;20160427;2016;4;27;3275000;6885000;8.6;15.1;1.9;0;11448;5.82
;;;Parkano;1060;20160428;2016;4;28;3275000;6885000;5.7;10.6;3.9;0;16348;5.69
;;;Parkano;1060;20160429;2016;4;29;3275000;6885000;2.8;7.5;-2.3;0.6;16138;5.1
;;;Parkano;1060;20160430;2016;4;30;3275000;6885000;2;7.1;-1.9;0;16526;3.92
;;;Parkano;1060;20160501;2016;5;1;3275000;6885000;2.1;8.2;-4.5;0;17809;4.36
;;;Parkano;1060;20160502;2016;5;2;3275000;6885000;2.6;8.7;-3.3;0.1;16943;4.81
;;;Parkano;1060;20160503;2016;5;3;3275000;6885000;1.7;5.7;-0.7;2.8;12499;5.73
;;;Parkano;1060;20160504;2016;5;4;3275000;6885000;3.5;8.6;-0.1;0;23308;4.62
;;;Parkano;1060;20160505;2016;5;5;3275000;6885000;3;8.6;-3.1;0;19990;3.51
;;;Parkano;1060;20160506;2016;5;6;3275000;6885000;4.5;10.9;-4.3;0;21823;3.96
;;;Parkano;1060;20160507;2016;5;7;3275000;6885000;4.2;11;-0.8;4.9;13378;5.52
;;;Parkano;1060;20160508;2016;5;8;3275000;6885000;7.2;10.7;2.2;7.3;5234;9.65
;;;Parkano;1060;20160509;2016;5;9;3275000;6885000;7.1;10.5;4.3;2.4;8767;8.32
;;;Parkano;1060;20160510;2016;5;10;3275000;6885000;7.7;12.3;4.8;3.9;10170;9.57
;;;Parkano;1060;20160511;2016;5;11;3275000;6885000;8.7;13;6.5;1.4;10551;9.41
;;;Parkano;1060;20160512;2016;5;12;3275000;6885000;6.9;11.1;2.4;0;7991;8.2
;;;Parkano;1060;20160513;2016;5;13;3275000;6885000;5.6;9;3.8;0.2;22967;5.04
;;;Parkano;1060;20160514;2016;5;14;3275000;6885000;5.5;10.9;-2.4;0;18568;5.38
;;;Parkano;1060;20160515;2016;5;15;3275000;6885000;8.8;14.6;4.7;0.1;12686;7.98
;;;Parkano;1060;20160516;2016;5;16;3275000;6885000;13.3;20.1;3.5;0;26027;7.88
;;;Parkano;1060;20160517;2016;5;17;3275000;6885000;17.1;24.7;8.4;0;25449;8.69
;;;Parkano;1060;20160518;2016;5;18;3275000;6885000;18.4;27.7;11.1;8.4;17355;14.27
;;;Parkano;1060;20160519;2016;5;19;3275000;6885000;16.6;21.6;13.1;0;19168;13.26
;;;Parkano;1060;20160520;2016;5;20;3275000;6885000;15;21.8;7.2;0;17901;12
;;;Parkano;1060;20160521;2016;5;21;3275000;6885000;18.2;26;8.2;0;25968;11.74
;;;Parkano;1060;20160522;2016;5;22;3275000;6885000;21.8;28.2;13.7;0;24619;12.12
;;;Parkano;1060;20160523;2016;5;23;3275000;6885000;23.2;28.9;16.2;3.5;24281;12.91
;;;Parkano;1060;20160524;2016;5;24;3275000;6885000;19.4;26;14.5;5.7;15506;16.93
;;;Parkano;1060;20160525;2016;5;25;3275000;6885000;10.8;19.8;7.6;1.5;10863;11.67
;;;Parkano;1060;20160526;2016;5;26;3275000;6885000;5.2;9.3;2.9;0.3;10226;6.94
;;;Parkano;1060;20160527;2016;5;27;3275000;6885000;8;13;4;0;17441;7.04
;;;Parkano;1060;20160528;2016;5;28;3275000;6885000;8.8;13.1;4.8;6.9;12334;9.22
;;;Parkano;1060;20160529;2016;5;29;3275000;6885000;11.8;16.3;8.3;0.5;10701;11.95
;;;Parkano;1060;20160530;2016;5;30;3275000;6885000;9.9;14.5;8.1;8.4;10839;10.98
;;;Parkano;1060;20160531;2016;5;31;3275000;6885000;9.9;14.2;6.5;0;12888;10.6
;;;Parkano;1060;20160601;2016;6;1;3275000;6885000;12.2;18.4;3.5;0;28696;9.29
;;;Parkano;1060;20160602;2016;6;2;3275000;6885000;14.6;20.3;7.2;0.7;17685;12.82
;;;Parkano;1060;20160603;2016;6;3;3275000;6885000;17.8;24.4;13.8;1.3;16029;17
;;;Parkano;1060;20160604;2016;6;4;3275000;6885000;21.6;27.6;13.3;0;21408;14.04
;;;Parkano;1060;20160605;2016;6;5;3275000;6885000;17.9;24.4;13.7;1.5;18030;15.01
;;;Parkano;1060;20160606;2016;6;6;3275000;6885000;15.5;21.8;12.6;0.5;14061;14.89
;;;Parkano;1060;20160607;2016;6;7;3275000;6885000;15.5;22.1;8.4;0;22119;12.12
;;;Parkano;1060;20160608;2016;6;8;3275000;6885000;14.9;23.3;6.9;2.2;21053;13.24
;;;Parkano;1060;20160609;2016;6;9;3275000;6885000;14.1;19;12;0;15562;12.65
;;;Parkano;1060;20160610;2016;6;10;3275000;6885000;15.8;22.9;6.2;10.7;25322;10.78
;;;Parkano;1060;20160611;2016;6;11;3275000;6885000;13.1;19.2;12;17.2;5427;14.36
;;;Parkano;1060;20160612;2016;6;12;3275000;6885000;10.5;14.1;8.1;1.9;7704;11.94
;;;Parkano;1060;20160613;2016;6;13;3275000;6885000;10.8;15.5;6.8;0;27860;7.41
;;;Parkano;1060;20160614;2016;6;14;3275000;6885000;12;18.7;2.8;0;28886;7.32
;;;Parkano;1060;20160615;2016;6;15;3275000;6885000;9.4;15.3;6.6;2.8;18043;8.1
;;;Parkano;1060;20160616;2016;6;16;3275000;6885000;6.8;11;1.7;0.5;25736;5.86
;;;Parkano;1060;20160617;2016;6;17;3275000;6885000;11.2;15.4;6.1;0.2;18824;9.08
;;;Parkano;1060;20160618;2016;6;18;3275000;6885000;11.2;15.3;7.8;0;16575;8.94
;;;Parkano;1060;20160619;2016;6;19;3275000;6885000;7;11.7;3.8;1.7;17604;8.06
;;;Parkano;1060;20160620;2016;6;20;3275000;6885000;6.7;10.8;2;3.4;18770;7.61
;;;Parkano;1060;20160621;2016;6;21;3275000;6885000;7.2;11;3.8;11;12936;8.97
;;;Parkano;1060;20160622;2016;6;22;3275000;6885000;9.6;14.8;6.4;3.1;13685;10.65
;;;Parkano;1060;20160623;2016;6;23;3275000;6885000;11.3;17;7.1;2.1;18694;9.92
;;;Parkano;1060;20160624;2016;6;24;3275000;6885000;9.6;13.4;5.4;0;17011;7.71
;;;Parkano;1060;20160625;2016;6;25;3275000;6885000;10.6;16.6;3;0;25510;7.27
;;;Parkano;1060;20160626;2016;6;26;3275000;6885000;11.4;17.8;3;0;25335;7.62
;;;Parkano;1060;20160627;2016;6;27;3275000;6885000;11.1;17.8;3.2;0;26778;8.24
;;;Parkano;1060;20160628;2016;6;28;3275000;6885000;12.2;17.7;6.1;0.2;15753;10.03
;;;Parkano;1060;20160629;2016;6;29;3275000;6885000;11.7;15;9.7;0;6018;11.86
;;;Parkano;1060;20160630;2016;6;30;3275000;6885000;13.7;18.4;7;3.5;17410;10.41
;;;Parkano;1060;20160701;2016;7;1;3275000;6885000;10.1;15.9;9.7;14.4;6189;11.86
;;;Parkano;1060;20160702;2016;7;2;3275000;6885000;13.8;19.8;8.9;3.5;24362;12.66
;;;Parkano;1060;20160703;2016;7;3;3275000;6885000;14.8;19.9;10.9;0.2;26239;11.72
;;;Parkano;1060;20160704;2016;7;4;3275000;6885000;16.1;23.3;6;0;26200;10.39
;;;Parkano;1060;20160705;2016;7;5;3275000;6885000;18.4;24.8;9.3;0;28249;12.38
;;;Parkano;1060;20160706;2016;7;6;3275000;6885000;20.3;26.6;11.2;0;25259;14.76
;;;Parkano;1060;20160707;2016;7;7;3275000;6885000;22;27.9;14.3;0.3;26105;14.65
;;;Parkano;1060;20160708;2016;7;8;3275000;6885000;21.8;27.8;15.5;0;23143;16.29
;;;Parkano;1060;20160709;2016;7;9;3275000;6885000;17.7;24.7;14.5;0;19884;15.34
;;;Parkano;1060;20160710;2016;7;10;3275000;6885000;16.2;22.7;7.4;0;28716;10.39
;;;Parkano;1060;20160711;2016;7;11;3275000;6885000;16;21.2;8.5;0.2;18389;12.56
;;;Parkano;1060;20160712;2016;7;12;3275000;6885000;20.3;26.4;13.6;0.6;15344;17.09
;;;Parkano;1060;20160713;2016;7;13;3275000;6885000;19.5;25;16.6;2.4;14335;18.79
;;;Parkano;1060;20160714;2016;7;14;3275000;6885000;16.7;22.2;11.1;5;15967;16.18
;;;Parkano;1060;20160715;2016;7;15;3275000;6885000;17.1;20.4;14.5;8.2;13925;16.71
;;;Parkano;1060;20160716;2016;7;16;3275000;6885000;17.7;24;11;0;21762;15.2
;;;Parkano;1060;20160717;2016;7;17;3275000;6885000;19.1;24.9;11.3;0;23658;15.24
;;;Parkano;1060;20160718;2016;7;18;3275000;6885000;18.7;24.2;15.9;2;16518;18.3
;;;Parkano;1060;20160719;2016;7;19;3275000;6885000;20.2;26.6;13.8;0.2;19682;17.22
;;;Parkano;1060;20160720;2016;7;20;3275000;6885000;20.8;26.8;15;0;23419;14.24
;;;Parkano;1060;20160721;2016;7;21;3275000;6885000;21;27.6;12.4;0;25632;13.43
;;;Parkano;1060;20160722;2016;7;22;3275000;6885000;21.7;29.2;12;0.3;23952;15.29
;;;Parkano;1060;20160723;2016;7;23;3275000;6885000;23;29.8;14.8;0.1;23391;16.61
;;;Parkano;1060;20160724;2016;7;24;3275000;6885000;23.4;30;15.4;0;24070;15.34
;;;Parkano;1060;20160725;2016;7;25;3275000;6885000;23.3;31;14;0;23921;15.3
;;;Parkano;1060;20160726;2016;7;26;3275000;6885000;21.2;28.7;13.8;3.9;21777;16.96
;;;Parkano;1060;20160727;2016;7;27;3275000;6885000;21.7;26.9;15.8;0;18817;18.63
;;;Parkano;1060;20160728;2016;7;28;3275000;6885000;20.1;26.7;16.6;4.9;17511;19.39
;;;Parkano;1060;20160729;2016;7;29;3275000;6885000;20.3;27.9;13.6;6.8;19322;18.63
;;;Parkano;1060;20160730;2016;7;30;3275000;6885000;19.4;22.2;16.2;13.1;12878;19.3
;;;Parkano;1060;20160731;2016;7;31;3275000;6885000;19;23.7;14.2;0;19491;15.9
;;;Parkano;1060;20160801;2016;8;1;3275000;6885000;19.9;25.6;14.7;0;21473;15.77
;;;Parkano;1060;20160802;2016;8;2;3275000;6885000;21;26;14.1;0;17164;16.49
;;;Parkano;1060;20160803;2016;8;3;3275000;6885000;24.1;30.4;17.4;0;21960;18.13
;;;Parkano;1060;20160804;2016;8;4;3275000;6885000;23.6;29.6;16.7;0;22421;16.61
;;;Parkano;1060;20160805;2016;8;5;3275000;6885000;22.7;29.5;15.1;0;20154;15.23
;;;Parkano;1060;20160806;2016;8;6;3275000;6885000;19.8;28.2;16.4;10;13939;17.63
;;;Parkano;1060;20160807;2016;8;7;3275000;6885000;19.8;25;16;0.2;17296;18.04
;;;Parkano;1060;20160808;2016;8;8;3275000;6885000;19.4;25.7;14.4;0;14694;16.94
;;;Parkano;1060;20160809;2016;8;9;3275000;6885000;17.9;23.2;13.6;0.7;14560;17.14
;;;Parkano;1060;20160810;2016;8;10;3275000;6885000;18.3;24.9;10.8;0.4;14935;16.71
;;;Parkano;1060;20160811;2016;8;11;3275000;6885000;17.5;21.3;15.8;0.6;17354;14.09
;;;Parkano;1060;20160812;2016;8;12;3275000;6885000;14.7;18.5;11.1;1.8;14211;13.35
;;;Parkano;1060;20160813;2016;8;13;3275000;6885000;14.9;21.2;10.8;1.9;14514;14.02
;;;Parkano;1060;20160814;2016;8;14;3275000;6885000;14.2;20.1;9.4;1.8;15024;13.74
;;;Parkano;1060;20160815;2016;8;15;3275000;6885000;13.4;19.9;7;0;17343;10.73
;;;Parkano;1060;20160816;2016;8;16;3275000;6885000;13.2;18.2;6;0;16122;10.67
;;;Parkano;1060;20160817;2016;8;17;3275000;6885000;13.5;15.8;10.5;4;6718;14.1
;;;Parkano;1060;20160818;2016;8;18;3275000;6885000;13.4;17;11.2;4;12100;13.21
;;;Parkano;1060;20160819;2016;8;19;3275000;6885000;12.9;17.7;10;9.1;9515;12.58
;;;Parkano;1060;20160820;2016;8;20;3275000;6885000;13.1;17.3;11.3;5.9;10347;13.88
;;;Parkano;1060;20160821;2016;8;21;3275000;6885000;12.2;16.7;8.8;10.7;12021;12.74
;;;Parkano;1060;20160822;2016;8;22;3275000;6885000;12.7;16.6;9.7;6.7;8887;13
;;;Parkano;1060;20160823;2016;8;23;3275000;6885000;11.9;17.4;9.6;3.1;11812;12.02
;;;Parkano;1060;20160824;2016;8;24;3275000;6885000;10.7;15.9;5.3;6.1;9453;11.78
;;;Parkano;1060;20160825;2016;8;25;3275000;6885000;12.4;14;10.8;12.2;4514;13.92
;;;Parkano;1060;20160826;2016;8;26;3275000;6885000;13.2;17;12.2;4;8291;14.16
;;;Parkano;1060;20160827;2016;8;27;3275000;6885000;13.9;17.7;11.9;1.9;11461;13.74
;;;Parkano;1060;20160828;2016;8;28;3275000;6885000;11.3;14;9.8;0.1;7159;11.59
;;;Parkano;1060;20160829;2016;8;29;3275000;6885000;9.5;13.1;5.6;0;11487;9.17
;;;Parkano;1060;20160830;2016;8;30;3275000;6885000;10.2;14;7.1;0;10165;9.96
;;;Parkano;1060;20160831;2016;8;31;3275000;6885000;10.6;15.8;5.8;0;10482;10.39
;;;Parkano;1060;20160901;2016;9;1;3275000;6885000;11.8;16.1;9.9;0.1;5167;11.7
;;;Parkano;1060;20160902;2016;9;2;3275000;6885000;13.9;20.2;9.2;0.3;13045;13.66
;;;Parkano;1060;20160903;2016;9;3;3275000;6885000;13.8;20.3;9.1;0;13254;13.36
;;;Parkano;1060;20160904;2016;9;4;3275000;6885000;14.5;21.1;10.1;0;15010;12.96
;;;Parkano;1060;20160905;2016;9;5;3275000;6885000;11.6;15.7;9.1;0;9910;12.7
;;;Parkano;1060;20160906;2016;9;6;3275000;6885000;11;19.2;3.9;0;12517;11.12
;;;Parkano;1060;20160907;2016;9;7;3275000;6885000;13.6;21.2;5.2;0;12651;12.04
;;;Parkano;1060;20160908;2016;9;8;3275000;6885000;14.1;19.2;11.2;3.8;8187;14.56
;;;Parkano;1060;20160909;2016;9;9;3275000;6885000;13.6;19.2;9.8;0;10073;13.45
;;;Parkano;1060;20160910;2016;9;10;3275000;6885000;11.8;17;8.4;0;11063;12.77
;;;Parkano;1060;20160911;2016;9;11;3275000;6885000;12.6;15.8;9.5;0;6082;13.08
;;;Parkano;1060;20160912;2016;9;12;3275000;6885000;10.3;17.4;5;0;13647;9.4
;;;Parkano;1060;20160913;2016;9;13;3275000;6885000;10.2;18.6;1.6;0;10793;10.77
;;;Parkano;1060;20160914;2016;9;14;3275000;6885000;9.4;16.9;3.3;0;13401;8.74
;;;Parkano;1060;20160915;2016;9;15;3275000;6885000;8.5;17.4;0.4;0;12867;8.17
;;;Parkano;1060;20160916;2016;9;16;3275000;6885000;9.7;17.7;2.8;0;10098;10.39
;;;Parkano;1060;20160917;2016;9;17;3275000;6885000;10.8;16.2;5.4;0;9415;11.64
;;;Parkano;1060;20160918;2016;9;18;3275000;6885000;11.7;17;7.8;0;9256;11.52
;;;Parkano;1060;20160919;2016;9;19;3275000;6885000;9.6;15.8;3.8;0.1;7807;10.99
;;;Parkano;1060;20160920;2016;9;20;3275000;6885000;12.6;16.4;7.2;0;5180;12.81
;;;Parkano;1060;20160921;2016;9;21;3275000;6885000;5;11.6;2.8;0;4639;6.65
;;;Parkano;1060;20160922;2016;9;22;3275000;6885000;1.8;5.9;-1.9;0;12038;4.38
;;;Parkano;1060;20160923;2016;9;23;3275000;6885000;3;6.8;-0.9;0.2;7421;5.87
;;;Parkano;1060;20160924;2016;9;24;3275000;6885000;4.6;9.9;-0.9;0;4646;7.62
;;;Parkano;1060;20160925;2016;9;25;3275000;6885000;8.7;14.5;0.8;15.9;3968;10.34
;;;Parkano;1060;20160926;2016;9;26;3275000;6885000;9.1;12.3;6.3;0.2;9113;8.93
;;;Parkano;1060;20160927;2016;9;27;3275000;6885000;11.4;15.8;8;0;7872;10.28
;;;Parkano;1060;20160928;2016;9;28;3275000;6885000;9.4;13.7;5.1;0;8085;8.34
;;;Parkano;1060;20160929;2016;9;29;3275000;6885000;5.9;11;2.6;0;8121;7.07
;;;Parkano;1060;20160930;2016;9;30;3275000;6885000;3.1;11;-3.5;0;8997;6.9
;;;Parkano;1060;20161001;2016;10;1;3275000;6885000;8;11.6;2.7;0.4;4451;9.85
;;;Parkano;1060;20161002;2016;10;2;3275000;6885000;7.3;11.1;0.8;0.3;4422;10.19
;;;Parkano;1060;20161003;2016;10;3;3275000;6885000;11.1;13.1;9.3;0;4397;12.26
;;;Parkano;1060;20161004;2016;10;4;3275000;6885000;7.5;11.5;3.7;0;7511;8.76
;;;Parkano;1060;20161005;2016;10;5;3275000;6885000;3.2;5.8;-1.3;0;1810;6.67
;;;Parkano;1060;20161006;2016;10;6;3275000;6885000;6;8.5;4.2;0.2;4753;6.92
;;;Parkano;1060;20161007;2016;10;7;3275000;6885000;6.7;8.3;5.1;9.9;1024;9.1
;;;Parkano;1060;20161008;2016;10;8;3275000;6885000;9.4;11;8;9;3206;10.94
;;;Parkano;1060;20161009;2016;10;9;3275000;6885000;10.2;11;8.3;10.5;1646;12.14
;;;Parkano;1060;20161010;2016;10;10;3275000;6885000;8.4;10.5;7;0.5;1707;10.77
;;;Parkano;1060;20161011;2016;10;11;3275000;6885000;6.5;8.6;5.5;0.8;3118;9.22
;;;Parkano;1060;20161012;2016;10;12;3275000;6885000;5.8;7.3;4.8;0.4;1756;8.93
;;;Parkano;1060;20161013;2016;10;13;3275000;6885000;5.6;8.1;4.2;0;2425;8.45
;;;Parkano;1060;20161014;2016;10;14;3275000;6885000;-0.4;4.6;-2;0;2420;4.91
;;;Parkano;1060;20161015;2016;10;15;3275000;6885000;-0.4;3.2;-2.7;0;4220;4.76
;;;Parkano;1060;20161016;2016;10;16;3275000;6885000;-2;2.8;-6.4;0;4793;4.69
;;;Parkano;1060;20161017;2016;10;17;3275000;6885000;-0.8;2.4;-6.4;6;2616;5.01
;;;Parkano;1060;20161018;2016;10;18;3275000;6885000;5.8;8.4;1.2;5.3;971;9.15
;;;Parkano;1060;20161019;2016;10;19;3275000;6885000;2.9;7.4;1.6;0.3;1697;7.31
;;;Parkano;1060;20161020;2016;10;20;3275000;6885000;-1.1;1.7;-2.6;0;1157;4.56
;;;Parkano;1060;20161021;2016;10;21;3275000;6885000;-3.8;-1.3;-5.4;0;5177;3.14
;;;Parkano;1060;20161022;2016;10;22;3275000;6885000;-4.6;-2.2;-7.7;0;3398;3.35
;;;Parkano;1060;20161023;2016;10;23;3275000;6885000;-0.6;1.7;-3.6;1.4;1340;4.38
;;;Parkano;1060;20161024;2016;10;24;3275000;6885000;4.3;6.5;1.3;7.5;487;8.1
;;;Parkano;1060;20161025;2016;10;25;3275000;6885000;8.5;9.9;5.7;0.5;1167;10.28
;;;Parkano;1060;20161026;2016;10;26;3275000;6885000;9;11.5;5.7;2.5;1070;9.66
;;;Parkano;1060;20161027;2016;10;27;3275000;6885000;11.4;13.1;3.8;0.6;779;12.22
;;;Parkano;1060;20161028;2016;10;28;3275000;6885000;7.8;13.1;4.3;6.1;597;9.37
;;;Parkano;1060;20161029;2016;10;29;3275000;6885000;3.1;6.4;1.1;0;3895;6.93
;;;Parkano;1060;20161030;2016;10;30;3275000;6885000;1;4.3;-1.2;0;2102;6.28
;;;Parkano;1060;20161031;2016;10;31;3275000;6885000;-2.2;1.5;-5.6;6.9;3522;4.65
;;;Parkano;1060;20161101;2016;11;1;3275000;6885000;6.1;9.7;-1.1;5.7;373;9.57
;;;Parkano;1060;20161102;2016;11;2;3275000;6885000;9.4;10.2;9.2;7.7;273;11.58
;;;Parkano;1060;20161103;2016;11;3;3275000;6885000;8.7;10;7.1;14.4;327;10.89
;;;Parkano;1060;20161104;2016;11;4;3275000;6885000;-2.6;9.4;-5.7;0;1868;4.28
;;;Parkano;1060;20161105;2016;11;5;3275000;6885000;-3.9;-1.3;-7.9;7;900;4.12
;;;Parkano;1060;20161106;2016;11;6;3275000;6885000;-2.3;-1.3;-3;3.3;1136;5.06
;;;Parkano;1060;20161107;2016;11;7;3275000;6885000;-1.8;-0.8;-3;1;867;5.23
;;;Parkano;1060;20161108;2016;11;8;3275000;6885000;3.3;5.1;-1.2;0.7;651;7.73
;;;Parkano;1060;20161109;2016;11;9;3275000;6885000;4.8;6.2;3.5;13.5;325;8.35
;;;Parkano;1060;20161110;2016;11;10;3275000;6885000;6.5;7.9;3.7;5.4;522;9.56
;;;Parkano;1060;20161111;2016;11;11;3275000;6885000;2.4;6;-0.5;0.1;571;7.09
;;;Parkano;1060;20161112;2016;11;12;3275000;6885000;-0.8;0.1;-1.8;0.1;675;5.21
;;;Parkano;1060;20161113;2016;11;13;3275000;6885000;-0.3;0.8;-0.7;0;883;5.7
;;;Parkano;1060;20161114;2016;11;14;3275000;6885000;-1;0.5;-3.2;0;527;5.46
;;;Parkano;1060;20161115;2016;11;15;3275000;6885000;-0.6;0.4;-2.1;0;1089;5.72
;;;Parkano;1060;20161116;2016;11;16;3275000;6885000;-0.4;0.5;-1.4;0;418;5.38
;;;Parkano;1060;20161117;2016;11;17;3275000;6885000;-0.7;1;-2.1;0;446;5.52
;;;Parkano;1060;20161118;2016;11;18;3275000;6885000;-1.8;-0.5;-2.9;0;467;5.23
;;;Parkano;1060;20161119;2016;11;19;3275000;6885000;-3.1;-1.7;-3.9;0;379;4.48
;;;Parkano;1060;20161120;2016;11;20;3275000;6885000;-2.7;-2.1;-3.3;0;355;4.7
;;;Parkano;1060;20161121;2016;11;21;3275000;6885000;-2.9;-2.3;-3.9;0.4;588;4.69
;;;Parkano;1060;20161122;2016;11;22;3275000;6885000;-1.9;0.1;-5.3;0.5;605;5.29
;;;Parkano;1060;20161123;2016;11;23;3275000;6885000;0.9;2;-0.3;0.7;273;6.06
;;;Parkano;1060;20161124;2016;11;24;3275000;6885000;2.4;3.8;0.3;1.1;339;7.19
;;;Parkano;1060;20161125;2016;11;25;3275000;6885000;2.5;3.9;2.1;1.4;440;7.25
;;;Parkano;1060;20161126;2016;11;26;3275000;6885000;2.1;2.7;1.3;0.2;311;7
;;;Parkano;1060;20161127;2016;11;27;3275000;6885000;2;2.4;1.5;0.3;344;7
;;;Parkano;1060;20161128;2016;11;28;3275000;6885000;0.8;2.5;-0.4;0;387;6.36
;;;Parkano;1060;20161129;2016;11;29;3275000;6885000;-2.1;0;-3;0;663;5.1
;;;Parkano;1060;20161130;2016;11;30;3275000;6885000;-3.9;-2.1;-5.6;0.1;286;4.22
;;;Parkano;1060;20161201;2016;12;1;3275000;6885000;-0.5;2.1;-4.2;0.4;71;5.22
;;;Parkano;1060;20161202;2016;12;2;3275000;6885000;1.6;2.8;-0.7;0.1;889;6.4
;;;Parkano;1060;20161203;2016;12;3;3275000;6885000;2.6;5.8;-0.3;0;655;7
;;;Parkano;1060;20161204;2016;12;4;3275000;6885000;0.6;2.5;-1.8;3.9;212;6.36
;;;Parkano;1060;20161205;2016;12;5;3275000;6885000;0.5;2.5;-1.2;1.3;173;6.26
;;;Parkano;1060;20161206;2016;12;6;3275000;6885000;1;3.2;-2.2;9.3;404;6.37
;;;Parkano;1060;20161207;2016;12;7;3275000;6885000;2.7;4;1.6;0.5;252;7.08
;;;Parkano;1060;20161208;2016;12;8;3275000;6885000;1.2;2.3;-0.8;0;236;5.96
;;;Parkano;1060;20161209;2016;12;9;3275000;6885000;1.8;3.8;-0.7;5.5;177;6.21
;;;Parkano;1060;20161210;2016;12;10;3275000;6885000;2;3.2;0.4;5.7;268;6.75
;;;Parkano;1060;20161211;2016;12;11;3275000;6885000;1.2;2.8;0.5;1;235;6.45
;;;Parkano;1060;20161212;2016;12;12;3275000;6885000;-0.3;1.2;-2;0.6;308;5.91
;;;Parkano;1060;20161213;2016;12;13;3275000;6885000;-0.2;0.4;-2.3;0.1;432;5.85
;;;Parkano;1060;20161214;2016;12;14;3275000;6885000;2.2;3.3;-0.2;7.2;133;6.75
;;;Parkano;1060;20161215;2016;12;15;3275000;6885000;0.1;2.4;-0.9;2.1;542;5.86
;;;Parkano;1060;20161216;2016;12;16;3275000;6885000;-1.2;0.4;-3.1;0.1;294;5.57
;;;Parkano;1060;20161217;2016;12;17;3275000;6885000;-1.6;-0.5;-3.3;2.3;303;5.4
;;;Parkano;1060;20161218;2016;12;18;3275000;6885000;0.8;1.9;-0.7;5.1;190;6.45
;;;Parkano;1060;20161219;2016;12;19;3275000;6885000;-0.8;1.5;-1.8;0.1;438;5.37
;;;Parkano;1060;20161220;2016;12;20;3275000;6885000;-3.5;-1.3;-5.1;0;465;4.26
;;;Parkano;1060;20161221;2016;12;21;3275000;6885000;-5.1;-3.6;-7.4;0;255;3.86
;;;Parkano;1060;20161222;2016;12;22;3275000;6885000;-7.1;-5;-7.7;0.5;286;3.2
;;;Parkano;1060;20161223;2016;12;23;3275000;6885000;-9.5;-7.2;-12.6;2.2;306;2.79
;;;Parkano;1060;20161224;2016;12;24;3275000;6885000;-12;-9.3;-16.8;0.1;784;2.34
;;;Parkano;1060;20161225;2016;12;25;3275000;6885000;-6.4;-4;-10.1;0;859;3.62
;;;Parkano;1060;20161226;2016;12;26;3275000;6885000;-8.3;-6.1;-10.9;0;852;3.03
;;;Parkano;1060;20161227;2016;12;27;3275000;6885000;-13;-8.4;-17.4;0.2;314;2.16
;;;Parkano;1060;20161228;2016;12;28;3275000;6885000;-15.9;-9.7;-22.4;2.5;733;1.72
;;;Parkano;1060;20161229;2016;12;29;3275000;6885000;-1.2;1.3;-10.1;3.2;307;5.64
;;;Parkano;1060;20161230;2016;12;30;3275000;6885000;3.5;5.1;1.1;0;433;7.5
;;;Parkano;1060;20161231;2016;12;31;3275000;6885000;2.7;3.7;2;0;173;6.71
;;;Parkano;1060;20170101;2017;1;1;3275000;6885000;0;2.2;-0.6;0.4;113;5.74
;;;Parkano;1060;20170102;2017;1;2;3275000;6885000;-0.4;0;-0.8;0.3;131;5.4
;;;Parkano;1060;20170103;2017;1;3;3275000;6885000;0.4;0.9;0;2.8;89;6.25
;;;Parkano;1060;20170104;2017;1;4;3275000;6885000;1.1;2.3;0.1;0;199;6.65
;;;Parkano;1060;20170105;2017;1;5;3275000;6885000;0.6;1.9;-0.1;1.5;152;6.35
;;;Parkano;1060;20170106;2017;1;6;3275000;6885000;2.9;3.8;0.3;1.2;140;7.52
;;;Parkano;1060;20170107;2017;1;7;3275000;6885000;3.9;4.5;3.2;0.9;183;8.07
;;;Parkano;1060;20170108;2017;1;8;3275000;6885000;0.9;3.6;-0.2;0.5;269;6.55
;;;Parkano;1060;20170109;2017;1;9;3275000;6885000;-2.1;0.2;-4.5;0.7;301;5.16
;;;Parkano;1060;20170110;2017;1;10;3275000;6885000;-7.6;-4.4;-9.2;5.7;291;3.2
;;;Parkano;1060;20170111;2017;1;11;3275000;6885000;-12.2;-9.2;-13.4;0.5;505;2.11
;;;Parkano;1060;20170112;2017;1;12;3275000;6885000;-16.7;-11.4;-18.6;0;1647;1.48
;;;Parkano;1060;20170113;2017;1;13;3275000;6885000;-19.2;-16.6;-21.9;0;1475;1.17
;;;Parkano;1060;20170114;2017;1;14;3275000;6885000;-13.3;-9.9;-18.7;0;1316;1.97
;;;Parkano;1060;20170115;2017;1;15;3275000;6885000;-16.9;-13.7;-18.5;0;2261;1.45
;;;Parkano;1060;20170116;2017;1;16;3275000;6885000;-18.1;-14.5;-19.6;0;2306;1.3
;;;Parkano;1060;20170117;2017;1;17;3275000;6885000;-19.1;-15.5;-20.5;0;2316;1.2
;;;Parkano;1060;20170118;2017;1;18;3275000;6885000;-19.5;-13.8;-22.6;0;2471;1.15
;;;Parkano;1060;20170119;2017;1;19;3275000;6885000;-18.9;-14.9;-20.6;0;2304;1.21
;;;Parkano;1060;20170120;2017;1;20;3275000;6885000;-15.4;-12.1;-21.6;0.1;1349;1.75
;;;Parkano;1060;20170121;2017;1;21;3275000;6885000;-14.5;-9.6;-18.9;0;2057;1.88
;;;Parkano;1060;20170122;2017;1;22;3275000;6885000;-18.3;-15.4;-22.5;0;1949;1.3
;;;Parkano;1060;20170123;2017;1;23;3275000;6885000;-13.8;-10.2;-18.9;0;1050;1.99
;;;Parkano;1060;20170124;2017;1;24;3275000;6885000;-6.2;-5.1;-10.3;0.1;603;3.58
;;;Parkano;1060;20170125;2017;1;25;3275000;6885000;-6.7;-5.5;-7.5;0;823;3.29
;;;Parkano;1060;20170126;2017;1;26;3275000;6885000;-12.4;-7.2;-14;0.2;1685;2.15
;;;Parkano;1060;20170127;2017;1;27;3275000;6885000;-13.5;-11.5;-15.4;0;2516;1.91
;;;Parkano;1060;20170128;2017;1;28;3275000;6885000;-12.9;-9.4;-14.8;0;3019;2.05
;;;Parkano;1060;20170129;2017;1;29;3275000;6885000;-14.4;-11.3;-16.8;0;3751;1.81
;;;Parkano;1060;20170130;2017;1;30;3275000;6885000;-13.1;-11;-16.1;4.4;997;2
;;;Parkano;1060;20170131;2017;1;31;3275000;6885000;-7.7;-6.3;-11.1;0.1;480;3.24
;;;Parkano;1060;20170201;2017;2;1;3275000;6885000;-4.5;-3.6;-6.4;0.6;700;4.23
;;;Parkano;1060;20170202;2017;2;2;3275000;6885000;-0.3;0.5;-4.2;0;752;5.99
;;;Parkano;1060;20170203;2017;2;3;3275000;6885000;-0.2;0.8;-1.2;0;788;6
;;;Parkano;1060;20170204;2017;2;4;3275000;6885000;-3.2;-0.5;-4.5;0;673;4.46
;;;Parkano;1060;20170205;2017;2;5;3275000;6885000;-5.2;-4.4;-6.6;0;1285;3.9
;;;Parkano;1060;20170206;2017;2;6;3275000;6885000;-2.1;-0.4;-4.9;2.6;833;5.29
;;;Parkano;1060;20170207;2017;2;7;3275000;6885000;0.8;1.4;-0.4;3.1;477;6.4
;;;Parkano;1060;20170208;2017;2;8;3275000;6885000;1.2;2;0.4;0.9;1279;6.35
;;;Parkano;1060;20170209;2017;2;9;3275000;6885000;1;1.7;0.7;1.1;831;6.5
;;;Parkano;1060;20170210;2017;2;10;3275000;6885000;0.4;1.2;0;0.6;1027;6.25
;;;Parkano;1060;20170211;2017;2;11;3275000;6885000;-0.2;0.6;-0.6;0.7;1172;5.9
;;;Parkano;1060;20170212;2017;2;12;3275000;6885000;-0.3;0.1;-0.8;1.2;1243;5.65
;;;Parkano;1060;20170213;2017;2;13;3275000;6885000;-0.2;0.5;-1;0;887;5.88
;;;Parkano;1060;20170214;2017;2;14;3275000;6885000;-1;0;-1.3;1.2;742;5.15
;;;Parkano;1060;20170215;2017;2;15;3275000;6885000;0.4;1.3;-1.6;2.7;936;6.25
;;;Parkano;1060;20170216;2017;2;16;3275000;6885000;1.1;1.8;0.7;0.4;1170;6.59
;;;Parkano;1060;20170217;2017;2;17;3275000;6885000;0.3;1.3;-0.1;0.6;1749;6.16
;;;Parkano;1060;20170218;2017;2;18;3275000;6885000;-1.5;0.1;-2.5;0.1;1637;5.2
;;;Parkano;1060;20170219;2017;2;19;3275000;6885000;-4.7;-2.4;-5.1;0.1;1877;3.8
;;;Parkano;1060;20170220;2017;2;20;3275000;6885000;-3.8;-1.8;-6.2;8.1;2495;3.9
;;;Parkano;1060;20170221;2017;2;21;3275000;6885000;0.3;1.3;-2;3;1959;6.2
;;;Parkano;1060;20170222;2017;2;22;3275000;6885000;2.4;3.9;0.6;0.4;1653;6.85
;;;Parkano;1060;20170223;2017;2;23;3275000;6885000;4.7;7.1;2.7;0;1676;7.21
;;;Parkano;1060;20170224;2017;2;24;3275000;6885000;2.1;4.7;1.4;0;1577;6.11
;;;Parkano;1060;20170225;2017;2;25;3275000;6885000;-1;1.7;-2.7;0;2007;4.96
;;;Parkano;1060;20170226;2017;2;26;3275000;6885000;-0.6;0.1;-1.3;0;1375;4.97
;;;Parkano;1060;20170227;2017;2;27;3275000;6885000;-0.1;1.1;-1.1;0;1862;5.49
;;;Parkano;1060;20170228;2017;2;28;3275000;6885000;0.1;2.9;-1.3;0;4243;5.05
;;;Parkano;1060;20170301;2017;3;1;3275000;6885000;-0.8;0.2;-2.3;1.3;1216;5.44
;;;Parkano;1060;20170302;2017;3;2;3275000;6885000;0.1;0.6;-0.3;2.8;1450;6.11
;;;Parkano;1060;20170303;2017;3;3;3275000;6885000;-0.1;0.4;-1;0;1662;5.95
;;;Parkano;1060;20170304;2017;3;4;3275000;6885000;1.1;2.7;-0.1;0;3612;5.87
;;;Parkano;1060;20170305;2017;3;5;3275000;6885000;1;3.4;-1.3;0;3904;5.65
;;;Parkano;1060;20170306;2017;3;6;3275000;6885000;3.1;4.3;1.4;16.7;1565;7.16
;;;Parkano;1060;20170307;2017;3;7;3275000;6885000;3;5.1;1;0.6;7116;5.94
;;;Parkano;1060;20170308;2017;3;8;3275000;6885000;3.9;7.3;0.6;0;6567;6.05
;;;Parkano;1060;20170309;2017;3;9;3275000;6885000;3.7;6.4;2.2;0;4020;6.93
;;;Parkano;1060;20170310;2017;3;10;3275000;6885000;3.2;5.9;0.9;0;8022;5.24
;;;Parkano;1060;20170311;2017;3;11;3275000;6885000;4.8;9.1;1;0;4804;6.4
;;;Parkano;1060;20170312;2017;3;12;3275000;6885000;4.6;10.1;-0.1;0;8861;6.12
;;;Parkano;1060;20170313;2017;3;13;3275000;6885000;2.3;5.4;0.6;0.1;8897;4.68
;;;Parkano;1060;20170314;2017;3;14;3275000;6885000;-0.4;2.5;-1.6;0.7;6951;4.56
;;;Parkano;1060;20170315;2017;3;15;3275000;6885000;-3.7;-0.7;-4.9;0.2;7323;3.64
;;;Parkano;1060;20170316;2017;3;16;3275000;6885000;-6.8;-0.7;-12.9;0.2;11067;2.58
;;;Parkano;1060;20170317;2017;3;17;3275000;6885000;-3.4;0.4;-8.3;2.3;4939;4.27
;;;Parkano;1060;20170318;2017;3;18;3275000;6885000;-5.7;-2.3;-7.6;0.1;8043;3.22
;;;Parkano;1060;20170319;2017;3;19;3275000;6885000;-6.9;-2.8;-14.7;3.7;5506;3.43
;;;Parkano;1060;20170320;2017;3;20;3275000;6885000;4.7;7.7;-3.6;0;6781;6.41
;;;Parkano;1060;20170321;2017;3;21;3275000;6885000;2.3;6.3;-1.2;0;11500;5.76
;;;Parkano;1060;20170322;2017;3;22;3275000;6885000;0.8;2.6;-0.5;1.6;3377;6.15
;;;Parkano;1060;20170323;2017;3;23;3275000;6885000;2.5;8.2;-0.5;0;12957;5.48
;;;Parkano;1060;20170324;2017;3;24;3275000;6885000;1;7.4;-5.6;0;13711;4.32
;;;Parkano;1060;20170325;2017;3;25;3275000;6885000;0.7;8.2;-5;0;14610;3.23
;;;Parkano;1060;20170326;2017;3;26;3275000;6885000;1.2;11.1;-7.7;0;14259;3.41
;;;Parkano;1060;20170327;2017;3;27;3275000;6885000;2;8.6;-3.5;0;14429;4.37
;;;Parkano;1060;20170328;2017;3;28;3275000;6885000;3.1;10;-3.1;0;14416;5.13
;;;Parkano;1060;20170329;2017;3;29;3275000;6885000;1.3;5.3;-1.3;0.1;11295;4.31
;;;Parkano;1060;20170330;2017;3;30;3275000;6885000;-0.3;4.8;-4.9;0.2;14115;3.83
;;;Parkano;1060;20170331;2017;3;31;3275000;6885000;-1.3;2.2;-3.2;0;9982;3.71
;;;Parkano;1060;20170401;2017;4;1;3275000;6885000;-0.9;4.5;-6;0;13048;3.98
;;;Parkano;1060;20170402;2017;4;2;3275000;6885000;0;4.4;-2.4;0;12901;3.97
;;;Parkano;1060;20170403;2017;4;3;3275000;6885000;-1.1;4.8;-7.5;0;15829;3.3
;;;Parkano;1060;20170404;2017;4;4;3275000;6885000;2.1;8.2;-3.7;0;13561;4.75
;;;Parkano;1060;20170405;2017;4;5;3275000;6885000;3.2;8.3;-0.6;0;7743;5.69
;;;Parkano;1060;20170406;2017;4;6;3275000;6885000;2.1;7;-1.4;0;8645;5.81
;;;Parkano;1060;20170407;2017;4;7;3275000;6885000;1.9;8;-2.6;0;13890;3.64
;;;Parkano;1060;20170408;2017;4;8;3275000;6885000;0.7;6.3;-5.1;0;18577;2.54
;;;Parkano;1060;20170409;2017;4;9;3275000;6885000;1.3;6.8;-6.2;0.7;18002;2.91
;;;Parkano;1060;20170410;2017;4;10;3275000;6885000;2.4;3.9;0.4;2.1;2503;6.73
;;;Parkano;1060;20170411;2017;4;11;3275000;6885000;5.6;11;2.4;5.4;15273;6.73
;;;Parkano;1060;20170412;2017;4;12;3275000;6885000;4.2;7.2;2.4;3.4;5174;7.93
;;;Parkano;1060;20170413;2017;4;13;3275000;6885000;5;9.5;3;0;11791;6.9
;;;Parkano;1060;20170414;2017;4;14;3275000;6885000;2.8;7;-0.2;0;13098;5.04
;;;Parkano;1060;20170415;2017;4;15;3275000;6885000;2.4;8.4;-5.6;0;19444;4.01
;;;Parkano;1060;20170416;2017;4;16;3275000;6885000;5.8;12.1;0.7;1.2;12540;5.65
;;;Parkano;1060;20170417;2017;4;17;3275000;6885000;5.3;8;3.1;0.3;5209;8.04
;;;Parkano;1060;20170418;2017;4;18;3275000;6885000;5.9;11;1.9;0;15748;7.35
;;;Parkano;1060;20170419;2017;4;19;3275000;6885000;7.9;14.3;2;0;14822;7.3
;;;Parkano;1060;20170420;2017;4;20;3275000;6885000;10.7;17.9;3.9;0;16875;7.57
;;;Parkano;1060;20170421;2017;4;21;3275000;6885000;7;14;-0.5;0;21464;5.48
;;;Parkano;1060;20170422;2017;4;22;3275000;6885000;3.1;8.4;-1.8;0;22637;3.43
;;;Parkano;1060;20170423;2017;4;23;3275000;6885000;3.7;10.9;-5.4;0;22981;3.5
;;;Parkano;1060;20170424;2017;4;24;3275000;6885000;7.1;16.7;-2.7;0;22557;4.74
;;;Parkano;1060;20170425;2017;4;25;3275000;6885000;7.8;16.6;-3;0;22019;4.57
;;;Parkano;1060;20170426;2017;4;26;3275000;6885000;9;17.6;-1.7;0;17590;4.88
;;;Parkano;1060;20170427;2017;4;27;3275000;6885000;8.6;15.1;1.9;0;11448;5.82
;;;Parkano;1060;20170428;2017;4;28;3275000;6885000;5.7;10.6;3.9;0;16348;5.69
;;;Parkano;1060;20170429;2017;4;29;3275000;6885000;2.8;7.5;-2.3;0.6;16138;5.1
;;;Parkano;1060;20170430;2017;4;30;3275000;6885000;2;7.1;-1.9;0;16526;3.92
;;;Parkano;1060;20170501;2017;5;1;3275000;6885000;2.1;8.2;-4.5;0;17809;4.36
;;;Parkano;1060;20170502;2017;5;2;3275000;6885000;2.6;8.7;-3.3;0.1;16943;4.81
;;;Parkano;1060;20170503;2017;5;3;3275000;6885000;1.7;5.7;-0.7;2.8;12499;5.73
;;;Parkano;1060;20170504;2017;5;4;3275000;6885000;3.5;8.6;-0.1;0;23308;4.62
;;;Parkano;1060;20170505;2017;5;5;3275000;6885000;3;8.6;-3.1;0;19990;3.51
;;;Parkano;1060;20170506;2017;5;6;3275000;6885000;4.5;10.9;-4.3;0;21823;3.96
;;;Parkano;1060;20170507;2017;5;7;3275000;6885000;4.2;11;-0.8;4.9;13378;5.52
;;;Parkano;1060;20170508;2017;5;8;3275000;6885000;7.2;10.7;2.2;7.3;5234;9.65
;;;Parkano;1060;20170509;2017;5;9;3275000;6885000;7.1;10.5;4.3;2.4;8767;8.32
;;;Parkano;1060;20170510;2017;5;10;3275000;6885000;7.7;12.3;4.8;3.9;10170;9.57
;;;Parkano;1060;20170511;2017;5;11;3275000;6885000;8.7;13;6.5;1.4;10551;9.41
;;;Parkano;1060;20170512;2017;5;12;3275000;6885000;6.9;11.1;2.4;0;7991;8.2
;;;Parkano;1060;20170513;2017;5;13;3275000;6885000;5.6;9;3.8;0.2;22967;5.04
;;;Parkano;1060;20170514;2017;5;14;3275000;6885000;5.5;10.9;-2.4;0;18568;5.38
;;;Parkano;1060;20170515;2017;5;15;3275000;6885000;8.8;14.6;4.7;0.1;12686;7.98
;;;Parkano;1060;20170516;2017;5;16;3275000;6885000;13.3;20.1;3.5;0;26027;7.88
;;;Parkano;1060;20170517;2017;5;17;3275000;6885000;17.1;24.7;8.4;0;25449;8.69
;;;Parkano;1060;20170518;2017;5;18;3275000;6885000;18.4;27.7;11.1;8.4;17355;14.27
;;;Parkano;1060;20170519;2017;5;19;3275000;6885000;16.6;21.6;13.1;0;19168;13.26
;;;Parkano;1060;20170520;2017;5;20;3275000;6885000;15;21.8;7.2;0;17901;12
;;;Parkano;1060;20170521;2017;5;21;3275000;6885000;18.2;26;8.2;0;25968;11.74
;;;Parkano;1060;20170522;2017;5;22;3275000;6885000;21.8;28.2;13.7;0;24619;12.12
;;;Parkano;1060;20170523;2017;5;23;3275000;6885000;23.2;28.9;16.2;3.5;24281;12.91
;;;Parkano;1060;20170524;2017;5;24;3275000;6885000;19.4;26;14.5;5.7;15506;16.93
;;;Parkano;1060;20170525;2017;5;25;3275000;6885000;10.8;19.8;7.6;1.5;10863;11.67
;;;Parkano;1060;20170526;2017;5;26;3275000;6885000;5.2;9.3;2.9;0.3;10226;6.94
;;;Parkano;1060;20170527;2017;5;27;3275000;6885000;8;13;4;0;17441;7.04
;;;Parkano;1060;20170528;2017;5;28;3275000;6885000;8.8;13.1;4.8;6.9;12334;9.22
;;;Parkano;1060;20170529;2017;5;29;3275000;6885000;11.8;16.3;8.3;0.5;10701;11.95
;;;Parkano;1060;20170530;2017;5;30;3275000;6885000;9.9;14.5;8.1;8.4;10839;10.98
;;;Parkano;1060;20170531;2017;5;31;3275000;6885000;9.9;14.2;6.5;0;12888;10.6
;;;Parkano;1060;20170601;2017;6;1;3275000;6885000;12.2;18.4;3.5;0;28696;9.29
;;;Parkano;1060;20170602;2017;6;2;3275000;6885000;14.6;20.3;7.2;0.7;17685;12.82
;;;Parkano;1060;20170603;2017;6;3;3275000;6885000;17.8;24.4;13.8;1.3;16029;17
;;;Parkano;1060;20170604;2017;6;4;3275000;6885000;21.6;27.6;13.3;0;21408;14.04
;;;Parkano;1060;20170605;2017;6;5;3275000;6885000;17.9;24.4;13.7;1.5;18030;15.01
;;;Parkano;1060;20170606;2017;6;6;3275000;6885000;15.5;21.8;12.6;0.5;14061;14.89
;;;Parkano;1060;20170607;2017;6;7;3275000;6885000;15.5;22.1;8.4;0;22119;12.12
;;;Parkano;1060;20170608;2017;6;8;3275000;6885000;14.9;23.3;6.9;2.2;21053;13.24
;;;Parkano;1060;20170609;2017;6;9;3275000;6885000;14.1;19;12;0;15562;12.65
;;;Parkano;1060;20170610;2017;6;10;3275000;6885000;15.8;22.9;6.2;10.7;25322;10.78
;;;Parkano;1060;20170611;2017;6;11;3275000;6885000;13.1;19.2;12;17.2;5427;14.36
;;;Parkano;1060;20170612;2017;6;12;3275000;6885000;10.5;14.1;8.1;1.9;7704;11.94
;;;Parkano;1060;20170613;2017;6;13;3275000;6885000;10.8;15.5;6.8;0;27860;7.41
;;;Parkano;1060;20170614;2017;6;14;3275000;6885000;12;18.7;2.8;0;28886;7.32
;;;Parkano;1060;20170615;2017;6;15;3275000;6885000;9.4;15.3;6.6;2.8;18043;8.1
;;;Parkano;1060;20170616;2017;6;16;3275000;6885000;6.8;11;1.7;0.5;25736;5.86
;;;Parkano;1060;20170617;2017;6;17;3275000;6885000;11.2;15.4;6.1;0.2;18824;9.08
;;;Parkano;1060;20170618;2017;6;18;3275000;6885000;11.2;15.3;7.8;0;16575;8.94
;;;Parkano;1060;20170619;2017;6;19;3275000;6885000;7;11.7;3.8;1.7;17604;8.06
;;;Parkano;1060;20170620;2017;6;20;3275000;6885000;6.7;10.8;2;3.4;18770;7.61
;;;Parkano;1060;20170621;2017;6;21;3275000;6885000;7.2;11;3.8;11;12936;8.97
;;;Parkano;1060;20170622;2017;6;22;3275000;6885000;9.6;14.8;6.4;3.1;13685;10.65
;;;Parkano;1060;20170623;2017;6;23;3275000;6885000;11.3;17;7.1;2.1;18694;9.92
;;;Parkano;1060;20170624;2017;6;24;3275000;6885000;9.6;13.4;5.4;0;17011;7.71
;;;Parkano;1060;20170625;2017;6;25;3275000;6885000;10.6;16.6;3;0;25510;7.27
;;;Parkano;1060;20170626;2017;6;26;3275000;6885000;11.4;17.8;3;0;25335;7.62
;;;Parkano;1060;20170627;2017;6;27;3275000;6885000;11.1;17.8;3.2;0;26778;8.24
;;;Parkano;1060;20170628;2017;6;28;3275000;6885000;12.2;17.7;6.1;0.2;15753;10.03
;;;Parkano;1060;20170629;2017;6;29;3275000;6885000;11.7;15;9.7;0;6018;11.86
;;;Parkano;1060;20170630;2017;6;30;3275000;6885000;13.7;18.4;7;3.5;17410;10.41
;;;Parkano;1060;20170701;2017;7;1;3275000;6885000;10.1;15.9;9.7;14.4;6189;11.86
;;;Parkano;1060;20170702;2017;7;2;3275000;6885000;13.8;19.8;8.9;3.5;24362;12.66
;;;Parkano;1060;20170703;2017;7;3;3275000;6885000;14.8;19.9;10.9;0.2;26239;11.72
;;;Parkano;1060;20170704;2017;7;4;3275000;6885000;16.1;23.3;6;0;26200;10.39
;;;Parkano;1060;20170705;2017;7;5;3275000;6885000;18.4;24.8;9.3;0;28249;12.38
;;;Parkano;1060;20170706;2017;7;6;3275000;6885000;20.3;26.6;11.2;0;25259;14.76
;;;Parkano;1060;20170707;2017;7;7;3275000;6885000;22;27.9;14.3;0.3;26105;14.65
;;;Parkano;1060;20170708;2017;7;8;3275000;6885000;21.8;27.8;15.5;0;23143;16.29
;;;Parkano;1060;20170709;2017;7;9;3275000;6885000;17.7;24.7;14.5;0;19884;15.34
;;;Parkano;1060;20170710;2017;7;10;3275000;6885000;16.2;22.7;7.4;0;28716;10.39
;;;Parkano;1060;20170711;2017;7;11;3275000;6885000;16;21.2;8.5;0.2;18389;12.56
;;;Parkano;1060;20170712;2017;7;12;3275000;6885000;20.3;26.4;13.6;0.6;15344;17.09
;;;Parkano;1060;20170713;2017;7;13;3275000;6885000;19.5;25;16.6;2.4;14335;18.79
;;;Parkano;1060;20170714;2017;7;14;3275000;6885000;16.7;22.2;11.1;5;15967;16.18
;;;Parkano;1060;20170715;2017;7;15;3275000;6885000;17.1;20.4;14.5;8.2;13925;16.71
;;;Parkano;1060;20170716;2017;7;16;3275000;6885000;17.7;24;11;0;21762;15.2
;;;Parkano;1060;20170717;2017;7;17;3275000;6885000;19.1;24.9;11.3;0;23658;15.24
;;;Parkano;1060;20170718;2017;7;18;3275000;6885000;18.7;24.2;15.9;2;16518;18.3
;;;Parkano;1060;20170719;2017;7;19;3275000;6885000;20.2;26.6;13.8;0.2;19682;17.22
;;;Parkano;1060;20170720;2017;7;20;3275000;6885000;20.8;26.8;15;0;23419;14.24
;;;Parkano;1060;20170721;2017;7;21;3275000;6885000;21;27.6;12.4;0;25632;13.43
;;;Parkano;1060;20170722;2017;7;22;3275000;6885000;21.7;29.2;12;0.3;23952;15.29
;;;Parkano;1060;20170723;2017;7;23;3275000;6885000;23;29.8;14.8;0.1;23391;16.61
;;;Parkano;1060;20170724;2017;7;24;3275000;6885000;23.4;30;15.4;0;24070;15.34
;;;Parkano;1060;20170725;2017;7;25;3275000;6885000;23.3;31;14;0;23921;15.3
;;;Parkano;1060;20170726;2017;7;26;3275000;6885000;21.2;28.7;13.8;3.9;21777;16.96
;;;Parkano;1060;20170727;2017;7;27;3275000;6885000;21.7;26.9;15.8;0;18817;18.63
;;;Parkano;1060;20170728;2017;7;28;3275000;6885000;20.1;26.7;16.6;4.9;17511;19.39
;;;Parkano;1060;20170729;2017;7;29;3275000;6885000;20.3;27.9;13.6;6.8;19322;18.63
;;;Parkano;1060;20170730;2017;7;30;3275000;6885000;19.4;22.2;16.2;13.1;12878;19.3
;;;Parkano;1060;20170731;2017;7;31;3275000;6885000;19;23.7;14.2;0;19491;15.9
;;;Parkano;1060;20170801;2017;8;1;3275000;6885000;19.9;25.6;14.7;0;21473;15.77
;;;Parkano;1060;20170802;2017;8;2;3275000;6885000;21;26;14.1;0;17164;16.49
;;;Parkano;1060;20170803;2017;8;3;3275000;6885000;24.1;30.4;17.4;0;21960;18.13
;;;Parkano;1060;20170804;2017;8;4;3275000;6885000;23.6;29.6;16.7;0;22421;16.61
;;;Parkano;1060;20170805;2017;8;5;3275000;6885000;22.7;29.5;15.1;0;20154;15.23
;;;Parkano;1060;20170806;2017;8;6;3275000;6885000;19.8;28.2;16.4;10;13939;17.63
;;;Parkano;1060;20170807;2017;8;7;3275000;6885000;19.8;25;16;0.2;17296;18.04
;;;Parkano;1060;20170808;2017;8;8;3275000;6885000;19.4;25.7;14.4;0;14694;16.94
;;;Parkano;1060;20170809;2017;8;9;3275000;6885000;17.9;23.2;13.6;0.7;14560;17.14
;;;Parkano;1060;20170810;2017;8;10;3275000;6885000;18.3;24.9;10.8;0.4;14935;16.71
;;;Parkano;1060;20170811;2017;8;11;3275000;6885000;17.5;21.3;15.8;0.6;17354;14.09
;;;Parkano;1060;20170812;2017;8;12;3275000;6885000;14.7;18.5;11.1;1.8;14211;13.35
;;;Parkano;1060;20170813;2017;8;13;3275000;6885000;14.9;21.2;10.8;1.9;14514;14.02
;;;Parkano;1060;20170814;2017;8;14;3275000;6885000;14.2;20.1;9.4;1.8;15024;13.74
;;;Parkano;1060;20170815;2017;8;15;3275000;6885000;13.4;19.9;7;0;17343;10.73
;;;Parkano;1060;20170816;2017;8;16;3275000;6885000;13.2;18.2;6;0;16122;10.67
;;;Parkano;1060;20170817;2017;8;17;3275000;6885000;13.5;15.8;10.5;4;6718;14.1
;;;Parkano;1060;20170818;2017;8;18;3275000;6885000;13.4;17;11.2;4;12100;13.21
;;;Parkano;1060;20170819;2017;8;19;3275000;6885000;12.9;17.7;10;9.1;9515;12.58
;;;Parkano;1060;20170820;2017;8;20;3275000;6885000;13.1;17.3;11.3;5.9;10347;13.88
;;;Parkano;1060;20170821;2017;8;21;3275000;6885000;12.2;16.7;8.8;10.7;12021;12.74
;;;Parkano;1060;20170822;2017;8;22;3275000;6885000;12.7;16.6;9.7;6.7;8887;13
;;;Parkano;1060;20170823;2017;8;23;3275000;6885000;11.9;17.4;9.6;3.1;11812;12.02
;;;Parkano;1060;20170824;2017;8;24;3275000;6885000;10.7;15.9;5.3;6.1;9453;11.78
;;;Parkano;1060;20170825;2017;8;25;3275000;6885000;12.4;14;10.8;12.2;4514;13.92
;;;Parkano;1060;20170826;2017;8;26;3275000;6885000;13.2;17;12.2;4;8291;14.16
;;;Parkano;1060;20170827;2017;8;27;3275000;6885000;13.9;17.7;11.9;1.9;11461;13.74
;;;Parkano;1060;20170828;2017;8;28;3275000;6885000;11.3;14;9.8;0.1;7159;11.59
;;;Parkano;1060;20170829;2017;8;29;3275000;6885000;9.5;13.1;5.6;0;11487;9.17
;;;Parkano;1060;20170830;2017;8;30;3275000;6885000;10.2;14;7.1;0;10165;9.96
;;;Parkano;1060;20170831;2017;8;31;3275000;6885000;10.6;15.8;5.8;0;10482;10.39
;;;Parkano;1060;20170901;2017;9;1;3275000;6885000;11.8;16.1;9.9;0.1;5167;11.7
;;;Parkano;1060;20170902;2017;9;2;3275000;6885000;13.9;20.2;9.2;0.3;13045;13.66
;;;Parkano;1060;20170903;2017;9;3;3275000;6885000;13.8;20.3;9.1;0;13254;13.36
;;;Parkano;1060;20170904;2017;9;4;3275000;6885000;14.5;21.1;10.1;0;15010;12.96
;;;Parkano;1060;20170905;2017;9;5;3275000;6885000;11.6;15.7;9.1;0;9910;12.7
;;;Parkano;1060;20170906;2017;9;6;3275000;6885000;11;19.2;3.9;0;12517;11.12
;;;Parkano;1060;20170907;2017;9;7;3275000;6885000;13.6;21.2;5.2;0;12651;12.04
;;;Parkano;1060;20170908;2017;9;8;3275000;6885000;14.1;19.2;11.2;3.8;8187;14.56
;;;Parkano;1060;20170909;2017;9;9;3275000;6885000;13.6;19.2;9.8;0;10073;13.45
;;;Parkano;1060;20170910;2017;9;10;3275000;6885000;11.8;17;8.4;0;11063;12.77
;;;Parkano;1060;20170911;2017;9;11;3275000;6885000;12.6;15.8;9.5;0;6082;13.08
;;;Parkano;1060;20170912;2017;9;12;3275000;6885000;10.3;17.4;5;0;13647;9.4
;;;Parkano;1060;20170913;2017;9;13;3275000;6885000;10.2;18.6;1.6;0;10793;10.77
;;;Parkano;1060;20170914;2017;9;14;3275000;6885000;9.4;16.9;3.3;0;13401;8.74
;;;Parkano;1060;20170915;2017;9;15;3275000;6885000;8.5;17.4;0.4;0;12867;8.17
;;;Parkano;1060;20170916;2017;9;16;3275000;6885000;9.7;17.7;2.8;0;10098;10.39
;;;Parkano;1060;20170917;2017;9;17;3275000;6885000;10.8;16.2;5.4;0;9415;11.64
;;;Parkano;1060;20170918;2017;9;18;3275000;6885000;11.7;17;7.8;0;9256;11.52
;;;Parkano;1060;20170919;2017;9;19;3275000;6885000;9.6;15.8;3.8;0.1;7807;10.99
;;;Parkano;1060;20170920;2017;9;20;3275000;6885000;12.6;16.4;7.2;0;5180;12.81
;;;Parkano;1060;20170921;2017;9;21;3275000;6885000;5;11.6;2.8;0;4639;6.65
;;;Parkano;1060;20170922;2017;9;22;3275000;6885000;1.8;5.9;-1.9;0;12038;4.38
;;;Parkano;1060;20170923;2017;9;23;3275000;6885000;3;6.8;-0.9;0.2;7421;5.87
;;;Parkano;1060;20170924;2017;9;24;3275000;6885000;4.6;9.9;-0.9;0;4646;7.62
;;;Parkano;1060;20170925;2017;9;25;3275000;6885000;8.7;14.5;0.8;15.9;3968;10.34
;;;Parkano;1060;20170926;2017;9;26;3275000;6885000;9.1;12.3;6.3;0.2;9113;8.93
;;;Parkano;1060;20170927;2017;9;27;3275000;6885000;11.4;15.8;8;0;7872;10.28
;;;Parkano;1060;20170928;2017;9;28;3275000;6885000;9.4;13.7;5.1;0;8085;8.34
;;;Parkano;1060;20170929;2017;9;29;3275000;6885000;5.9;11;2.6;0;8121;7.07
;;;Parkano;1060;20170930;2017;9;30;3275000;6885000;3.1;11;-3.5;0;8997;6.9
;;;Parkano;1060;20171001;2017;10;1;3275000;6885000;8;11.6;2.7;0.4;4451;9.85
;;;Parkano;1060;20171002;2017;10;2;3275000;6885000;7.3;11.1;0.8;0.3;4422;10.19
;;;Parkano;1060;20171003;2017;10;3;3275000;6885000;11.1;13.1;9.3;0;4397;12.26
;;;Parkano;1060;20171004;2017;10;4;3275000;6885000;7.5;11.5;3.7;0;7511;8.76
;;;Parkano;1060;20171005;2017;10;5;3275000;6885000;3.2;5.8;-1.3;0;1810;6.67
;;;Parkano;1060;20171006;2017;10;6;3275000;6885000;6;8.5;4.2;0.2;4753;6.92
;;;Parkano;1060;20171007;2017;10;7;3275000;6885000;6.7;8.3;5.1;9.9;1024;9.1
;;;Parkano;1060;20171008;2017;10;8;3275000;6885000;9.4;11;8;9;3206;10.94
;;;Parkano;1060;20171009;2017;10;9;3275000;6885000;10.2;11;8.3;10.5;1646;12.14
;;;Parkano;1060;20171010;2017;10;10;3275000;6885000;8.4;10.5;7;0.5;1707;10.77
;;;Parkano;1060;20171011;2017;10;11;3275000;6885000;6.5;8.6;5.5;0.8;3118;9.22
;;;Parkano;1060;20171012;2017;10;12;3275000;6885000;5.8;7.3;4.8;0.4;1756;8.93
;;;Parkano;1060;20171013;2017;10;13;3275000;6885000;5.6;8.1;4.2;0;2425;8.45
;;;Parkano;1060;20171014;2017;10;14;3275000;6885000;-0.4;4.6;-2;0;2420;4.91
;;;Parkano;1060;20171015;2017;10;15;3275000;6885000;-0.4;3.2;-2.7;0;4220;4.76
;;;Parkano;1060;20171016;2017;10;16;3275000;6885000;-2;2.8;-6.4;0;4793;4.69
;;;Parkano;1060;20171017;2017;10;17;3275000;6885000;-0.8;2.4;-6.4;6;2616;5.01
;;;Parkano;1060;20171018;2017;10;18;3275000;6885000;5.8;8.4;1.2;5.3;971;9.15
;;;Parkano;1060;20171019;2017;10;19;3275000;6885000;2.9;7.4;1.6;0.3;1697;7.31
;;;Parkano;1060;20171020;2017;10;20;3275000;6885000;-1.1;1.7;-2.6;0;1157;4.56
;;;Parkano;1060;20171021;2017;10;21;3275000;6885000;-3.8;-1.3;-5.4;0;5177;3.14
;;;Parkano;1060;20171022;2017;10;22;3275000;6885000;-4.6;-2.2;-7.7;0;3398;3.35
;;;Parkano;1060;20171023;2017;10;23;3275000;6885000;-0.6;1.7;-3.6;1.4;1340;4.38
;;;Parkano;1060;20171024;2017;10;24;3275000;6885000;4.3;6.5;1.3;7.5;487;8.1
;;;Parkano;1060;20171025;2017;10;25;3275000;6885000;8.5;9.9;5.7;0.5;1167;10.28
;;;Parkano;1060;20171026;2017;10;26;3275000;6885000;9;11.5;5.7;2.5;1070;9.66
;;;Parkano;1060;20171027;2017;10;27;3275000;6885000;11.4;13.1;3.8;0.6;779;12.22
;;;Parkano;1060;20171028;2017;10;28;3275000;6885000;7.8;13.1;4.3;6.1;597;9.37
;;;Parkano;1060;20171029;2017;10;29;3275000;6885000;3.1;6.4;1.1;0;3895;6.93
;;;Parkano;1060;20171030;2017;10;30;3275000;6885000;1;4.3;-1.2;0;2102;6.28
;;;Parkano;1060;20171031;2017;10;31;3275000;6885000;-2.2;1.5;-5.6;6.9;3522;4.65
;;;Parkano;1060;20171101;2017;11;1;3275000;6885000;6.1;9.7;-1.1;5.7;373;9.57
;;;Parkano;1060;20171102;2017;11;2;3275000;6885000;9.4;10.2;9.2;7.7;273;11.58
;;;Parkano;1060;20171103;2017;11;3;3275000;6885000;8.7;10;7.1;14.4;327;10.89
;;;Parkano;1060;20171104;2017;11;4;3275000;6885000;-2.6;9.4;-5.7;0;1868;4.28
;;;Parkano;1060;20171105;2017;11;5;3275000;6885000;-3.9;-1.3;-7.9;7;900;4.12
;;;Parkano;1060;20171106;2017;11;6;3275000;6885000;-2.3;-1.3;-3;3.3;1136;5.06
;;;Parkano;1060;20171107;2017;11;7;3275000;6885000;-1.8;-0.8;-3;1;867;5.23
;;;Parkano;1060;20171108;2017;11;8;3275000;6885000;3.3;5.1;-1.2;0.7;651;7.73
;;;Parkano;1060;20171109;2017;11;9;3275000;6885000;4.8;6.2;3.5;13.5;325;8.35
;;;Parkano;1060;20171110;2017;11;10;3275000;6885000;6.5;7.9;3.7;5.4;522;9.56
;;;Parkano;1060;20171111;2017;11;11;3275000;6885000;2.4;6;-0.5;0.1;571;7.09
;;;Parkano;1060;20171112;2017;11;12;3275000;6885000;-0.8;0.1;-1.8;0.1;675;5.21
;;;Parkano;1060;20171113;2017;11;13;3275000;6885000;-0.3;0.8;-0.7;0;883;5.7
;;;Parkano;1060;20171114;2017;11;14;3275000;6885000;-1;0.5;-3.2;0;527;5.46
;;;Parkano;1060;20171115;2017;11;15;3275000;6885000;-0.6;0.4;-2.1;0;1089;5.72
;;;Parkano;1060;20171116;2017;11;16;3275000;6885000;-0.4;0.5;-1.4;0;418;5.38
;;;Parkano;1060;20171117;2017;11;17;3275000;6885000;-0.7;1;-2.1;0;446;5.52
;;;Parkano;1060;20171118;2017;11;18;3275000;6885000;-1.8;-0.5;-2.9;0;467;5.23
;;;Parkano;1060;20171119;2017;11;19;3275000;6885000;-3.1;-1.7;-3.9;0;379;4.48
;;;Parkano;1060;20171120;2017;11;20;3275000;6885000;-2.7;-2.1;-3.3;0;355;4.7
;;;Parkano;1060;20171121;2017;11;21;3275000;6885000;-2.9;-2.3;-3.9;0.4;588;4.69
;;;Parkano;1060;20171122;2017;11;22;3275000;6885000;-1.9;0.1;-5.3;0.5;605;5.29
;;;Parkano;1060;20171123;2017;11;23;3275000;6885000;0.9;2;-0.3;0.7;273;6.06
;;;Parkano;1060;20171124;2017;11;24;3275000;6885000;2.4;3.8;0.3;1.1;339;7.19
;;;Parkano;1060;20171125;2017;11;25;3275000;6885000;2.5;3.9;2.1;1.4;440;7.25
;;;Parkano;1060;20171126;2017;11;26;3275000;6885000;2.1;2.7;1.3;0.2;311;7
;;;Parkano;1060;20171127;2017;11;27;3275000;6885000;2;2.4;1.5;0.3;344;7
;;;Parkano;1060;20171128;2017;11;28;3275000;6885000;0.8;2.5;-0.4;0;387;6.36
;;;Parkano;1060;20171129;2017;11;29;3275000;6885000;-2.1;0;-3;0;663;5.1
;;;Parkano;1060;20171130;2017;11;30;3275000;6885000;-3.9;-2.1;-5.6;0.1;286;4.22
;;;Parkano;1060;20171201;2017;12;1;3275000;6885000;-0.5;2.1;-4.2;0.4;71;5.22
;;;Parkano;1060;20171202;2017;12;2;3275000;6885000;1.6;2.8;-0.7;0.1;889;6.4
;;;Parkano;1060;20171203;2017;12;3;3275000;6885000;2.6;5.8;-0.3;0;655;7
;;;Parkano;1060;20171204;2017;12;4;3275000;6885000;0.6;2.5;-1.8;3.9;212;6.36
;;;Parkano;1060;20171205;2017;12;5;3275000;6885000;0.5;2.5;-1.2;1.3;173;6.26
;;;Parkano;1060;20171206;2017;12;6;3275000;6885000;1;3.2;-2.2;9.3;404;6.37
;;;Parkano;1060;20171207;2017;12;7;3275000;6885000;2.7;4;1.6;0.5;252;7.08
;;;Parkano;1060;20171208;2017;12;8;3275000;6885000;1.2;2.3;-0.8;0;236;5.96
;;;Parkano;1060;20171209;2017;12;9;3275000;6885000;1.8;3.8;-0.7;5.5;177;6.21
;;;Parkano;1060;20171210;2017;12;10;3275000;6885000;2;3.2;0.4;5.7;268;6.75
;;;Parkano;1060;20171211;2017;12;11;3275000;6885000;1.2;2.8;0.5;1;235;6.45
;;;Parkano;1060;20171212;2017;12;12;3275000;6885000;-0.3;1.2;-2;0.6;308;5.91
;;;Parkano;1060;20171213;2017;12;13;3275000;6885000;-0.2;0.4;-2.3;0.1;432;5.85
;;;Parkano;1060;20171214;2017;12;14;3275000;6885000;2.2;3.3;-0.2;7.2;133;6.75
;;;Parkano;1060;20171215;2017;12;15;3275000;6885000;0.1;2.4;-0.9;2.1;542;5.86
;;;Parkano;1060;20171216;2017;12;16;3275000;6885000;-1.2;0.4;-3.1;0.1;294;5.57
;;;Parkano;1060;20171217;2017;12;17;3275000;6885000;-1.6;-0.5;-3.3;2.3;303;5.4
;;;Parkano;1060;20171218;2017;12;18;3275000;6885000;0.8;1.9;-0.7;5.1;190;6.45
;;;Parkano;1060;20171219;2017;12;19;3275000;6885000;-0.8;1.5;-1.8;0.1;438;5.37
;;;Parkano;1060;20171220;2017;12;20;3275000;6885000;-3.5;-1.3;-5.1;0;465;4.26
;;;Parkano;1060;20171221;2017;12;21;3275000;6885000;-5.1;-3.6;-7.4;0;255;3.86
;;;Parkano;1060;20171222;2017;12;22;3275000;6885000;-7.1;-5;-7.7;0.5;286;3.2
;;;Parkano;1060;20171223;2017;12;23;3275000;6885000;-9.5;-7.2;-12.6;2.2;306;2.79
;;;Parkano;1060;20171224;2017;12;24;3275000;6885000;-12;-9.3;-16.8;0.1;784;2.34
;;;Parkano;1060;20171225;2017;12;25;3275000;6885000;-6.4;-4;-10.1;0;859;3.62
;;;Parkano;1060;20171226;2017;12;26;3275000;6885000;-8.3;-6.1;-10.9;0;852;3.03
;;;Parkano;1060;20171227;2017;12;27;3275000;6885000;-13;-8.4;-17.4;0.2;314;2.16
;;;Parkano;1060;20171228;2017;12;28;3275000;6885000;-15.9;-9.7;-22.4;2.5;733;1.72
;;;Parkano;1060;20171229;2017;12;29;3275000;6885000;-1.2;1.3;-10.1;3.2;307;5.64
;;;Parkano;1060;20171230;2017;12;30;3275000;6885000;3.5;5.1;1.1;0;433;7.5
;;;Parkano;1060;20171231;2017;12;31;3275000;6885000;2.7;3.7;2;0;173;6.71
;;;Parkano;1060;20180101;2018;1;1;3275000;6885000;0;2.2;-0.6;0.4;113;5.74
;;;Parkano;1060;20180102;2018;1;2;3275000;6885000;-0.4;0;-0.8;0.3;131;5.4
;;;Parkano;1060;20180103;2018;1;3;3275000;6885000;0.4;0.9;0;2.8;89;6.25
;;;Parkano;1060;20180104;2018;1;4;3275000;6885000;1.1;2.3;0.1;0;199;6.65
;;;Parkano;1060;20180105;2018;1;5;3275000;6885000;0.6;1.9;-0.1;1.5;152;6.35
;;;Parkano;1060;20180106;2018;1;6;3275000;6885000;2.9;3.8;0.3;1.2;140;7.52
;;;Parkano;1060;20180107;2018;1;7;3275000;6885000;3.9;4.5;3.2;0.9;183;8.07
;;;Parkano;1060;20180108;2018;1;8;3275000;6885000;0.9;3.6;-0.2;0.5;269;6.55
;;;Parkano;1060;20180109;2018;1;9;3275000;6885000;-2.1;0.2;-4.5;0.7;301;5.16
;;;Parkano;1060;20180110;2018;1;10;3275000;6885000;-7.6;-4.4;-9.2;5.7;291;3.2
;;;Parkano;1060;20180111;2018;1;11;3275000;6885000;-12.2;-9.2;-13.4;0.5;505;2.11
;;;Parkano;1060;20180112;2018;1;12;3275000;6885000;-16.7;-11.4;-18.6;0;1647;1.48
;;;Parkano;1060;20180113;2018;1;13;3275000;6885000;-19.2;-16.6;-21.9;0;1475;1.17
;;;Parkano;1060;20180114;2018;1;14;3275000;6885000;-13.3;-9.9;-18.7;0;1316;1.97
;;;Parkano;1060;20180115;2018;1;15;3275000;6885000;-16.9;-13.7;-18.5;0;2261;1.45
;;;Parkano;1060;20180116;2018;1;16;3275000;6885000;-18.1;-14.5;-19.6;0;2306;1.3
;;;Parkano;1060;20180117;2018;1;17;3275000;6885000;-19.1;-15.5;-20.5;0;2316;1.2
;;;Parkano;1060;20180118;2018;1;18;3275000;6885000;-19.5;-13.8;-22.6;0;2471;1.15
;;;Parkano;1060;20180119;2018;1;19;3275000;6885000;-18.9;-14.9;-20.6;0;2304;1.21
;;;Parkano;1060;20180120;2018;1;20;3275000;6885000;-15.4;-12.1;-21.6;0.1;1349;1.75
;;;Parkano;1060;20180121;2018;1;21;3275000;6885000;-14.5;-9.6;-18.9;0;2057;1.88
;;;Parkano;1060;20180122;2018;1;22;3275000;6885000;-18.3;-15.4;-22.5;0;1949;1.3
;;;Parkano;1060;20180123;2018;1;23;3275000;6885000;-13.8;-10.2;-18.9;0;1050;1.99
;;;Parkano;1060;20180124;2018;1;24;3275000;6885000;-6.2;-5.1;-10.3;0.1;603;3.58
;;;Parkano;1060;20180125;2018;1;25;3275000;6885000;-6.7;-5.5;-7.5;0;823;3.29
;;;Parkano;1060;20180126;2018;1;26;3275000;6885000;-12.4;-7.2;-14;0.2;1685;2.15
;;;Parkano;1060;20180127;2018;1;27;3275000;6885000;-13.5;-11.5;-15.4;0;2516;1.91
;;;Parkano;1060;20180128;2018;1;28;3275000;6885000;-12.9;-9.4;-14.8;0;3019;2.05
;;;Parkano;1060;20180129;2018;1;29;3275000;6885000;-14.4;-11.3;-16.8;0;3751;1.81
;;;Parkano;1060;20180130;2018;1;30;3275000;6885000;-13.1;-11;-16.1;4.4;997;2
;;;Parkano;1060;20180131;2018;1;31;3275000;6885000;-7.7;-6.3;-11.1;0.1;480;3.24
;;;Parkano;1060;20180201;2018;2;1;3275000;6885000;-4.5;-3.6;-6.4;0.6;700;4.23
;;;Parkano;1060;20180202;2018;2;2;3275000;6885000;-0.3;0.5;-4.2;0;752;5.99
;;;Parkano;1060;20180203;2018;2;3;3275000;6885000;-0.2;0.8;-1.2;0;788;6
;;;Parkano;1060;20180204;2018;2;4;3275000;6885000;-3.2;-0.5;-4.5;0;673;4.46
;;;Parkano;1060;20180205;2018;2;5;3275000;6885000;-5.2;-4.4;-6.6;0;1285;3.9
;;;Parkano;1060;20180206;2018;2;6;3275000;6885000;-2.1;-0.4;-4.9;2.6;833;5.29
;;;Parkano;1060;20180207;2018;2;7;3275000;6885000;0.8;1.4;-0.4;3.1;477;6.4
;;;Parkano;1060;20180208;2018;2;8;3275000;6885000;1.2;2;0.4;0.9;1279;6.35
;;;Parkano;1060;20180209;2018;2;9;3275000;6885000;1;1.7;0.7;1.1;831;6.5
;;;Parkano;1060;20180210;2018;2;10;3275000;6885000;0.4;1.2;0;0.6;1027;6.25
;;;Parkano;1060;20180211;2018;2;11;3275000;6885000;-0.2;0.6;-0.6;0.7;1172;5.9
;;;Parkano;1060;20180212;2018;2;12;3275000;6885000;-0.3;0.1;-0.8;1.2;1243;5.65
;;;Parkano;1060;20180213;2018;2;13;3275000;6885000;-0.2;0.5;-1;0;887;5.88
;;;Parkano;1060;20180214;2018;2;14;3275000;6885000;-1;0;-1.3;1.2;742;5.15
;;;Parkano;1060;20180215;2018;2;15;3275000;6885000;0.4;1.3;-1.6;2.7;936;6.25
;;;Parkano;1060;20180216;2018;2;16;3275000;6885000;1.1;1.8;0.7;0.4;1170;6.59
;;;Parkano;1060;20180217;2018;2;17;3275000;6885000;0.3;1.3;-0.1;0.6;1749;6.16
;;;Parkano;1060;20180218;2018;2;18;3275000;6885000;-1.5;0.1;-2.5;0.1;1637;5.2
;;;Parkano;1060;20180219;2018;2;19;3275000;6885000;-4.7;-2.4;-5.1;0.1;1877;3.8
;;;Parkano;1060;20180220;2018;2;20;3275000;6885000;-3.8;-1.8;-6.2;8.1;2495;3.9
;;;Parkano;1060;20180221;2018;2;21;3275000;6885000;0.3;1.3;-2;3;1959;6.2
;;;Parkano;1060;20180222;2018;2;22;3275000;6885000;2.4;3.9;0.6;0.4;1653;6.85
;;;Parkano;1060;20180223;2018;2;23;3275000;6885000;4.7;7.1;2.7;0;1676;7.21
;;;Parkano;1060;20180224;2018;2;24;3275000;6885000;2.1;4.7;1.4;0;1577;6.11
;;;Parkano;1060;20180225;2018;2;25;3275000;6885000;-1;1.7;-2.7;0;2007;4.96
;;;Parkano;1060;20180226;2018;2;26;3275000;6885000;-0.6;0.1;-1.3;0;1375;4.97
;;;Parkano;1060;20180227;2018;2;27;3275000;6885000;-0.1;1.1;-1.1;0;1862;5.49
;;;Parkano;1060;20180228;2018;2;28;3275000;6885000;0.1;2.9;-1.3;0;4243;5.05
;;;Parkano;1060;20180301;2018;3;1;3275000;6885000;-0.8;0.2;-2.3;1.3;1216;5.44
;;;Parkano;1060;20180302;2018;3;2;3275000;6885000;0.1;0.6;-0.3;2.8;1450;6.11
;;;Parkano;1060;20180303;2018;3;3;3275000;6885000;-0.1;0.4;-1;0;1662;5.95
;;;Parkano;1060;20180304;2018;3;4;3275000;6885000;1.1;2.7;-0.1;0;3612;5.87
;;;Parkano;1060;20180305;2018;3;5;3275000;6885000;1;3.4;-1.3;0;3904;5.65
;;;Parkano;1060;20180306;2018;3;6;3275000;6885000;3.1;4.3;1.4;16.7;1565;7.16
;;;Parkano;1060;20180307;2018;3;7;3275000;6885000;3;5.1;1;0.6;7116;5.94
;;;Parkano;1060;20180308;2018;3;8;3275000;6885000;3.9;7.3;0.6;0;6567;6.05
;;;Parkano;1060;20180309;2018;3;9;3275000;6885000;3.7;6.4;2.2;0;4020;6.93
;;;Parkano;1060;20180310;2018;3;10;3275000;6885000;3.2;5.9;0.9;0;8022;5.24
;;;Parkano;1060;20180311;2018;3;11;3275000;6885000;4.8;9.1;1;0;4804;6.4
;;;Parkano;1060;20180312;2018;3;12;3275000;6885000;4.6;10.1;-0.1;0;8861;6.12
;;;Parkano;1060;20180313;2018;3;13;3275000;6885000;2.3;5.4;0.6;0.1;8897;4.68
;;;Parkano;1060;20180314;2018;3;14;3275000;6885000;-0.4;2.5;-1.6;0.7;6951;4.56
;;;Parkano;1060;20180315;2018;3;15;3275000;6885000;-3.7;-0.7;-4.9;0.2;7323;3.64
;;;Parkano;1060;20180316;2018;3;16;3275000;6885000;-6.8;-0.7;-12.9;0.2;11067;2.58
;;;Parkano;1060;20180317;2018;3;17;3275000;6885000;-3.4;0.4;-8.3;2.3;4939;4.27
;;;Parkano;1060;20180318;2018;3;18;3275000;6885000;-5.7;-2.3;-7.6;0.1;8043;3.22
;;;Parkano;1060;20180319;2018;3;19;3275000;6885000;-6.9;-2.8;-14.7;3.7;5506;3.43
;;;Parkano;1060;20180320;2018;3;20;3275000;6885000;4.7;7.7;-3.6;0;6781;6.41
;;;Parkano;1060;20180321;2018;3;21;3275000;6885000;2.3;6.3;-1.2;0;11500;5.76
;;;Parkano;1060;20180322;2018;3;22;3275000;6885000;0.8;2.6;-0.5;1.6;3377;6.15
;;;Parkano;1060;20180323;2018;3;23;3275000;6885000;2.5;8.2;-0.5;0;12957;5.48
;;;Parkano;1060;20180324;2018;3;24;3275000;6885000;1;7.4;-5.6;0;13711;4.32
;;;Parkano;1060;20180325;2018;3;25;3275000;6885000;0.7;8.2;-5;0;14610;3.23
;;;Parkano;1060;20180326;2018;3;26;3275000;6885000;1.2;11.1;-7.7;0;14259;3.41
;;;Parkano;1060;20180327;2018;3;27;3275000;6885000;2;8.6;-3.5;0;14429;4.37
;;;Parkano;1060;20180328;2018;3;28;3275000;6885000;3.1;10;-3.1;0;14416;5.13
;;;Parkano;1060;20180329;2018;3;29;3275000;6885000;1.3;5.3;-1.3;0.1;11295;4.31
;;;Parkano;1060;20180330;2018;3;30;3275000;6885000;-0.3;4.8;-4.9;0.2;14115;3.83
;;;Parkano;1060;20180331;2018;3;31;3275000;6885000;-1.3;2.2;-3.2;0;9982;3.71
;;;Parkano;1060;20180401;2018;4;1;3275000;6885000;-0.9;4.5;-6;0;13048;3.98
;;;Parkano;1060;20180402;2018;4;2;3275000;6885000;0;4.4;-2.4;0;12901;3.97
;;;Parkano;1060;20180403;2018;4;3;3275000;6885000;-1.1;4.8;-7.5;0;15829;3.3
;;;Parkano;1060;20180404;2018;4;4;3275000;6885000;2.1;8.2;-3.7;0;13561;4.75
;;;Parkano;1060;20180405;2018;4;5;3275000;6885000;3.2;8.3;-0.6;0;7743;5.69
;;;Parkano;1060;20180406;2018;4;6;3275000;6885000;2.1;7;-1.4;0;8645;5.81
;;;Parkano;1060;20180407;2018;4;7;3275000;6885000;1.9;8;-2.6;0;13890;3.64
;;;Parkano;1060;20180408;2018;4;8;3275000;6885000;0.7;6.3;-5.1;0;18577;2.54
;;;Parkano;1060;20180409;2018;4;9;3275000;6885000;1.3;6.8;-6.2;0.7;18002;2.91
;;;Parkano;1060;20180410;2018;4;10;3275000;6885000;2.4;3.9;0.4;2.1;2503;6.73
;;;Parkano;1060;20180411;2018;4;11;3275000;6885000;5.6;11;2.4;5.4;15273;6.73
;;;Parkano;1060;20180412;2018;4;12;3275000;6885000;4.2;7.2;2.4;3.4;5174;7.93
;;;Parkano;1060;20180413;2018;4;13;3275000;6885000;5;9.5;3;0;11791;6.9
;;;Parkano;1060;20180414;2018;4;14;3275000;6885000;2.8;7;-0.2;0;13098;5.04
;;;Parkano;1060;20180415;2018;4;15;3275000;6885000;2.4;8.4;-5.6;0;19444;4.01
;;;Parkano;1060;20180416;2018;4;16;3275000;6885000;5.8;12.1;0.7;1.2;12540;5.65
;;;Parkano;1060;20180417;2018;4;17;3275000;6885000;5.3;8;3.1;0.3;5209;8.04
;;;Parkano;1060;20180418;2018;4;18;3275000;6885000;5.9;11;1.9;0;15748;7.35
;;;Parkano;1060;20180419;2018;4;19;3275000;6885000;7.9;14.3;2;0;14822;7.3
;;;Parkano;1060;20180420;2018;4;20;3275000;6885000;10.7;17.9;3.9;0;16875;7.57
;;;Parkano;1060;20180421;2018;4;21;3275000;6885000;7;14;-0.5;0;21464;5.48
;;;Parkano;1060;20180422;2018;4;22;3275000;6885000;3.1;8.4;-1.8;0;22637;3.43
;;;Parkano;1060;20180423;2018;4;23;3275000;6885000;3.7;10.9;-5.4;0;22981;3.5
;;;Parkano;1060;20180424;2018;4;24;3275000;6885000;7.1;16.7;-2.7;0;22557;4.74
;;;Parkano;1060;20180425;2018;4;25;3275000;6885000;7.8;16.6;-3;0;22019;4.57
;;;Parkano;1060;20180426;2018;4;26;3275000;6885000;9;17.6;-1.7;0;17590;4.88
;;;Parkano;1060;20180427;2018;4;27;3275000;6885000;8.6;15.1;1.9;0;11448;5.82
;;;Parkano;1060;20180428;2018;4;28;3275000;6885000;5.7;10.6;3.9;0;16348;5.69
;;;Parkano;1060;20180429;2018;4;29;3275000;6885000;2.8;7.5;-2.3;0.6;16138;5.1
;;;Parkano;1060;20180430;2018;4;30;3275000;6885000;2;7.1;-1.9;0;16526;3.92
;;;Parkano;1060;20180501;2018;5;1;3275000;6885000;2.1;8.2;-4.5;0;17809;4.36
;;;Parkano;1060;20180502;2018;5;2;3275000;6885000;2.6;8.7;-3.3;0.1;16943;4.81
;;;Parkano;1060;20180503;2018;5;3;3275000;6885000;1.7;5.7;-0.7;2.8;12499;5.73
;;;Parkano;1060;20180504;2018;5;4;3275000;6885000;3.5;8.6;-0.1;0;23308;4.62
;;;Parkano;1060;20180505;2018;5;5;3275000;6885000;3;8.6;-3.1;0;19990;3.51
;;;Parkano;1060;20180506;2018;5;6;3275000;6885000;4.5;10.9;-4.3;0;21823;3.96
;;;Parkano;1060;20180507;2018;5;7;3275000;6885000;4.2;11;-0.8;4.9;13378;5.52
;;;Parkano;1060;20180508;2018;5;8;3275000;6885000;7.2;10.7;2.2;7.3;5234;9.65
;;;Parkano;1060;20180509;2018;5;9;3275000;6885000;7.1;10.5;4.3;2.4;8767;8.32
;;;Parkano;1060;20180510;2018;5;10;3275000;6885000;7.7;12.3;4.8;3.9;10170;9.57
;;;Parkano;1060;20180511;2018;5;11;3275000;6885000;8.7;13;6.5;1.4;10551;9.41
;;;Parkano;1060;20180512;2018;5;12;3275000;6885000;6.9;11.1;2.4;0;7991;8.2
;;;Parkano;1060;20180513;2018;5;13;3275000;6885000;5.6;9;3.8;0.2;22967;5.04
;;;Parkano;1060;20180514;2018;5;14;3275000;6885000;5.5;10.9;-2.4;0;18568;5.38
;;;Parkano;1060;20180515;2018;5;15;3275000;6885000;8.8;14.6;4.7;0.1;12686;7.98
;;;Parkano;1060;20180516;2018;5;16;3275000;6885000;13.3;20.1;3.5;0;26027;7.88
;;;Parkano;1060;20180517;2018;5;17;3275000;6885000;17.1;24.7;8.4;0;25449;8.69
;;;Parkano;1060;20180518;2018;5;18;3275000;6885000;18.4;27.7;11.1;8.4;17355;14.27
;;;Parkano;1060;20180519;2018;5;19;3275000;6885000;16.6;21.6;13.1;0;19168;13.26
;;;Parkano;1060;20180520;2018;5;20;3275000;6885000;15;21.8;7.2;0;17901;12
;;;Parkano;1060;20180521;2018;5;21;3275000;6885000;18.2;26;8.2;0;25968;11.74
;;;Parkano;1060;20180522;2018;5;22;3275000;6885000;21.8;28.2;13.7;0;24619;12.12
;;;Parkano;1060;20180523;2018;5;23;3275000;6885000;23.2;28.9;16.2;3.5;24281;12.91
;;;Parkano;1060;20180524;2018;5;24;3275000;6885000;19.4;26;14.5;5.7;15506;16.93
;;;Parkano;1060;20180525;2018;5;25;3275000;6885000;10.8;19.8;7.6;1.5;10863;11.67
;;;Parkano;1060;20180526;2018;5;26;3275000;6885000;5.2;9.3;2.9;0.3;10226;6.94
;;;Parkano;1060;20180527;2018;5;27;3275000;6885000;8;13;4;0;17441;7.04
;;;Parkano;1060;20180528;2018;5;28;3275000;6885000;8.8;13.1;4.8;6.9;12334;9.22
;;;Parkano;1060;20180529;2018;5;29;3275000;6885000;11.8;16.3;8.3;0.5;10701;11.95
;;;Parkano;1060;20180530;2018;5;30;3275000;6885000;9.9;14.5;8.1;8.4;10839;10.98
;;;Parkano;1060;20180531;2018;5;31;3275000;6885000;9.9;14.2;6.5;0;12888;10.6
;;;Parkano;1060;20180601;2018;6;1;3275000;6885000;12.2;18.4;3.5;0;28696;9.29
;;;Parkano;1060;20180602;2018;6;2;3275000;6885000;14.6;20.3;7.2;0.7;17685;12.82
;;;Parkano;1060;20180603;2018;6;3;3275000;6885000;17.8;24.4;13.8;1.3;16029;17
;;;Parkano;1060;20180604;2018;6;4;3275000;6885000;21.6;27.6;13.3;0;21408;14.04
;;;Parkano;1060;20180605;2018;6;5;3275000;6885000;17.9;24.4;13.7;1.5;18030;15.01
;;;Parkano;1060;20180606;2018;6;6;3275000;6885000;15.5;21.8;12.6;0.5;14061;14.89
;;;Parkano;1060;20180607;2018;6;7;3275000;6885000;15.5;22.1;8.4;0;22119;12.12
;;;Parkano;1060;20180608;2018;6;8;3275000;6885000;14.9;23.3;6.9;2.2;21053;13.24
;;;Parkano;1060;20180609;2018;6;9;3275000;6885000;14.1;19;12;0;15562;12.65
;;;Parkano;1060;20180610;2018;6;10;3275000;6885000;15.8;22.9;6.2;10.7;25322;10.78
;;;Parkano;1060;20180611;2018;6;11;3275000;6885000;13.1;19.2;12;17.2;5427;14.36
;;;Parkano;1060;20180612;2018;6;12;3275000;6885000;10.5;14.1;8.1;1.9;7704;11.94
;;;Parkano;1060;20180613;2018;6;13;3275000;6885000;10.8;15.5;6.8;0;27860;7.41
;;;Parkano;1060;20180614;2018;6;14;3275000;6885000;12;18.7;2.8;0;28886;7.32
;;;Parkano;1060;20180615;2018;6;15;3275000;6885000;9.4;15.3;6.6;2.8;18043;8.1
;;;Parkano;1060;20180616;2018;6;16;3275000;6885000;6.8;11;1.7;0.5;25736;5.86
;;;Parkano;1060;20180617;2018;6;17;3275000;6885000;11.2;15.4;6.1;0.2;18824;9.08
;;;Parkano;1060;20180618;2018;6;18;3275000;6885000;11.2;15.3;7.8;0;16575;8.94
;;;Parkano;1060;20180619;2018;6;19;3275000;6885000;7;11.7;3.8;1.7;17604;8.06
;;;Parkano;1060;20180620;2018;6;20;3275000;6885000;6.7;10.8;2;3.4;18770;7.61
;;;Parkano;1060;20180621;2018;6;21;3275000;6885000;7.2;11;3.8;11;12936;8.97
;;;Parkano;1060;20180622;2018;6;22;3275000;6885000;9.6;14.8;6.4;3.1;13685;10.65
;;;Parkano;1060;20180623;2018;6;23;3275000;6885000;11.3;17;7.1;2.1;18694;9.92
;;;Parkano;1060;20180624;2018;6;24;3275000;6885000;9.6;13.4;5.4;0;17011;7.71
;;;Parkano;1060;20180625;2018;6;25;3275000;6885000;10.6;16.6;3;0;25510;7.27
;;;Parkano;1060;20180626;2018;6;26;3275000;6885000;11.4;17.8;3;0;25335;7.62
;;;Parkano;1060;20180627;2018;6;27;3275000;6885000;11.1;17.8;3.2;0;26778;8.24
;;;Parkano;1060;20180628;2018;6;28;3275000;6885000;12.2;17.7;6.1;0.2;15753;10.03
;;;Parkano;1060;20180629;2018;6;29;3275000;6885000;11.7;15;9.7;0;6018;11.86
;;;Parkano;1060;20180630;2018;6;30;3275000;6885000;13.7;18.4;7;3.5;17410;10.41
;;;Parkano;1060;20180701;2018;7;1;3275000;6885000;10.1;15.9;9.7;14.4;6189;11.86
;;;Parkano;1060;20180702;2018;7;2;3275000;6885000;13.8;19.8;8.9;3.5;24362;12.66
;;;Parkano;1060;20180703;2018;7;3;3275000;6885000;14.8;19.9;10.9;0.2;26239;11.72
;;;Parkano;1060;20180704;2018;7;4;3275000;6885000;16.1;23.3;6;0;26200;10.39
;;;Parkano;1060;20180705;2018;7;5;3275000;6885000;18.4;24.8;9.3;0;28249;12.38
;;;Parkano;1060;20180706;2018;7;6;3275000;6885000;20.3;26.6;11.2;0;25259;14.76
;;;Parkano;1060;20180707;2018;7;7;3275000;6885000;22;27.9;14.3;0.3;26105;14.65
;;;Parkano;1060;20180708;2018;7;8;3275000;6885000;21.8;27.8;15.5;0;23143;16.29
;;;Parkano;1060;20180709;2018;7;9;3275000;6885000;17.7;24.7;14.5;0;19884;15.34
;;;Parkano;1060;20180710;2018;7;10;3275000;6885000;16.2;22.7;7.4;0;28716;10.39
;;;Parkano;1060;20180711;2018;7;11;3275000;6885000;16;21.2;8.5;0.2;18389;12.56
;;;Parkano;1060;20180712;2018;7;12;3275000;6885000;20.3;26.4;13.6;0.6;15344;17.09
;;;Parkano;1060;20180713;2018;7;13;3275000;6885000;19.5;25;16.6;2.4;14335;18.79
;;;Parkano;1060;20180714;2018;7;14;3275000;6885000;16.7;22.2;11.1;5;15967;16.18
;;;Parkano;1060;20180715;2018;7;15;3275000;6885000;17.1;20.4;14.5;8.2;13925;16.71
;;;Parkano;1060;20180716;2018;7;16;3275000;6885000;17.7;24;11;0;21762;15.2
;;;Parkano;1060;20180717;2018;7;17;3275000;6885000;19.1;24.9;11.3;0;23658;15.24
;;;Parkano;1060;20180718;2018;7;18;3275000;6885000;18.7;24.2;15.9;2;16518;18.3
;;;Parkano;1060;20180719;2018;7;19;3275000;6885000;20.2;26.6;13.8;0.2;19682;17.22
;;;Parkano;1060;20180720;2018;7;20;3275000;6885000;20.8;26.8;15;0;23419;14.24
;;;Parkano;1060;20180721;2018;7;21;3275000;6885000;21;27.6;12.4;0;25632;13.43
;;;Parkano;1060;20180722;2018;7;22;3275000;6885000;21.7;29.2;12;0.3;23952;15.29
;;;Parkano;1060;20180723;2018;7;23;3275000;6885000;23;29.8;14.8;0.1;23391;16.61
;;;Parkano;1060;20180724;2018;7;24;3275000;6885000;23.4;30;15.4;0;24070;15.34
;;;Parkano;1060;20180725;2018;7;25;3275000;6885000;23.3;31;14;0;23921;15.3
;;;Parkano;1060;20180726;2018;7;26;3275000;6885000;21.2;28.7;13.8;3.9;21777;16.96
;;;Parkano;1060;20180727;2018;7;27;3275000;6885000;21.7;26.9;15.8;0;18817;18.63
;;;Parkano;1060;20180728;2018;7;28;3275000;6885000;20.1;26.7;16.6;4.9;17511;19.39
;;;Parkano;1060;20180729;2018;7;29;3275000;6885000;20.3;27.9;13.6;6.8;19322;18.63
;;;Parkano;1060;20180730;2018;7;30;3275000;6885000;19.4;22.2;16.2;13.1;12878;19.3
;;;Parkano;1060;20180731;2018;7;31;3275000;6885000;19;23.7;14.2;0;19491;15.9
;;;Parkano;1060;20180801;2018;8;1;3275000;6885000;19.9;25.6;14.7;0;21473;15.77
;;;Parkano;1060;20180802;2018;8;2;3275000;6885000;21;26;14.1;0;17164;16.49
;;;Parkano;1060;20180803;2018;8;3;3275000;6885000;24.1;30.4;17.4;0;21960;18.13
;;;Parkano;1060;20180804;2018;8;4;3275000;6885000;23.6;29.6;16.7;0;22421;16.61
;;;Parkano;1060;20180805;2018;8;5;3275000;6885000;22.7;29.5;15.1;0;20154;15.23
;;;Parkano;1060;20180806;2018;8;6;3275000;6885000;19.8;28.2;16.4;10;13939;17.63
;;;Parkano;1060;20180807;2018;8;7;3275000;6885000;19.8;25;16;0.2;17296;18.04
;;;Parkano;1060;20180808;2018;8;8;3275000;6885000;19.4;25.7;14.4;0;14694;16.94
;;;Parkano;1060;20180809;2018;8;9;3275000;6885000;17.9;23.2;13.6;0.7;14560;17.14
;;;Parkano;1060;20180810;2018;8;10;3275000;6885000;18.3;24.9;10.8;0.4;14935;16.71
;;;Parkano;1060;20180811;2018;8;11;3275000;6885000;17.5;21.3;15.8;0.6;17354;14.09
;;;Parkano;1060;20180812;2018;8;12;3275000;6885000;14.7;18.5;11.1;1.8;14211;13.35
;;;Parkano;1060;20180813;2018;8;13;3275000;6885000;14.9;21.2;10.8;1.9;14514;14.02
;;;Parkano;1060;20180814;2018;8;14;3275000;6885000;14.2;20.1;9.4;1.8;15024;13.74
;;;Parkano;1060;20180815;2018;8;15;3275000;6885000;13.4;19.9;7;0;17343;10.73
;;;Parkano;1060;20180816;2018;8;16;3275000;6885000;13.2;18.2;6;0;16122;10.67
;;;Parkano;1060;20180817;2018;8;17;3275000;6885000;13.5;15.8;10.5;4;6718;14.1
;;;Parkano;1060;20180818;2018;8;18;3275000;6885000;13.4;17;11.2;4;12100;13.21
;;;Parkano;1060;20180819;2018;8;19;3275000;6885000;12.9;17.7;10;9.1;9515;12.58
;;;Parkano;1060;20180820;2018;8;20;3275000;6885000;13.1;17.3;11.3;5.9;10347;13.88
;;;Parkano;1060;20180821;2018;8;21;3275000;6885000;12.2;16.7;8.8;10.7;12021;12.74
;;;Parkano;1060;20180822;2018;8;22;3275000;6885000;12.7;16.6;9.7;6.7;8887;13
;;;Parkano;1060;20180823;2018;8;23;3275000;6885000;11.9;17.4;9.6;3.1;11812;12.02
;;;Parkano;1060;20180824;2018;8;24;3275000;6885000;10.7;15.9;5.3;6.1;9453;11.78
;;;Parkano;1060;20180825;2018;8;25;3275000;6885000;12.4;14;10.8;12.2;4514;13.92
;;;Parkano;1060;20180826;2018;8;26;3275000;6885000;13.2;17;12.2;4;8291;14.16
;;;Parkano;1060;20180827;2018;8;27;3275000;6885000;13.9;17.7;11.9;1.9;11461;13.74
;;;Parkano;1060;20180828;2018;8;28;3275000;6885000;11.3;14;9.8;0.1;7159;11.59
;;;Parkano;1060;20180829;2018;8;29;3275000;6885000;9.5;13.1;5.6;0;11487;9.17
;;;Parkano;1060;20180830;2018;8;30;3275000;6885000;10.2;14;7.1;0;10165;9.96
;;;Parkano;1060;20180831;2018;8;31;3275000;6885000;10.6;15.8;5.8;0;10482;10.39
;;;Parkano;1060;20180901;2018;9;1;3275000;6885000;11.8;16.1;9.9;0.1;5167;11.7
;;;Parkano;1060;20180902;2018;9;2;3275000;6885000;13.9;20.2;9.2;0.3;13045;13.66
;;;Parkano;1060;20180903;2018;9;3;3275000;6885000;13.8;20.3;9.1;0;13254;13.36
;;;Parkano;1060;20180904;2018;9;4;3275000;6885000;14.5;21.1;10.1;0;15010;12.96
;;;Parkano;1060;20180905;2018;9;5;3275000;6885000;11.6;15.7;9.1;0;9910;12.7
;;;Parkano;1060;20180906;2018;9;6;3275000;6885000;11;19.2;3.9;0;12517;11.12
;;;Parkano;1060;20180907;2018;9;7;3275000;6885000;13.6;21.2;5.2;0;12651;12.04
;;;Parkano;1060;20180908;2018;9;8;3275000;6885000;14.1;19.2;11.2;3.8;8187;14.56
;;;Parkano;1060;20180909;2018;9;9;3275000;6885000;13.6;19.2;9.8;0;10073;13.45
;;;Parkano;1060;20180910;2018;9;10;3275000;6885000;11.8;17;8.4;0;11063;12.77
;;;Parkano;1060;20180911;2018;9;11;3275000;6885000;12.6;15.8;9.5;0;6082;13.08
;;;Parkano;1060;20180912;2018;9;12;3275000;6885000;10.3;17.4;5;0;13647;9.4
;;;Parkano;1060;20180913;2018;9;13;3275000;6885000;10.2;18.6;1.6;0;10793;10.77
;;;Parkano;1060;20180914;2018;9;14;3275000;6885000;9.4;16.9;3.3;0;13401;8.74
;;;Parkano;1060;20180915;2018;9;15;3275000;6885000;8.5;17.4;0.4;0;12867;8.17
;;;Parkano;1060;20180916;2018;9;16;3275000;6885000;9.7;17.7;2.8;0;10098;10.39
;;;Parkano;1060;20180917;2018;9;17;3275000;6885000;10.8;16.2;5.4;0;9415;11.64
;;;Parkano;1060;20180918;2018;9;18;3275000;6885000;11.7;17;7.8;0;9256;11.52
;;;Parkano;1060;20180919;2018;9;19;3275000;6885000;9.6;15.8;3.8;0.1;7807;10.99
;;;Parkano;1060;20180920;2018;9;20;3275000;6885000;12.6;16.4;7.2;0;5180;12.81
;;;Parkano;1060;20180921;2018;9;21;3275000;6885000;5;11.6;2.8;0;4639;6.65
;;;Parkano;1060;20180922;2018;9;22;3275000;6885000;1.8;5.9;-1.9;0;12038;4.38
;;;Parkano;1060;20180923;2018;9;23;3275000;6885000;3;6.8;-0.9;0.2;7421;5.87
;;;Parkano;1060;20180924;2018;9;24;3275000;6885000;4.6;9.9;-0.9;0;4646;7.62
;;;Parkano;1060;20180925;2018;9;25;3275000;6885000;8.7;14.5;0.8;15.9;3968;10.34
;;;Parkano;1060;20180926;2018;9;26;3275000;6885000;9.1;12.3;6.3;0.2;9113;8.93
;;;Parkano;1060;20180927;2018;9;27;3275000;6885000;11.4;15.8;8;0;7872;10.28
;;;Parkano;1060;20180928;2018;9;28;3275000;6885000;9.4;13.7;5.1;0;8085;8.34
;;;Parkano;1060;20180929;2018;9;29;3275000;6885000;5.9;11;2.6;0;8121;7.07
;;;Parkano;1060;20180930;2018;9;30;3275000;6885000;3.1;11;-3.5;0;8997;6.9
;;;Parkano;1060;20181001;2018;10;1;3275000;6885000;8;11.6;2.7;0.4;4451;9.85
;;;Parkano;1060;20181002;2018;10;2;3275000;6885000;7.3;11.1;0.8;0.3;4422;10.19
;;;Parkano;1060;20181003;2018;10;3;3275000;6885000;11.1;13.1;9.3;0;4397;12.26
;;;Parkano;1060;20181004;2018;10;4;3275000;6885000;7.5;11.5;3.7;0;7511;8.76
;;;Parkano;1060;20181005;2018;10;5;3275000;6885000;3.2;5.8;-1.3;0;1810;6.67
;;;Parkano;1060;20181006;2018;10;6;3275000;6885000;6;8.5;4.2;0.2;4753;6.92
;;;Parkano;1060;20181007;2018;10;7;3275000;6885000;6.7;8.3;5.1;9.9;1024;9.1
;;;Parkano;1060;20181008;2018;10;8;3275000;6885000;9.4;11;8;9;3206;10.94
;;;Parkano;1060;20181009;2018;10;9;3275000;6885000;10.2;11;8.3;10.5;1646;12.14
;;;Parkano;1060;20181010;2018;10;10;3275000;6885000;8.4;10.5;7;0.5;1707;10.77
;;;Parkano;1060;20181011;2018;10;11;3275000;6885000;6.5;8.6;5.5;0.8;3118;9.22
;;;Parkano;1060;20181012;2018;10;12;3275000;6885000;5.8;7.3;4.8;0.4;1756;8.93
;;;Parkano;1060;20181013;2018;10;13;3275000;6885000;5.6;8.1;4.2;0;2425;8.45
;;;Parkano;1060;20181014;2018;10;14;3275000;6885000;-0.4;4.6;-2;0;2420;4.91
;;;Parkano;1060;20181015;2018;10;15;3275000;6885000;-0.4;3.2;-2.7;0;4220;4.76
;;;Parkano;1060;20181016;2018;10;16;3275000;6885000;-2;2.8;-6.4;0;4793;4.69
;;;Parkano;1060;20181017;2018;10;17;3275000;6885000;-0.8;2.4;-6.4;6;2616;5.01
;;;Parkano;1060;20181018;2018;10;18;3275000;6885000;5.8;8.4;1.2;5.3;971;9.15
;;;Parkano;1060;20181019;2018;10;19;3275000;6885000;2.9;7.4;1.6;0.3;1697;7.31
;;;Parkano;1060;20181020;2018;10;20;3275000;6885000;-1.1;1.7;-2.6;0;1157;4.56
;;;Parkano;1060;20181021;2018;10;21;3275000;6885000;-3.8;-1.3;-5.4;0;5177;3.14
;;;Parkano;1060;20181022;2018;10;22;3275000;6885000;-4.6;-2.2;-7.7;0;3398;3.35
;;;Parkano;1060;20181023;2018;10;23;3275000;6885000;-0.6;1.7;-3.6;1.4;1340;4.38
;;;Parkano;1060;20181024;2018;10;24;3275000;6885000;4.3;6.5;1.3;7.5;487;8.1
;;;Parkano;1060;20181025;2018;10;25;3275000;6885000;8.5;9.9;5.7;0.5;1167;10.28
;;;Parkano;1060;20181026;2018;10;26;3275000;6885000;9;11.5;5.7;2.5;1070;9.66
;;;Parkano;1060;20181027;2018;10;27;3275000;6885000;11.4;13.1;3.8;0.6;779;12.22
;;;Parkano;1060;20181028;2018;10;28;3275000;6885000;7.8;13.1;4.3;6.1;597;9.37
;;;Parkano;1060;20181029;2018;10;29;3275000;6885000;3.1;6.4;1.1;0;3895;6.93
;;;Parkano;1060;20181030;2018;10;30;3275000;6885000;1;4.3;-1.2;0;2102;6.28
;;;Parkano;1060;20181031;2018;10;31;3275000;6885000;-2.2;1.5;-5.6;6.9;3522;4.65
;;;Parkano;1060;20181101;2018;11;1;3275000;6885000;6.1;9.7;-1.1;5.7;373;9.57
;;;Parkano;1060;20181102;2018;11;2;3275000;6885000;9.4;10.2;9.2;7.7;273;11.58
;;;Parkano;1060;20181103;2018;11;3;3275000;6885000;8.7;10;7.1;14.4;327;10.89
;;;Parkano;1060;20181104;2018;11;4;3275000;6885000;-2.6;9.4;-5.7;0;1868;4.28
;;;Parkano;1060;20181105;2018;11;5;3275000;6885000;-3.9;-1.3;-7.9;7;900;4.12
;;;Parkano;1060;20181106;2018;11;6;3275000;6885000;-2.3;-1.3;-3;3.3;1136;5.06
;;;Parkano;1060;20181107;2018;11;7;3275000;6885000;-1.8;-0.8;-3;1;867;5.23
;;;Parkano;1060;20181108;2018;11;8;3275000;6885000;3.3;5.1;-1.2;0.7;651;7.73
;;;Parkano;1060;20181109;2018;11;9;3275000;6885000;4.8;6.2;3.5;13.5;325;8.35
;;;Parkano;1060;20181110;2018;11;10;3275000;6885000;6.5;7.9;3.7;5.4;522;9.56
;;;Parkano;1060;20181111;2018;11;11;3275000;6885000;2.4;6;-0.5;0.1;571;7.09
;;;Parkano;1060;20181112;2018;11;12;3275000;6885000;-0.8;0.1;-1.8;0.1;675;5.21
;;;Parkano;1060;20181113;2018;11;13;3275000;6885000;-0.3;0.8;-0.7;0;883;5.7
;;;Parkano;1060;20181114;2018;11;14;3275000;6885000;-1;0.5;-3.2;0;527;5.46
;;;Parkano;1060;20181115;2018;11;15;3275000;6885000;-0.6;0.4;-2.1;0;1089;5.72
;;;Parkano;1060;20181116;2018;11;16;3275000;6885000;-0.4;0.5;-1.4;0;418;5.38
;;;Parkano;1060;20181117;2018;11;17;3275000;6885000;-0.7;1;-2.1;0;446;5.52
;;;Parkano;1060;20181118;2018;11;18;3275000;6885000;-1.8;-0.5;-2.9;0;467;5.23
;;;Parkano;1060;20181119;2018;11;19;3275000;6885000;-3.1;-1.7;-3.9;0;379;4.48
;;;Parkano;1060;20181120;2018;11;20;3275000;6885000;-2.7;-2.1;-3.3;0;355;4.7
;;;Parkano;1060;20181121;2018;11;21;3275000;6885000;-2.9;-2.3;-3.9;0.4;588;4.69
;;;Parkano;1060;20181122;2018;11;22;3275000;6885000;-1.9;0.1;-5.3;0.5;605;5.29
;;;Parkano;1060;20181123;2018;11;23;3275000;6885000;0.9;2;-0.3;0.7;273;6.06
;;;Parkano;1060;20181124;2018;11;24;3275000;6885000;2.4;3.8;0.3;1.1;339;7.19
;;;Parkano;1060;20181125;2018;11;25;3275000;6885000;2.5;3.9;2.1;1.4;440;7.25
;;;Parkano;1060;20181126;2018;11;26;3275000;6885000;2.1;2.7;1.3;0.2;311;7
;;;Parkano;1060;20181127;2018;11;27;3275000;6885000;2;2.4;1.5;0.3;344;7
;;;Parkano;1060;20181128;2018;11;28;3275000;6885000;0.8;2.5;-0.4;0;387;6.36
;;;Parkano;1060;20181129;2018;11;29;3275000;6885000;-2.1;0;-3;0;663;5.1
;;;Parkano;1060;20181130;2018;11;30;3275000;6885000;-3.9;-2.1;-5.6;0.1;286;4.22
;;;Parkano;1060;20181201;2018;12;1;3275000;6885000;-0.5;2.1;-4.2;0.4;71;5.22
;;;Parkano;1060;20181202;2018;12;2;3275000;6885000;1.6;2.8;-0.7;0.1;889;6.4
;;;Parkano;1060;20181203;2018;12;3;3275000;6885000;2.6;5.8;-0.3;0;655;7
;;;Parkano;1060;20181204;2018;12;4;3275000;6885000;0.6;2.5;-1.8;3.9;212;6.36
;;;Parkano;1060;20181205;2018;12;5;3275000;6885000;0.5;2.5;-1.2;1.3;173;6.26
;;;Parkano;1060;20181206;2018;12;6;3275000;6885000;1;3.2;-2.2;9.3;404;6.37
;;;Parkano;1060;20181207;2018;12;7;3275000;6885000;2.7;4;1.6;0.5;252;7.08
;;;Parkano;1060;20181208;2018;12;8;3275000;6885000;1.2;2.3;-0.8;0;236;5.96
;;;Parkano;1060;20181209;2018;12;9;3275000;6885000;1.8;3.8;-0.7;5.5;177;6.21
;;;Parkano;1060;20181210;2018;12;10;3275000;6885000;2;3.2;0.4;5.7;268;6.75
;;;Parkano;1060;20181211;2018;12;11;3275000;6885000;1.2;2.8;0.5;1;235;6.45
;;;Parkano;1060;20181212;2018;12;12;3275000;6885000;-0.3;1.2;-2;0.6;308;5.91
;;;Parkano;1060;20181213;2018;12;13;3275000;6885000;-0.2;0.4;-2.3;0.1;432;5.85
;;;Parkano;1060;20181214;2018;12;14;3275000;6885000;2.2;3.3;-0.2;7.2;133;6.75
;;;Parkano;1060;20181215;2018;12;15;3275000;6885000;0.1;2.4;-0.9;2.1;542;5.86
;;;Parkano;1060;20181216;2018;12;16;3275000;6885000;-1.2;0.4;-3.1;0.1;294;5.57
;;;Parkano;1060;20181217;2018;12;17;3275000;6885000;-1.6;-0.5;-3.3;2.3;303;5.4
;;;Parkano;1060;20181218;2018;12;18;3275000;6885000;0.8;1.9;-0.7;5.1;190;6.45
;;;Parkano;1060;20181219;2018;12;19;3275000;6885000;-0.8;1.5;-1.8;0.1;438;5.37
;;;Parkano;1060;20181220;2018;12;20;3275000;6885000;-3.5;-1.3;-5.1;0;465;4.26
;;;Parkano;1060;20181221;2018;12;21;3275000;6885000;-5.1;-3.6;-7.4;0;255;3.86
;;;Parkano;1060;20181222;2018;12;22;3275000;6885000;-7.1;-5;-7.7;0.5;286;3.2
;;;Parkano;1060;20181223;2018;12;23;3275000;6885000;-9.5;-7.2;-12.6;2.2;306;2.79
;;;Parkano;1060;20181224;2018;12;24;3275000;6885000;-12;-9.3;-16.8;0.1;784;2.34
;;;Parkano;1060;20181225;2018;12;25;3275000;6885000;-6.4;-4;-10.1;0;859;3.62
;;;Parkano;1060;20181226;2018;12;26;3275000;6885000;-8.3;-6.1;-10.9;0;852;3.03
;;;Parkano;1060;20181227;2018;12;27;3275000;6885000;-13;-8.4;-17.4;0.2;314;2.16
;;;Parkano;1060;20181228;2018;12;28;3275000;6885000;-15.9;-9.7;-22.4;2.5;733;1.72
;;;Parkano;1060;20181229;2018;12;29;3275000;6885000;-1.2;1.3;-10.1;3.2;307;5.64
;;;Parkano;1060;20181230;2018;12;30;3275000;6885000;3.5;5.1;1.1;0;433;7.5
;;;Parkano;1060;20181231;2018;12;31;3275000;6885000;2.7;3.7;2;0;173;6.71
;;;Parkano;1060;20190101;2019;1;1;3275000;6885000;0;2.2;-0.6;0.4;113;5.74
;;;Parkano;1060;20190102;2019;1;2;3275000;6885000;-0.4;0;-0.8;0.3;131;5.4
;;;Parkano;1060;20190103;2019;1;3;3275000;6885000;0.4;0.9;0;2.8;89;6.25
;;;Parkano;1060;20190104;2019;1;4;3275000;6885000;1.1;2.3;0.1;0;199;6.65
;;;Parkano;1060;20190105;2019;1;5;3275000;6885000;0.6;1.9;-0.1;1.5;152;6.35
;;;Parkano;1060;20190106;2019;1;6;3275000;6885000;2.9;3.8;0.3;1.2;140;7.52
;;;Parkano;1060;20190107;2019;1;7;3275000;6885000;3.9;4.5;3.2;0.9;183;8.07
;;;Parkano;1060;20190108;2019;1;8;3275000;6885000;0.9;3.6;-0.2;0.5;269;6.55
;;;Parkano;1060;20190109;2019;1;9;3275000;6885000;-2.1;0.2;-4.5;0.7;301;5.16
;;;Parkano;1060;20190110;2019;1;10;3275000;6885000;-7.6;-4.4;-9.2;5.7;291;3.2
;;;Parkano;1060;20190111;2019;1;11;3275000;6885000;-12.2;-9.2;-13.4;0.5;505;2.11
;;;Parkano;1060;20190112;2019;1;12;3275000;6885000;-16.7;-11.4;-18.6;0;1647;1.48
;;;Parkano;1060;20190113;2019;1;13;3275000;6885000;-19.2;-16.6;-21.9;0;1475;1.17
;;;Parkano;1060;20190114;2019;1;14;3275000;6885000;-13.3;-9.9;-18.7;0;1316;1.97
;;;Parkano;1060;20190115;2019;1;15;3275000;6885000;-16.9;-13.7;-18.5;0;2261;1.45
;;;Parkano;1060;20190116;2019;1;16;3275000;6885000;-18.1;-14.5;-19.6;0;2306;1.3
;;;Parkano;1060;20190117;2019;1;17;3275000;6885000;-19.1;-15.5;-20.5;0;2316;1.2
;;;Parkano;1060;20190118;2019;1;18;3275000;6885000;-19.5;-13.8;-22.6;0;2471;1.15
;;;Parkano;1060;20190119;2019;1;19;3275000;6885000;-18.9;-14.9;-20.6;0;2304;1.21
;;;Parkano;1060;20190120;2019;1;20;3275000;6885000;-15.4;-12.1;-21.6;0.1;1349;1.75
;;;Parkano;1060;20190121;2019;1;21;3275000;6885000;-14.5;-9.6;-18.9;0;2057;1.88
;;;Parkano;1060;20190122;2019;1;22;3275000;6885000;-18.3;-15.4;-22.5;0;1949;1.3
;;;Parkano;1060;20190123;2019;1;23;3275000;6885000;-13.8;-10.2;-18.9;0;1050;1.99
;;;Parkano;1060;20190124;2019;1;24;3275000;6885000;-6.2;-5.1;-10.3;0.1;603;3.58
;;;Parkano;1060;20190125;2019;1;25;3275000;6885000;-6.7;-5.5;-7.5;0;823;3.29
;;;Parkano;1060;20190126;2019;1;26;3275000;6885000;-12.4;-7.2;-14;0.2;1685;2.15
;;;Parkano;1060;20190127;2019;1;27;3275000;6885000;-13.5;-11.5;-15.4;0;2516;1.91
;;;Parkano;1060;20190128;2019;1;28;3275000;6885000;-12.9;-9.4;-14.8;0;3019;2.05
;;;Parkano;1060;20190129;2019;1;29;3275000;6885000;-14.4;-11.3;-16.8;0;3751;1.81
;;;Parkano;1060;20190130;2019;1;30;3275000;6885000;-13.1;-11;-16.1;4.4;997;2
;;;Parkano;1060;20190131;2019;1;31;3275000;6885000;-7.7;-6.3;-11.1;0.1;480;3.24
;;;Parkano;1060;20190201;2019;2;1;3275000;6885000;-4.5;-3.6;-6.4;0.6;700;4.23
;;;Parkano;1060;20190202;2019;2;2;3275000;6885000;-0.3;0.5;-4.2;0;752;5.99
;;;Parkano;1060;20190203;2019;2;3;3275000;6885000;-0.2;0.8;-1.2;0;788;6
;;;Parkano;1060;20190204;2019;2;4;3275000;6885000;-3.2;-0.5;-4.5;0;673;4.46
;;;Parkano;1060;20190205;2019;2;5;3275000;6885000;-5.2;-4.4;-6.6;0;1285;3.9
;;;Parkano;1060;20190206;2019;2;6;3275000;6885000;-2.1;-0.4;-4.9;2.6;833;5.29
;;;Parkano;1060;20190207;2019;2;7;3275000;6885000;0.8;1.4;-0.4;3.1;477;6.4
;;;Parkano;1060;20190208;2019;2;8;3275000;6885000;1.2;2;0.4;0.9;1279;6.35
;;;Parkano;1060;20190209;2019;2;9;3275000;6885000;1;1.7;0.7;1.1;831;6.5
;;;Parkano;1060;20190210;2019;2;10;3275000;6885000;0.4;1.2;0;0.6;1027;6.25
;;;Parkano;1060;20190211;2019;2;11;3275000;6885000;-0.2;0.6;-0.6;0.7;1172;5.9
;;;Parkano;1060;20190212;2019;2;12;3275000;6885000;-0.3;0.1;-0.8;1.2;1243;5.65
;;;Parkano;1060;20190213;2019;2;13;3275000;6885000;-0.2;0.5;-1;0;887;5.88
;;;Parkano;1060;20190214;2019;2;14;3275000;6885000;-1;0;-1.3;1.2;742;5.15
;;;Parkano;1060;20190215;2019;2;15;3275000;6885000;0.4;1.3;-1.6;2.7;936;6.25
;;;Parkano;1060;20190216;2019;2;16;3275000;6885000;1.1;1.8;0.7;0.4;1170;6.59
;;;Parkano;1060;20190217;2019;2;17;3275000;6885000;0.3;1.3;-0.1;0.6;1749;6.16
;;;Parkano;1060;20190218;2019;2;18;3275000;6885000;-1.5;0.1;-2.5;0.1;1637;5.2
;;;Parkano;1060;20190219;2019;2;19;3275000;6885000;-4.7;-2.4;-5.1;0.1;1877;3.8
;;;Parkano;1060;20190220;2019;2;20;3275000;6885000;-3.8;-1.8;-6.2;8.1;2495;3.9
;;;Parkano;1060;20190221;2019;2;21;3275000;6885000;0.3;1.3;-2;3;1959;6.2
;;;Parkano;1060;20190222;2019;2;22;3275000;6885000;2.4;3.9;0.6;0.4;1653;6.85
;;;Parkano;1060;20190223;2019;2;23;3275000;6885000;4.7;7.1;2.7;0;1676;7.21
;;;Parkano;1060;20190224;2019;2;24;3275000;6885000;2.1;4.7;1.4;0;1577;6.11
;;;Parkano;1060;20190225;2019;2;25;3275000;6885000;-1;1.7;-2.7;0;2007;4.96
;;;Parkano;1060;20190226;2019;2;26;3275000;6885000;-0.6;0.1;-1.3;0;1375;4.97
;;;Parkano;1060;20190227;2019;2;27;3275000;6885000;-0.1;1.1;-1.1;0;1862;5.49
;;;Parkano;1060;20190228;2019;2;28;3275000;6885000;0.1;2.9;-1.3;0;4243;5.05
;;;Parkano;1060;20190301;2019;3;1;3275000;6885000;-0.8;0.2;-2.3;1.3;1216;5.44
;;;Parkano;1060;20190302;2019;3;2;3275000;6885000;0.1;0.6;-0.3;2.8;1450;6.11
;;;Parkano;1060;20190303;2019;3;3;3275000;6885000;-0.1;0.4;-1;0;1662;5.95
;;;Parkano;1060;20190304;2019;3;4;3275000;6885000;1.1;2.7;-0.1;0;3612;5.87
;;;Parkano;1060;20190305;2019;3;5;3275000;6885000;1;3.4;-1.3;0;3904;5.65
;;;Parkano;1060;20190306;2019;3;6;3275000;6885000;3.1;4.3;1.4;16.7;1565;7.16
;;;Parkano;1060;20190307;2019;3;7;3275000;6885000;3;5.1;1;0.6;7116;5.94
;;;Parkano;1060;20190308;2019;3;8;3275000;6885000;3.9;7.3;0.6;0;6567;6.05
;;;Parkano;1060;20190309;2019;3;9;3275000;6885000;3.7;6.4;2.2;0;4020;6.93
;;;Parkano;1060;20190310;2019;3;10;3275000;6885000;3.2;5.9;0.9;0;8022;5.24
;;;Parkano;1060;20190311;2019;3;11;3275000;6885000;4.8;9.1;1;0;4804;6.4
;;;Parkano;1060;20190312;2019;3;12;3275000;6885000;4.6;10.1;-0.1;0;8861;6.12
;;;Parkano;1060;20190313;2019;3;13;3275000;6885000;2.3;5.4;0.6;0.1;8897;4.68
;;;Parkano;1060;20190314;2019;3;14;3275000;6885000;-0.4;2.5;-1.6;0.7;6951;4.56
;;;Parkano;1060;20190315;2019;3;15;3275000;6885000;-3.7;-0.7;-4.9;0.2;7323;3.64
;;;Parkano;1060;20190316;2019;3;16;3275000;6885000;-6.8;-0.7;-12.9;0.2;11067;2.58
;;;Parkano;1060;20190317;2019;3;17;3275000;6885000;-3.4;0.4;-8.3;2.3;4939;4.27
;;;Parkano;1060;20190318;2019;3;18;3275000;6885000;-5.7;-2.3;-7.6;0.1;8043;3.22
;;;Parkano;1060;20190319;2019;3;19;3275000;6885000;-6.9;-2.8;-14.7;3.7;5506;3.43
;;;Parkano;1060;20190320;2019;3;20;3275000;6885000;4.7;7.7;-3.6;0;6781;6.41
;;;Parkano;1060;20190321;2019;3;21;3275000;6885000;2.3;6.3;-1.2;0;11500;5.76
;;;Parkano;1060;20190322;2019;3;22;3275000;6885000;0.8;2.6;-0.5;1.6;3377;6.15
;;;Parkano;1060;20190323;2019;3;23;3275000;6885000;2.5;8.2;-0.5;0;12957;5.48
;;;Parkano;1060;20190324;2019;3;24;3275000;6885000;1;7.4;-5.6;0;13711;4.32
;;;Parkano;1060;20190325;2019;3;25;3275000;6885000;0.7;8.2;-5;0;14610;3.23
;;;Parkano;1060;20190326;2019;3;26;3275000;6885000;1.2;11.1;-7.7;0;14259;3.41
;;;Parkano;1060;20190327;2019;3;27;3275000;6885000;2;8.6;-3.5;0;14429;4.37
;;;Parkano;1060;20190328;2019;3;28;3275000;6885000;3.1;10;-3.1;0;14416;5.13
;;;Parkano;1060;20190329;2019;3;29;3275000;6885000;1.3;5.3;-1.3;0.1;11295;4.31
;;;Parkano;1060;20190330;2019;3;30;3275000;6885000;-0.3;4.8;-4.9;0.2;14115;3.83
;;;Parkano;1060;20190331;2019;3;31;3275000;6885000;-1.3;2.2;-3.2;0;9982;3.71
;;;Parkano;1060;20190401;2019;4;1;3275000;6885000;-0.9;4.5;-6;0;13048;3.98
;;;Parkano;1060;20190402;2019;4;2;3275000;6885000;0;4.4;-2.4;0;12901;3.97
;;;Parkano;1060;20190403;2019;4;3;3275000;6885000;-1.1;4.8;-7.5;0;15829;3.3
;;;Parkano;1060;20190404;2019;4;4;3275000;6885000;2.1;8.2;-3.7;0;13561;4.75
;;;Parkano;1060;20190405;2019;4;5;3275000;6885000;3.2;8.3;-0.6;0;7743;5.69
;;;Parkano;1060;20190406;2019;4;6;3275000;6885000;2.1;7;-1.4;0;8645;5.81
;;;Parkano;1060;20190407;2019;4;7;3275000;6885000;1.9;8;-2.6;0;13890;3.64
;;;Parkano;1060;20190408;2019;4;8;3275000;6885000;0.7;6.3;-5.1;0;18577;2.54
;;;Parkano;1060;20190409;2019;4;9;3275000;6885000;1.3;6.8;-6.2;0.7;18002;2.91
;;;Parkano;1060;20190410;2019;4;10;3275000;6885000;2.4;3.9;0.4;2.1;2503;6.73
;;;Parkano;1060;20190411;2019;4;11;3275000;6885000;5.6;11;2.4;5.4;15273;6.73
;;;Parkano;1060;20190412;2019;4;12;3275000;6885000;4.2;7.2;2.4;3.4;5174;7.93
;;;Parkano;1060;20190413;2019;4;13;3275000;6885000;5;9.5;3;0;11791;6.9
;;;Parkano;1060;20190414;2019;4;14;3275000;6885000;2.8;7;-0.2;0;13098;5.04
;;;Parkano;1060;20190415;2019;4;15;3275000;6885000;2.4;8.4;-5.6;0;19444;4.01
;;;Parkano;1060;20190416;2019;4;16;3275000;6885000;5.8;12.1;0.7;1.2;12540;5.65
;;;Parkano;1060;20190417;2019;4;17;3275000;6885000;5.3;8;3.1;0.3;5209;8.04
;;;Parkano;1060;20190418;2019;4;18;3275000;6885000;5.9;11;1.9;0;15748;7.35
;;;Parkano;1060;20190419;2019;4;19;3275000;6885000;7.9;14.3;2;0;14822;7.3
;;;Parkano;1060;20190420;2019;4;20;3275000;6885000;10.7;17.9;3.9;0;16875;7.57
;;;Parkano;1060;20190421;2019;4;21;3275000;6885000;7;14;-0.5;0;21464;5.48
;;;Parkano;1060;20190422;2019;4;22;3275000;6885000;3.1;8.4;-1.8;0;22637;3.43
;;;Parkano;1060;20190423;2019;4;23;3275000;6885000;3.7;10.9;-5.4;0;22981;3.5
;;;Parkano;1060;20190424;2019;4;24;3275000;6885000;7.1;16.7;-2.7;0;22557;4.74
;;;Parkano;1060;20190425;2019;4;25;3275000;6885000;7.8;16.6;-3;0;22019;4.57
;;;Parkano;1060;20190426;2019;4;26;3275000;6885000;9;17.6;-1.7;0;17590;4.88
;;;Parkano;1060;20190427;2019;4;27;3275000;6885000;8.6;15.1;1.9;0;11448;5.82
;;;Parkano;1060;20190428;2019;4;28;3275000;6885000;5.7;10.6;3.9;0;16348;5.69
;;;Parkano;1060;20190429;2019;4;29;3275000;6885000;2.8;7.5;-2.3;0.6;16138;5.1
;;;Parkano;1060;20190430;2019;4;30;3275000;6885000;2;7.1;-1.9;0;16526;3.92
;;;Parkano;1060;20190501;2019;5;1;3275000;6885000;2.1;8.2;-4.5;0;17809;4.36
;;;Parkano;1060;20190502;2019;5;2;3275000;6885000;2.6;8.7;-3.3;0.1;16943;4.81
;;;Parkano;1060;20190503;2019;5;3;3275000;6885000;1.7;5.7;-0.7;2.8;12499;5.73
;;;Parkano;1060;20190504;2019;5;4;3275000;6885000;3.5;8.6;-0.1;0;23308;4.62
;;;Parkano;1060;20190505;2019;5;5;3275000;6885000;3;8.6;-3.1;0;19990;3.51
;;;Parkano;1060;20190506;2019;5;6;3275000;6885000;4.5;10.9;-4.3;0;21823;3.96
;;;Parkano;1060;20190507;2019;5;7;3275000;6885000;4.2;11;-0.8;4.9;13378;5.52
;;;Parkano;1060;20190508;2019;5;8;3275000;6885000;7.2;10.7;2.2;7.3;5234;9.65
;;;Parkano;1060;20190509;2019;5;9;3275000;6885000;7.1;10.5;4.3;2.4;8767;8.32
;;;Parkano;1060;20190510;2019;5;10;3275000;6885000;7.7;12.3;4.8;3.9;10170;9.57
;;;Parkano;1060;20190511;2019;5;11;3275000;6885000;8.7;13;6.5;1.4;10551;9.41
;;;Parkano;1060;20190512;2019;5;12;3275000;6885000;6.9;11.1;2.4;0;7991;8.2
;;;Parkano;1060;20190513;2019;5;13;3275000;6885000;5.6;9;3.8;0.2;22967;5.04
;;;Parkano;1060;20190514;2019;5;14;3275000;6885000;5.5;10.9;-2.4;0;18568;5.38
;;;Parkano;1060;20190515;2019;5;15;3275000;6885000;8.8;14.6;4.7;0.1;12686;7.98
;;;Parkano;1060;20190516;2019;5;16;3275000;6885000;13.3;20.1;3.5;0;26027;7.88
;;;Parkano;1060;20190517;2019;5;17;3275000;6885000;17.1;24.7;8.4;0;25449;8.69
;;;Parkano;1060;20190518;2019;5;18;3275000;6885000;18.4;27.7;11.1;8.4;17355;14.27
;;;Parkano;1060;20190519;2019;5;19;3275000;6885000;16.6;21.6;13.1;0;19168;13.26
;;;Parkano;1060;20190520;2019;5;20;3275000;6885000;15;21.8;7.2;0;17901;12
;;;Parkano;1060;20190521;2019;5;21;3275000;6885000;18.2;26;8.2;0;25968;11.74
;;;Parkano;1060;20190522;2019;5;22;3275000;6885000;21.8;28.2;13.7;0;24619;12.12
;;;Parkano;1060;20190523;2019;5;23;3275000;6885000;23.2;28.9;16.2;3.5;24281;12.91
;;;Parkano;1060;20190524;2019;5;24;3275000;6885000;19.4;26;14.5;5.7;15506;16.93
;;;Parkano;1060;20190525;2019;5;25;3275000;6885000;10.8;19.8;7.6;1.5;10863;11.67
;;;Parkano;1060;20190526;2019;5;26;3275000;6885000;5.2;9.3;2.9;0.3;10226;6.94
;;;Parkano;1060;20190527;2019;5;27;3275000;6885000;8;13;4;0;17441;7.04
;;;Parkano;1060;20190528;2019;5;28;3275000;6885000;8.8;13.1;4.8;6.9;12334;9.22
;;;Parkano;1060;20190529;2019;5;29;3275000;6885000;11.8;16.3;8.3;0.5;10701;11.95
;;;Parkano;1060;20190530;2019;5;30;3275000;6885000;9.9;14.5;8.1;8.4;10839;10.98
;;;Parkano;1060;20190531;2019;5;31;3275000;6885000;9.9;14.2;6.5;0;12888;10.6
;;;Parkano;1060;20190601;2019;6;1;3275000;6885000;12.2;18.4;3.5;0;28696;9.29
;;;Parkano;1060;20190602;2019;6;2;3275000;6885000;14.6;20.3;7.2;0.7;17685;12.82
;;;Parkano;1060;20190603;2019;6;3;3275000;6885000;17.8;24.4;13.8;1.3;16029;17
;;;Parkano;1060;20190604;2019;6;4;3275000;6885000;21.6;27.6;13.3;0;21408;14.04
;;;Parkano;1060;20190605;2019;6;5;3275000;6885000;17.9;24.4;13.7;1.5;18030;15.01
;;;Parkano;1060;20190606;2019;6;6;3275000;6885000;15.5;21.8;12.6;0.5;14061;14.89
;;;Parkano;1060;20190607;2019;6;7;3275000;6885000;15.5;22.1;8.4;0;22119;12.12
;;;Parkano;1060;20190608;2019;6;8;3275000;6885000;14.9;23.3;6.9;2.2;21053;13.24
;;;Parkano;1060;20190609;2019;6;9;3275000;6885000;14.1;19;12;0;15562;12.65
;;;Parkano;1060;20190610;2019;6;10;3275000;6885000;15.8;22.9;6.2;10.7;25322;10.78
;;;Parkano;1060;20190611;2019;6;11;3275000;6885000;13.1;19.2;12;17.2;5427;14.36
;;;Parkano;1060;20190612;2019;6;12;3275000;6885000;10.5;14.1;8.1;1.9;7704;11.94
;;;Parkano;1060;20190613;2019;6;13;3275000;6885000;10.8;15.5;6.8;0;27860;7.41
;;;Parkano;1060;20190614;2019;6;14;3275000;6885000;12;18.7;2.8;0;28886;7.32
;;;Parkano;1060;20190615;2019;6;15;3275000;6885000;9.4;15.3;6.6;2.8;18043;8.1
;;;Parkano;1060;20190616;2019;6;16;3275000;6885000;6.8;11;1.7;0.5;25736;5.86
;;;Parkano;1060;20190617;2019;6;17;3275000;6885000;11.2;15.4;6.1;0.2;18824;9.08
;;;Parkano;1060;20190618;2019;6;18;3275000;6885000;11.2;15.3;7.8;0;16575;8.94
;;;Parkano;1060;20190619;2019;6;19;3275000;6885000;7;11.7;3.8;1.7;17604;8.06
;;;Parkano;1060;20190620;2019;6;20;3275000;6885000;6.7;10.8;2;3.4;18770;7.61
;;;Parkano;1060;20190621;2019;6;21;3275000;6885000;7.2;11;3.8;11;12936;8.97
;;;Parkano;1060;20190622;2019;6;22;3275000;6885000;9.6;14.8;6.4;3.1;13685;10.65
;;;Parkano;1060;20190623;2019;6;23;3275000;6885000;11.3;17;7.1;2.1;18694;9.92
;;;Parkano;1060;20190624;2019;6;24;3275000;6885000;9.6;13.4;5.4;0;17011;7.71
;;;Parkano;1060;20190625;2019;6;25;3275000;6885000;10.6;16.6;3;0;25510;7.27
;;;Parkano;1060;20190626;2019;6;26;3275000;6885000;11.4;17.8;3;0;25335;7.62
;;;Parkano;1060;20190627;2019;6;27;3275000;6885000;11.1;17.8;3.2;0;26778;8.24
;;;Parkano;1060;20190628;2019;6;28;3275000;6885000;12.2;17.7;6.1;0.2;15753;10.03
;;;Parkano;1060;20190629;2019;6;29;3275000;6885000;11.7;15;9.7;0;6018;11.86
;;;Parkano;1060;20190630;2019;6;30;3275000;6885000;13.7;18.4;7;3.5;17410;10.41
;;;Parkano;1060;20190701;2019;7;1;3275000;6885000;10.1;15.9;9.7;14.4;6189;11.86
;;;Parkano;1060;20190702;2019;7;2;3275000;6885000;13.8;19.8;8.9;3.5;24362;12.66
;;;Parkano;1060;20190703;2019;7;3;3275000;6885000;14.8;19.9;10.9;0.2;26239;11.72
;;;Parkano;1060;20190704;2019;7;4;3275000;6885000;16.1;23.3;6;0;26200;10.39
;;;Parkano;1060;20190705;2019;7;5;3275000;6885000;18.4;24.8;9.3;0;28249;12.38
;;;Parkano;1060;20190706;2019;7;6;3275000;6885000;20.3;26.6;11.2;0;25259;14.76
;;;Parkano;1060;20190707;2019;7;7;3275000;6885000;22;27.9;14.3;0.3;26105;14.65
;;;Parkano;1060;20190708;2019;7;8;3275000;6885000;21.8;27.8;15.5;0;23143;16.29
;;;Parkano;1060;20190709;2019;7;9;3275000;6885000;17.7;24.7;14.5;0;19884;15.34
;;;Parkano;1060;20190710;2019;7;10;3275000;6885000;16.2;22.7;7.4;0;28716;10.39
;;;Parkano;1060;20190711;2019;7;11;3275000;6885000;16;21.2;8.5;0.2;18389;12.56
;;;Parkano;1060;20190712;2019;7;12;3275000;6885000;20.3;26.4;13.6;0.6;15344;17.09
;;;Parkano;1060;20190713;2019;7;13;3275000;6885000;19.5;25;16.6;2.4;14335;18.79
;;;Parkano;1060;20190714;2019;7;14;3275000;6885000;16.7;22.2;11.1;5;15967;16.18
;;;Parkano;1060;20190715;2019;7;15;3275000;6885000;17.1;20.4;14.5;8.2;13925;16.71
;;;Parkano;1060;20190716;2019;7;16;3275000;6885000;17.7;24;11;0;21762;15.2
;;;Parkano;1060;20190717;2019;7;17;3275000;6885000;19.1;24.9;11.3;0;23658;15.24
;;;Parkano;1060;20190718;2019;7;18;3275000;6885000;18.7;24.2;15.9;2;16518;18.3
;;;Parkano;1060;20190719;2019;7;19;3275000;6885000;20.2;26.6;13.8;0.2;19682;17.22
;;;Parkano;1060;20190720;2019;7;20;3275000;6885000;20.8;26.8;15;0;23419;14.24
;;;Parkano;1060;20190721;2019;7;21;3275000;6885000;21;27.6;12.4;0;25632;13.43
;;;Parkano;1060;20190722;2019;7;22;3275000;6885000;21.7;29.2;12;0.3;23952;15.29
;;;Parkano;1060;20190723;2019;7;23;3275000;6885000;23;29.8;14.8;0.1;23391;16.61
;;;Parkano;1060;20190724;2019;7;24;3275000;6885000;23.4;30;15.4;0;24070;15.34
;;;Parkano;1060;20190725;2019;7;25;3275000;6885000;23.3;31;14;0;23921;15.3
;;;Parkano;1060;20190726;2019;7;26;3275000;6885000;21.2;28.7;13.8;3.9;21777;16.96
;;;Parkano;1060;20190727;2019;7;27;3275000;6885000;21.7;26.9;15.8;0;18817;18.63
;;;Parkano;1060;20190728;2019;7;28;3275000;6885000;20.1;26.7;16.6;4.9;17511;19.39
;;;Parkano;1060;20190729;2019;7;29;3275000;6885000;20.3;27.9;13.6;6.8;19322;18.63
;;;Parkano;1060;20190730;2019;7;30;3275000;6885000;19.4;22.2;16.2;13.1;12878;19.3
;;;Parkano;1060;20190731;2019;7;31;3275000;6885000;19;23.7;14.2;0;19491;15.9
;;;Parkano;1060;20190801;2019;8;1;3275000;6885000;19.9;25.6;14.7;0;21473;15.77
;;;Parkano;1060;20190802;2019;8;2;3275000;6885000;21;26;14.1;0;17164;16.49
;;;Parkano;1060;20190803;2019;8;3;3275000;6885000;24.1;30.4;17.4;0;21960;18.13
;;;Parkano;1060;20190804;2019;8;4;3275000;6885000;23.6;29.6;16.7;0;22421;16.61
;;;Parkano;1060;20190805;2019;8;5;3275000;6885000;22.7;29.5;15.1;0;20154;15.23
;;;Parkano;1060;20190806;2019;8;6;3275000;6885000;19.8;28.2;16.4;10;13939;17.63
;;;Parkano;1060;20190807;2019;8;7;3275000;6885000;19.8;25;16;0.2;17296;18.04
;;;Parkano;1060;20190808;2019;8;8;3275000;6885000;19.4;25.7;14.4;0;14694;16.94
;;;Parkano;1060;20190809;2019;8;9;3275000;6885000;17.9;23.2;13.6;0.7;14560;17.14
;;;Parkano;1060;20190810;2019;8;10;3275000;6885000;18.3;24.9;10.8;0.4;14935;16.71
;;;Parkano;1060;20190811;2019;8;11;3275000;6885000;17.5;21.3;15.8;0.6;17354;14.09
;;;Parkano;1060;20190812;2019;8;12;3275000;6885000;14.7;18.5;11.1;1.8;14211;13.35
;;;Parkano;1060;20190813;2019;8;13;3275000;6885000;14.9;21.2;10.8;1.9;14514;14.02
;;;Parkano;1060;20190814;2019;8;14;3275000;6885000;14.2;20.1;9.4;1.8;15024;13.74
;;;Parkano;1060;20190815;2019;8;15;3275000;6885000;13.4;19.9;7;0;17343;10.73
;;;Parkano;1060;20190816;2019;8;16;3275000;6885000;13.2;18.2;6;0;16122;10.67
;;;Parkano;1060;20190817;2019;8;17;3275000;6885000;13.5;15.8;10.5;4;6718;14.1
;;;Parkano;1060;20190818;2019;8;18;3275000;6885000;13.4;17;11.2;4;12100;13.21
;;;Parkano;1060;20190819;2019;8;19;3275000;6885000;12.9;17.7;10;9.1;9515;12.58
;;;Parkano;1060;20190820;2019;8;20;3275000;6885000;13.1;17.3;11.3;5.9;10347;13.88
;;;Parkano;1060;20190821;2019;8;21;3275000;6885000;12.2;16.7;8.8;10.7;12021;12.74
;;;Parkano;1060;20190822;2019;8;22;3275000;6885000;12.7;16.6;9.7;6.7;8887;13
;;;Parkano;1060;20190823;2019;8;23;3275000;6885000;11.9;17.4;9.6;3.1;11812;12.02
;;;Parkano;1060;20190824;2019;8;24;3275000;6885000;10.7;15.9;5.3;6.1;9453;11.78
;;;Parkano;1060;20190825;2019;8;25;3275000;6885000;12.4;14;10.8;12.2;4514;13.92
;;;Parkano;1060;20190826;2019;8;26;3275000;6885000;13.2;17;12.2;4;8291;14.16
;;;Parkano;1060;20190827;2019;8;27;3275000;6885000;13.9;17.7;11.9;1.9;11461;13.74
;;;Parkano;1060;20190828;2019;8;28;3275000;6885000;11.3;14;9.8;0.1;7159;11.59
;;;Parkano;1060;20190829;2019;8;29;3275000;6885000;9.5;13.1;5.6;0;11487;9.17
;;;Parkano;1060;20190830;2019;8;30;3275000;6885000;10.2;14;7.1;0;10165;9.96
;;;Parkano;1060;20190831;2019;8;31;3275000;6885000;10.6;15.8;5.8;0;10482;10.39
;;;Parkano;1060;20190901;2019;9;1;3275000;6885000;11.8;16.1;9.9;0.1;5167;11.7
;;;Parkano;1060;20190902;2019;9;2;3275000;6885000;13.9;20.2;9.2;0.3;13045;13.66
;;;Parkano;1060;20190903;2019;9;3;3275000;6885000;13.8;20.3;9.1;0;13254;13.36
;;;Parkano;1060;20190904;2019;9;4;3275000;6885000;14.5;21.1;10.1;0;15010;12.96
;;;Parkano;1060;20190905;2019;9;5;3275000;6885000;11.6;15.7;9.1;0;9910;12.7
;;;Parkano;1060;20190906;2019;9;6;3275000;6885000;11;19.2;3.9;0;12517;11.12
;;;Parkano;1060;20190907;2019;9;7;3275000;6885000;13.6;21.2;5.2;0;12651;12.04
;;;Parkano;1060;20190908;2019;9;8;3275000;6885000;14.1;19.2;11.2;3.8;8187;14.56
;;;Parkano;1060;20190909;2019;9;9;3275000;6885000;13.6;19.2;9.8;0;10073;13.45
;;;Parkano;1060;20190910;2019;9;10;3275000;6885000;11.8;17;8.4;0;11063;12.77
;;;Parkano;1060;20190911;2019;9;11;3275000;6885000;12.6;15.8;9.5;0;6082;13.08
;;;Parkano;1060;20190912;2019;9;12;3275000;6885000;10.3;17.4;5;0;13647;9.4
;;;Parkano;1060;20190913;2019;9;13;3275000;6885000;10.2;18.6;1.6;0;10793;10.77
;;;Parkano;1060;20190914;2019;9;14;3275000;6885000;9.4;16.9;3.3;0;13401;8.74
;;;Parkano;1060;20190915;2019;9;15;3275000;6885000;8.5;17.4;0.4;0;12867;8.17
;;;Parkano;1060;20190916;2019;9;16;3275000;6885000;9.7;17.7;2.8;0;10098;10.39
;;;Parkano;1060;20190917;2019;9;17;3275000;6885000;10.8;16.2;5.4;0;9415;11.64
;;;Parkano;1060;20190918;2019;9;18;3275000;6885000;11.7;17;7.8;0;9256;11.52
;;;Parkano;1060;20190919;2019;9;19;3275000;6885000;9.6;15.8;3.8;0.1;7807;10.99
;;;Parkano;1060;20190920;2019;9;20;3275000;6885000;12.6;16.4;7.2;0;5180;12.81
;;;Parkano;1060;20190921;2019;9;21;3275000;6885000;5;11.6;2.8;0;4639;6.65
;;;Parkano;1060;20190922;2019;9;22;3275000;6885000;1.8;5.9;-1.9;0;12038;4.38
;;;Parkano;1060;20190923;2019;9;23;3275000;6885000;3;6.8;-0.9;0.2;7421;5.87
;;;Parkano;1060;20190924;2019;9;24;3275000;6885000;4.6;9.9;-0.9;0;4646;7.62
;;;Parkano;1060;20190925;2019;9;25;3275000;6885000;8.7;14.5;0.8;15.9;3968;10.34
;;;Parkano;1060;20190926;2019;9;26;3275000;6885000;9.1;12.3;6.3;0.2;9113;8.93
;;;Parkano;1060;20190927;2019;9;27;3275000;6885000;11.4;15.8;8;0;7872;10.28
;;;Parkano;1060;20190928;2019;9;28;3275000;6885000;9.4;13.7;5.1;0;8085;8.34
;;;Parkano;1060;20190929;2019;9;29;3275000;6885000;5.9;11;2.6;0;8121;7.07
;;;Parkano;1060;20190930;2019;9;30;3275000;6885000;3.1;11;-3.5;0;8997;6.9
;;;Parkano;1060;20191001;2019;10;1;3275000;6885000;8;11.6;2.7;0.4;4451;9.85
;;;Parkano;1060;20191002;2019;10;2;3275000;6885000;7.3;11.1;0.8;0.3;4422;10.19
;;;Parkano;1060;20191003;2019;10;3;3275000;6885000;11.1;13.1;9.3;0;4397;12.26
;;;Parkano;1060;20191004;2019;10;4;3275000;6885000;7.5;11.5;3.7;0;7511;8.76
;;;Parkano;1060;20191005;2019;10;5;3275000;6885000;3.2;5.8;-1.3;0;1810;6.67
;;;Parkano;1060;20191006;2019;10;6;3275000;6885000;6;8.5;4.2;0.2;4753;6.92
;;;Parkano;1060;20191007;2019;10;7;3275000;6885000;6.7;8.3;5.1;9.9;1024;9.1
;;;Parkano;1060;20191008;2019;10;8;3275000;6885000;9.4;11;8;9;3206;10.94
;;;Parkano;1060;20191009;2019;10;9;3275000;6885000;10.2;11;8.3;10.5;1646;12.14
;;;Parkano;1060;20191010;2019;10;10;3275000;6885000;8.4;10.5;7;0.5;1707;10.77
;;;Parkano;1060;20191011;2019;10;11;3275000;6885000;6.5;8.6;5.5;0.8;3118;9.22
;;;Parkano;1060;20191012;2019;10;12;3275000;6885000;5.8;7.3;4.8;0.4;1756;8.93
;;;Parkano;1060;20191013;2019;10;13;3275000;6885000;5.6;8.1;4.2;0;2425;8.45
;;;Parkano;1060;20191014;2019;10;14;3275000;6885000;-0.4;4.6;-2;0;2420;4.91
;;;Parkano;1060;20191015;2019;10;15;3275000;6885000;-0.4;3.2;-2.7;0;4220;4.76
;;;Parkano;1060;20191016;2019;10;16;3275000;6885000;-2;2.8;-6.4;0;4793;4.69
;;;Parkano;1060;20191017;2019;10;17;3275000;6885000;-0.8;2.4;-6.4;6;2616;5.01
;;;Parkano;1060;20191018;2019;10;18;3275000;6885000;5.8;8.4;1.2;5.3;971;9.15
;;;Parkano;1060;20191019;2019;10;19;3275000;6885000;2.9;7.4;1.6;0.3;1697;7.31
;;;Parkano;1060;20191020;2019;10;20;3275000;6885000;-1.1;1.7;-2.6;0;1157;4.56
;;;Parkano;1060;20191021;2019;10;21;3275000;6885000;-3.8;-1.3;-5.4;0;5177;3.14
;;;Parkano;1060;20191022;2019;10;22;3275000;6885000;-4.6;-2.2;-7.7;0;3398;3.35
;;;Parkano;1060;20191023;2019;10;23;3275000;6885000;-0.6;1.7;-3.6;1.4;1340;4.38
;;;Parkano;1060;20191024;2019;10;24;3275000;6885000;4.3;6.5;1.3;7.5;487;8.1
;;;Parkano;1060;20191025;2019;10;25;3275000;6885000;8.5;9.9;5.7;0.5;1167;10.28
;;;Parkano;1060;20191026;2019;10;26;3275000;6885000;9;11.5;5.7;2.5;1070;9.66
;;;Parkano;1060;20191027;2019;10;27;3275000;6885000;11.4;13.1;3.8;0.6;779;12.22
;;;Parkano;1060;20191028;2019;10;28;3275000;6885000;7.8;13.1;4.3;6.1;597;9.37
;;;Parkano;1060;20191029;2019;10;29;3275000;6885000;3.1;6.4;1.1;0;3895;6.93
;;;Parkano;1060;20191030;2019;10;30;3275000;6885000;1;4.3;-1.2;0;2102;6.28
;;;Parkano;1060;20191031;2019;10;31;3275000;6885000;-2.2;1.5;-5.6;6.9;3522;4.65
;;;Parkano;1060;20191101;2019;11;1;3275000;6885000;6.1;9.7;-1.1;5.7;373;9.57
;;;Parkano;1060;20191102;2019;11;2;3275000;6885000;9.4;10.2;9.2;7.7;273;11.58
;;;Parkano;1060;20191103;2019;11;3;3275000;6885000;8.7;10;7.1;14.4;327;10.89
;;;Parkano;1060;20191104;2019;11;4;3275000;6885000;-2.6;9.4;-5.7;0;1868;4.28
;;;Parkano;1060;20191105;2019;11;5;3275000;6885000;-3.9;-1.3;-7.9;7;900;4.12
;;;Parkano;1060;20191106;2019;11;6;3275000;6885000;-2.3;-1.3;-3;3.3;1136;5.06
;;;Parkano;1060;20191107;2019;11;7;3275000;6885000;-1.8;-0.8;-3;1;867;5.23
;;;Parkano;1060;20191108;2019;11;8;3275000;6885000;3.3;5.1;-1.2;0.7;651;7.73
;;;Parkano;1060;20191109;2019;11;9;3275000;6885000;4.8;6.2;3.5;13.5;325;8.35
;;;Parkano;1060;20191110;2019;11;10;3275000;6885000;6.5;7.9;3.7;5.4;522;9.56
;;;Parkano;1060;20191111;2019;11;11;3275000;6885000;2.4;6;-0.5;0.1;571;7.09
;;;Parkano;1060;20191112;2019;11;12;3275000;6885000;-0.8;0.1;-1.8;0.1;675;5.21
;;;Parkano;1060;20191113;2019;11;13;3275000;6885000;-0.3;0.8;-0.7;0;883;5.7
;;;Parkano;1060;20191114;2019;11;14;3275000;6885000;-1;0.5;-3.2;0;527;5.46
;;;Parkano;1060;20191115;2019;11;15;3275000;6885000;-0.6;0.4;-2.1;0;1089;5.72
;;;Parkano;1060;20191116;2019;11;16;3275000;6885000;-0.4;0.5;-1.4;0;418;5.38
;;;Parkano;1060;20191117;2019;11;17;3275000;6885000;-0.7;1;-2.1;0;446;5.52
;;;Parkano;1060;20191118;2019;11;18;3275000;6885000;-1.8;-0.5;-2.9;0;467;5.23
;;;Parkano;1060;20191119;2019;11;19;3275000;6885000;-3.1;-1.7;-3.9;0;379;4.48
;;;Parkano;1060;20191120;2019;11;20;3275000;6885000;-2.7;-2.1;-3.3;0;355;4.7
;;;Parkano;1060;20191121;2019;11;21;3275000;6885000;-2.9;-2.3;-3.9;0.4;588;4.69
;;;Parkano;1060;20191122;2019;11;22;3275000;6885000;-1.9;0.1;-5.3;0.5;605;5.29
;;;Parkano;1060;20191123;2019;11;23;3275000;6885000;0.9;2;-0.3;0.7;273;6.06
;;;Parkano;1060;20191124;2019;11;24;3275000;6885000;2.4;3.8;0.3;1.1;339;7.19
;;;Parkano;1060;20191125;2019;11;25;3275000;6885000;2.5;3.9;2.1;1.4;440;7.25
;;;Parkano;1060;20191126;2019;11;26;3275000;6885000;2.1;2.7;1.3;0.2;311;7
;;;Parkano;1060;20191127;2019;11;27;3275000;6885000;2;2.4;1.5;0.3;344;7
;;;Parkano;1060;20191128;2019;11;28;3275000;6885000;0.8;2.5;-0.4;0;387;6.36
;;;Parkano;1060;20191129;2019;11;29;3275000;6885000;-2.1;0;-3;0;663;5.1
;;;Parkano;1060;20191130;2019;11;30;3275000;6885000;-3.9;-2.1;-5.6;0.1;286;4.22
;;;Parkano;1060;20191201;2019;12;1;3275000;6885000;-0.5;2.1;-4.2;0.4;71;5.22
;;;Parkano;1060;20191202;2019;12;2;3275000;6885000;1.6;2.8;-0.7;0.1;889;6.4
;;;Parkano;1060;20191203;2019;12;3;3275000;6885000;2.6;5.8;-0.3;0;655;7
;;;Parkano;1060;20191204;2019;12;4;3275000;6885000;0.6;2.5;-1.8;3.9;212;6.36
;;;Parkano;1060;20191205;2019;12;5;3275000;6885000;0.5;2.5;-1.2;1.3;173;6.26
;;;Parkano;1060;20191206;2019;12;6;3275000;6885000;1;3.2;-2.2;9.3;404;6.37
;;;Parkano;1060;20191207;2019;12;7;3275000;6885000;2.7;4;1.6;0.5;252;7.08
;;;Parkano;1060;20191208;2019;12;8;3275000;6885000;1.2;2.3;-0.8;0;236;5.96
;;;Parkano;1060;20191209;2019;12;9;3275000;6885000;1.8;3.8;-0.7;5.5;177;6.21
;;;Parkano;1060;20191210;2019;12;10;3275000;6885000;2;3.2;0.4;5.7;268;6.75
;;;Parkano;1060;20191211;2019;12;11;3275000;6885000;1.2;2.8;0.5;1;235;6.45
;;;Parkano;1060;20191212;2019;12;12;3275000;6885000;-0.3;1.2;-2;0.6;308;5.91
;;;Parkano;1060;20191213;2019;12;13;3275000;6885000;-0.2;0.4;-2.3;0.1;432;5.85
;;;Parkano;1060;20191214;2019;12;14;3275000;6885000;2.2;3.3;-0.2;7.2;133;6.75
;;;Parkano;1060;20191215;2019;12;15;3275000;6885000;0.1;2.4;-0.9;2.1;542;5.86
;;;Parkano;1060;20191216;2019;12;16;3275000;6885000;-1.2;0.4;-3.1;0.1;294;5.57
;;;Parkano;1060;20191217;2019;12;17;3275000;6885000;-1.6;-0.5;-3.3;2.3;303;5.4
;;;Parkano;1060;20191218;2019;12;18;3275000;6885000;0.8;1.9;-0.7;5.1;190;6.45
;;;Parkano;1060;20191219;2019;12;19;3275000;6885000;-0.8;1.5;-1.8;0.1;438;5.37
;;;Parkano;1060;20191220;2019;12;20;3275000;6885000;-3.5;-1.3;-5.1;0;465;4.26
;;;Parkano;1060;20191221;2019;12;21;3275000;6885000;-5.1;-3.6;-7.4;0;255;3.86
;;;Parkano;1060;20191222;2019;12;22;3275000;6885000;-7.1;-5;-7.7;0.5;286;3.2
;;;Parkano;1060;20191223;2019;12;23;3275000;6885000;-9.5;-7.2;-12.6;2.2;306;2.79
;;;Parkano;1060;20191224;2019;12;24;3275000;6885000;-12;-9.3;-16.8;0.1;784;2.34
;;;Parkano;1060;20191225;2019;12;25;3275000;6885000;-6.4;-4;-10.1;0;859;3.62
;;;Parkano;1060;20191226;2019;12;26;3275000;6885000;-8.3;-6.1;-10.9;0;852;3.03
;;;Parkano;1060;20191227;2019;12;27;3275000;6885000;-13;-8.4;-17.4;0.2;314;2.16
;;;Parkano;1060;20191228;2019;12;28;3275000;6885000;-15.9;-9.7;-22.4;2.5;733;1.72
;;;Parkano;1060;20191229;2019;12;29;3275000;6885000;-1.2;1.3;-10.1;3.2;307;5.64
;;;Parkano;1060;20191230;2019;12;30;3275000;6885000;3.5;5.1;1.1;0;433;7.5
;;;Parkano;1060;20191231;2019;12;31;3275000;6885000;2.7;3.7;2;0;173;6.71
;;;Parkano;1060;20200101;2020;1;1;3275000;6885000;0;2.2;-0.6;0.4;113;5.74
;;;Parkano;1060;20200102;2020;1;2;3275000;6885000;-0.4;0;-0.8;0.3;131;5.4
;;;Parkano;1060;20200103;2020;1;3;3275000;6885000;0.4;0.9;0;2.8;89;6.25
;;;Parkano;1060;20200104;2020;1;4;3275000;6885000;1.1;2.3;0.1;0;199;6.65
;;;Parkano;1060;20200105;2020;1;5;3275000;6885000;0.6;1.9;-0.1;1.5;152;6.35
;;;Parkano;1060;20200106;2020;1;6;3275000;6885000;2.9;3.8;0.3;1.2;140;7.52
;;;Parkano;1060;20200107;2020;1;7;3275000;6885000;3.9;4.5;3.2;0.9;183;8.07
;;;Parkano;1060;20200108;2020;1;8;3275000;6885000;0.9;3.6;-0.2;0.5;269;6.55
;;;Parkano;1060;20200109;2020;1;9;3275000;6885000;-2.1;0.2;-4.5;0.7;301;5.16
;;;Parkano;1060;20200110;2020;1;10;3275000;6885000;-7.6;-4.4;-9.2;5.7;291;3.2
;;;Parkano;1060;20200111;2020;1;11;3275000;6885000;-12.2;-9.2;-13.4;0.5;505;2.11
;;;Parkano;1060;20200112;2020;1;12;3275000;6885000;-16.7;-11.4;-18.6;0;1647;1.48
;;;Parkano;1060;20200113;2020;1;13;3275000;6885000;-19.2;-16.6;-21.9;0;1475;1.17
;;;Parkano;1060;20200114;2020;1;14;3275000;6885000;-13.3;-9.9;-18.7;0;1316;1.97
;;;Parkano;1060;20200115;2020;1;15;3275000;6885000;-16.9;-13.7;-18.5;0;2261;1.45
;;;Parkano;1060;20200116;2020;1;16;3275000;6885000;-18.1;-14.5;-19.6;0;2306;1.3
;;;Parkano;1060;20200117;2020;1;17;3275000;6885000;-19.1;-15.5;-20.5;0;2316;1.2
;;;Parkano;1060;20200118;2020;1;18;3275000;6885000;-19.5;-13.8;-22.6;0;2471;1.15
;;;Parkano;1060;20200119;2020;1;19;3275000;6885000;-18.9;-14.9;-20.6;0;2304;1.21
;;;Parkano;1060;20200120;2020;1;20;3275000;6885000;-15.4;-12.1;-21.6;0.1;1349;1.75
;;;Parkano;1060;20200121;2020;1;21;3275000;6885000;-14.5;-9.6;-18.9;0;2057;1.88
;;;Parkano;1060;20200122;2020;1;22;3275000;6885000;-18.3;-15.4;-22.5;0;1949;1.3
;;;Parkano;1060;20200123;2020;1;23;3275000;6885000;-13.8;-10.2;-18.9;0;1050;1.99
;;;Parkano;1060;20200124;2020;1;24;3275000;6885000;-6.2;-5.1;-10.3;0.1;603;3.58
;;;Parkano;1060;20200125;2020;1;25;3275000;6885000;-6.7;-5.5;-7.5;0;823;3.29
;;;Parkano;1060;20200126;2020;1;26;3275000;6885000;-12.4;-7.2;-14;0.2;1685;2.15
;;;Parkano;1060;20200127;2020;1;27;3275000;6885000;-13.5;-11.5;-15.4;0;2516;1.91
;;;Parkano;1060;20200128;2020;1;28;3275000;6885000;-12.9;-9.4;-14.8;0;3019;2.05
;;;Parkano;1060;20200129;2020;1;29;3275000;6885000;-14.4;-11.3;-16.8;0;3751;1.81
;;;Parkano;1060;20200130;2020;1;30;3275000;6885000;-13.1;-11;-16.1;4.4;997;2
;;;Parkano;1060;20200131;2020;1;31;3275000;6885000;-7.7;-6.3;-11.1;0.1;480;3.24
;;;Parkano;1060;20200201;2020;2;1;3275000;6885000;-4.5;-3.6;-6.4;0.6;700;4.23
;;;Parkano;1060;20200202;2020;2;2;3275000;6885000;-0.3;0.5;-4.2;0;752;5.99
;;;Parkano;1060;20200203;2020;2;3;3275000;6885000;-0.2;0.8;-1.2;0;788;6
;;;Parkano;1060;20200204;2020;2;4;3275000;6885000;-3.2;-0.5;-4.5;0;673;4.46
;;;Parkano;1060;20200205;2020;2;5;3275000;6885000;-5.2;-4.4;-6.6;0;1285;3.9
;;;Parkano;1060;20200206;2020;2;6;3275000;6885000;-2.1;-0.4;-4.9;2.6;833;5.29
;;;Parkano;1060;20200207;2020;2;7;3275000;6885000;0.8;1.4;-0.4;3.1;477;6.4
;;;Parkano;1060;20200208;2020;2;8;3275000;6885000;1.2;2;0.4;0.9;1279;6.35
;;;Parkano;1060;20200209;2020;2;9;3275000;6885000;1;1.7;0.7;1.1;831;6.5
;;;Parkano;1060;20200210;2020;2;10;3275000;6885000;0.4;1.2;0;0.6;1027;6.25
;;;Parkano;1060;20200211;2020;2;11;3275000;6885000;-0.2;0.6;-0.6;0.7;1172;5.9
;;;Parkano;1060;20200212;2020;2;12;3275000;6885000;-0.3;0.1;-0.8;1.2;1243;5.65
;;;Parkano;1060;20200213;2020;2;13;3275000;6885000;-0.2;0.5;-1;0;887;5.88
;;;Parkano;1060;20200214;2020;2;14;3275000;6885000;-1;0;-1.3;1.2;742;5.15
;;;Parkano;1060;20200215;2020;2;15;3275000;6885000;0.4;1.3;-1.6;2.7;936;6.25
;;;Parkano;1060;20200216;2020;2;16;3275000;6885000;1.1;1.8;0.7;0.4;1170;6.59
;;;Parkano;1060;20200217;2020;2;17;3275000;6885000;0.3;1.3;-0.1;0.6;1749;6.16
;;;Parkano;1060;20200218;2020;2;18;3275000;6885000;-1.5;0.1;-2.5;0.1;1637;5.2
;;;Parkano;1060;20200219;2020;2;19;3275000;6885000;-4.7;-2.4;-5.1;0.1;1877;3.8
;;;Parkano;1060;20200220;2020;2;20;3275000;6885000;-3.8;-1.8;-6.2;8.1;2495;3.9
;;;Parkano;1060;20200221;2020;2;21;3275000;6885000;0.3;1.3;-2;3;1959;6.2
;;;Parkano;1060;20200222;2020;2;22;3275000;6885000;2.4;3.9;0.6;0.4;1653;6.85
;;;Parkano;1060;20200223;2020;2;23;3275000;6885000;4.7;7.1;2.7;0;1676;7.21
;;;Parkano;1060;20200224;2020;2;24;3275000;6885000;2.1;4.7;1.4;0;1577;6.11
;;;Parkano;1060;20200225;2020;2;25;3275000;6885000;-1;1.7;-2.7;0;2007;4.96
;;;Parkano;1060;20200226;2020;2;26;3275000;6885000;-0.6;0.1;-1.3;0;1375;4.97
;;;Parkano;1060;20200227;2020;2;27;3275000;6885000;-0.1;1.1;-1.1;0;1862;5.49
;;;Parkano;1060;20200228;2020;2;28;3275000;6885000;0.1;2.9;-1.3;0;4243;5.05
;;;Parkano;1060;20200229;2020;2;29;3275000;6885000;-0.8;0.2;-2.3;1.3;1216;5.44
;;;Parkano;1060;20200301;2020;3;1;3275000;6885000;0.1;0.6;-0.3;2.8;1450;6.11
;;;Parkano;1060;20200302;2020;3;2;3275000;6885000;-0.1;0.4;-1;0;1662;5.95
;;;Parkano;1060;20200303;2020;3;3;3275000;6885000;1.1;2.7;-0.1;0;3612;5.87
;;;Parkano;1060;20200304;2020;3;4;3275000;6885000;1;3.4;-1.3;0;3904;5.65
;;;Parkano;1060;20200305;2020;3;5;3275000;6885000;3.1;4.3;1.4;16.7;1565;7.16
;;;Parkano;1060;20200306;2020;3;6;3275000;6885000;3;5.1;1;0.6;7116;5.94
;;;Parkano;1060;20200307;2020;3;7;3275000;6885000;3.9;7.3;0.6;0;6567;6.05
;;;Parkano;1060;20200308;2020;3;8;3275000;6885000;3.7;6.4;2.2;0;4020;6.93
;;;Parkano;1060;20200309;2020;3;9;3275000;6885000;3.2;5.9;0.9;0;8022;5.24
;;;Parkano;1060;20200310;2020;3;10;3275000;6885000;4.8;9.1;1;0;4804;6.4
;;;Parkano;1060;20200311;2020;3;11;3275000;6885000;4.6;10.1;-0.1;0;8861;6.12
;;;Parkano;1060;20200312;2020;3;12;3275000;6885000;2.3;5.4;0.6;0.1;8897;4.68
;;;Parkano;1060;20200313;2020;3;13;3275000;6885000;-0.4;2.5;-1.6;0.7;6951;4.56
;;;Parkano;1060;20200314;2020;3;14;3275000;6885000;-3.7;-0.7;-4.9;0.2;7323;3.64
;;;Parkano;1060;20200315;2020;3;15;3275000;6885000;-6.8;-0.7;-12.9;0.2;11067;2.58
;;;Parkano;1060;20200316;2020;3;16;3275000;6885000;-3.4;0.4;-8.3;2.3;4939;4.27
;;;Parkano;1060;20200317;2020;3;17;3275000;6885000;-5.7;-2.3;-7.6;0.1;8043;3.22
;;;Parkano;1060;20200318;2020;3;18;3275000;6885000;-6.9;-2.8;-14.7;3.7;5506;3.43
;;;Parkano;1060;20200319;2020;3;19;3275000;6885000;4.7;7.7;-3.6;0;6781;6.41
;;;Parkano;1060;20200320;2020;3;20;3275000;6885000;2.3;6.3;-1.2;0;11500;5.76
;;;Parkano;1060;20200321;2020;3;21;3275000;6885000;0.8;2.6;-0.5;1.6;3377;6.15
;;;Parkano;1060;20200322;2020;3;22;3275000;6885000;2.5;8.2;-0.5;0;12957;5.48
;;;Parkano;1060;20200323;2020;3;23;3275000;6885000;1;7.4;-5.6;0;13711;4.32
;;;Parkano;1060;20200324;2020;3;24;3275000;6885000;0.7;8.2;-5;0;14610;3.23
;;;Parkano;1060;20200325;2020;3;25;3275000;6885000;1.2;11.1;-7.7;0;14259;3.41
;;;Parkano;1060;20200326;2020;3;26;3275000;6885000;2;8.6;-3.5;0;14429;4.37
;;;Parkano;1060;20200327;2020;3;27;3275000;6885000;3.1;10;-3.1;0;14416;5.13
;;;Parkano;1060;20200328;2020;3;28;3275000;6885000;1.3;5.3;-1.3;0.1;11295;4.31
;;;Parkano;1060;20200329;2020;3;29;3275000;6885000;-0.3;4.8;-4.9;0.2;14115;3.83
;;;Parkano;1060;20200330;2020;3;30;3275000;6885000;-1.3;2.2;-3.2;0;9982;3.71
;;;Parkano;1060;20200331;2020;3;31;3275000;6885000;-0.9;4.5;-6;0;13048;3.98
;;;Parkano;1060;20200401;2020;4;1;3275000;6885000;0;4.4;-2.4;0;12901;3.97
;;;Parkano;1060;20200402;2020;4;2;3275000;6885000;-1.1;4.8;-7.5;0;15829;3.3
;;;Parkano;1060;20200403;2020;4;3;3275000;6885000;2.1;8.2;-3.7;0;13561;4.75
;;;Parkano;1060;20200404;2020;4;4;3275000;6885000;3.2;8.3;-0.6;0;7743;5.69
;;;Parkano;1060;20200405;2020;4;5;3275000;6885000;2.1;7;-1.4;0;8645;5.81
;;;Parkano;1060;20200406;2020;4;6;3275000;6885000;1.9;8;-2.6;0;13890;3.64
;;;Parkano;1060;20200407;2020;4;7;3275000;6885000;0.7;6.3;-5.1;0;18577;2.54
;;;Parkano;1060;20200408;2020;4;8;3275000;6885000;1.3;6.8;-6.2;0.7;18002;2.91
;;;Parkano;1060;20200409;2020;4;9;3275000;6885000;2.4;3.9;0.4;2.1;2503;6.73
;;;Parkano;1060;20200410;2020;4;10;3275000;6885000;5.6;11;2.4;5.4;15273;6.73
;;;Parkano;1060;20200411;2020;4;11;3275000;6885000;4.2;7.2;2.4;3.4;5174;7.93
;;;Parkano;1060;20200412;2020;4;12;3275000;6885000;5;9.5;3;0;11791;6.9
;;;Parkano;1060;20200413;2020;4;13;3275000;6885000;2.8;7;-0.2;0;13098;5.04
;;;Parkano;1060;20200414;2020;4;14;3275000;6885000;2.4;8.4;-5.6;0;19444;4.01
;;;Parkano;1060;20200415;2020;4;15;3275000;6885000;5.8;12.1;0.7;1.2;12540;5.65
;;;Parkano;1060;20200416;2020;4;16;3275000;6885000;5.3;8;3.1;0.3;5209;8.04
;;;Parkano;1060;20200417;2020;4;17;3275000;6885000;5.9;11;1.9;0;15748;7.35
;;;Parkano;1060;20200418;2020;4;18;3275000;6885000;7.9;14.3;2;0;14822;7.3
;;;Parkano;1060;20200419;2020;4;19;3275000;6885000;10.7;17.9;3.9;0;16875;7.57
;;;Parkano;1060;20200420;2020;4;20;3275000;6885000;7;14;-0.5;0;21464;5.48
;;;Parkano;1060;20200421;2020;4;21;3275000;6885000;3.1;8.4;-1.8;0;22637;3.43
;;;Parkano;1060;20200422;2020;4;22;3275000;6885000;3.7;10.9;-5.4;0;22981;3.5
;;;Parkano;1060;20200423;2020;4;23;3275000;6885000;7.1;16.7;-2.7;0;22557;4.74
;;;Parkano;1060;20200424;2020;4;24;3275000;6885000;7.8;16.6;-3;0;22019;4.57
;;;Parkano;1060;20200425;2020;4;25;3275000;6885000;9;17.6;-1.7;0;17590;4.88
;;;Parkano;1060;20200426;2020;4;26;3275000;6885000;8.6;15.1;1.9;0;11448;5.82
;;;Parkano;1060;20200427;2020;4;27;3275000;6885000;5.7;10.6;3.9;0;16348;5.69
;;;Parkano;1060;20200428;2020;4;28;3275000;6885000;2.8;7.5;-2.3;0.6;16138;5.1
;;;Parkano;1060;20200429;2020;4;29;3275000;6885000;2;7.1;-1.9;0;16526;3.92
;;;Parkano;1060;20200430;2020;4;30;3275000;6885000;2.1;8.2;-4.5;0;17809;4.36
;;;Parkano;1060;20200501;2020;5;1;3275000;6885000;2.6;8.7;-3.3;0.1;16943;4.81
;;;Parkano;1060;20200502;2020;5;2;3275000;6885000;1.7;5.7;-0.7;2.8;12499;5.73
;;;Parkano;1060;20200503;2020;5;3;3275000;6885000;3.5;8.6;-0.1;0;23308;4.62
;;;Parkano;1060;20200504;2020;5;4;3275000;6885000;3;8.6;-3.1;0;19990;3.51
;;;Parkano;1060;20200505;2020;5;5;3275000;6885000;4.5;10.9;-4.3;0;21823;3.96
;;;Parkano;1060;20200506;2020;5;6;3275000;6885000;4.2;11;-0.8;4.9;13378;5.52
;;;Parkano;1060;20200507;2020;5;7;3275000;6885000;7.2;10.7;2.2;7.3;5234;9.65
;;;Parkano;1060;20200508;2020;5;8;3275000;6885000;7.1;10.5;4.3;2.4;8767;8.32
;;;Parkano;1060;20200509;2020;5;9;3275000;6885000;7.7;12.3;4.8;3.9;10170;9.57
;;;Parkano;1060;20200510;2020;5;10;3275000;6885000;8.7;13;6.5;1.4;10551;9.41
;;;Parkano;1060;20200511;2020;5;11;3275000;6885000;6.9;11.1;2.4;0;7991;8.2
;;;Parkano;1060;20200512;2020;5;12;3275000;6885000;5.6;9;3.8;0.2;22967;5.04
;;;Parkano;1060;20200513;2020;5;13;3275000;6885000;5.5;10.9;-2.4;0;18568;5.38
;;;Parkano;1060;20200514;2020;5;14;3275000;6885000;8.8;14.6;4.7;0.1;12686;7.98
;;;Parkano;1060;20200515;2020;5;15;3275000;6885000;13.3;20.1;3.5;0;26027;7.88
;;;Parkano;1060;20200516;2020;5;16;3275000;6885000;17.1;24.7;8.4;0;25449;8.69
;;;Parkano;1060;20200517;2020;5;17;3275000;6885000;18.4;27.7;11.1;8.4;17355;14.27
;;;Parkano;1060;20200518;2020;5;18;3275000;6885000;16.6;21.6;13.1;0;19168;13.26
;;;Parkano;1060;20200519;2020;5;19;3275000;6885000;15;21.8;7.2;0;17901;12
;;;Parkano;1060;20200520;2020;5;20;3275000;6885000;18.2;26;8.2;0;25968;11.74
;;;Parkano;1060;20200521;2020;5;21;3275000;6885000;21.8;28.2;13.7;0;24619;12.12
;;;Parkano;1060;20200522;2020;5;22;3275000;6885000;23.2;28.9;16.2;3.5;24281;12.91
;;;Parkano;1060;20200523;2020;5;23;3275000;6885000;19.4;26;14.5;5.7;15506;16.93
;;;Parkano;1060;20200524;2020;5;24;3275000;6885000;10.8;19.8;7.6;1.5;10863;11.67
;;;Parkano;1060;20200525;2020;5;25;3275000;6885000;5.2;9.3;2.9;0.3;10226;6.94
;;;Parkano;1060;20200526;2020;5;26;3275000;6885000;8;13;4;0;17441;7.04
;;;Parkano;1060;20200527;2020;5;27;3275000;6885000;8.8;13.1;4.8;6.9;12334;9.22
;;;Parkano;1060;20200528;2020;5;28;3275000;6885000;11.8;16.3;8.3;0.5;10701;11.95
;;;Parkano;1060;20200529;2020;5;29;3275000;6885000;9.9;14.5;8.1;8.4;10839;10.98
;;;Parkano;1060;20200530;2020;5;30;3275000;6885000;9.9;14.2;6.5;0;12888;10.6
;;;Parkano;1060;20200531;2020;5;31;3275000;6885000;12.2;18.4;3.5;0;28696;9.29
;;;Parkano;1060;20200601;2020;6;1;3275000;6885000;14.6;20.3;7.2;0.7;17685;12.82
;;;Parkano;1060;20200602;2020;6;2;3275000;6885000;17.8;24.4;13.8;1.3;16029;17
;;;Parkano;1060;20200603;2020;6;3;3275000;6885000;21.6;27.6;13.3;0;21408;14.04
;;;Parkano;1060;20200604;2020;6;4;3275000;6885000;17.9;24.4;13.7;1.5;18030;15.01
;;;Parkano;1060;20200605;2020;6;5;3275000;6885000;15.5;21.8;12.6;0.5;14061;14.89
;;;Parkano;1060;20200606;2020;6;6;3275000;6885000;15.5;22.1;8.4;0;22119;12.12
;;;Parkano;1060;20200607;2020;6;7;3275000;6885000;14.9;23.3;6.9;2.2;21053;13.24
;;;Parkano;1060;20200608;2020;6;8;3275000;6885000;14.1;19;12;0;15562;12.65
;;;Parkano;1060;20200609;2020;6;9;3275000;6885000;15.8;22.9;6.2;10.7;25322;10.78
;;;Parkano;1060;20200610;2020;6;10;3275000;6885000;13.1;19.2;12;17.2;5427;14.36
;;;Parkano;1060;20200611;2020;6;11;3275000;6885000;10.5;14.1;8.1;1.9;7704;11.94
;;;Parkano;1060;20200612;2020;6;12;3275000;6885000;10.8;15.5;6.8;0;27860;7.41
;;;Parkano;1060;20200613;2020;6;13;3275000;6885000;12;18.7;2.8;0;28886;7.32
;;;Parkano;1060;20200614;2020;6;14;3275000;6885000;9.4;15.3;6.6;2.8;18043;8.1
;;;Parkano;1060;20200615;2020;6;15;3275000;6885000;6.8;11;1.7;0.5;25736;5.86
;;;Parkano;1060;20200616;2020;6;16;3275000;6885000;11.2;15.4;6.1;0.2;18824;9.08
;;;Parkano;1060;20200617;2020;6;17;3275000;6885000;11.2;15.3;7.8;0;16575;8.94
;;;Parkano;1060;20200618;2020;6;18;3275000;6885000;7;11.7;3.8;1.7;17604;8.06
;;;Parkano;1060;20200619;2020;6;19;3275000;6885000;6.7;10.8;2;3.4;18770;7.61
;;;Parkano;1060;20200620;2020;6;20;3275000;6885000;7.2;11;3.8;11;12936;8.97
;;;Parkano;1060;20200621;2020;6;21;3275000;6885000;9.6;14.8;6.4;3.1;13685;10.65
;;;Parkano;1060;20200622;2020;6;22;3275000;6885000;11.3;17;7.1;2.1;18694;9.92
;;;Parkano;1060;20200623;2020;6;23;3275000;6885000;9.6;13.4;5.4;0;17011;7.71
;;;Parkano;1060;20200624;2020;6;24;3275000;6885000;10.6;16.6;3;0;25510;7.27
;;;Parkano;1060;20200625;2020;6;25;3275000;6885000;11.4;17.8;3;0;25335;7.62
;;;Parkano;1060;20200626;2020;6;26;3275000;6885000;11.1;17.8;3.2;0;26778;8.24
;;;Parkano;1060;20200627;2020;6;27;3275000;6885000;12.2;17.7;6.1;0.2;15753;10.03
;;;Parkano;1060;20200628;2020;6;28;3275000;6885000;11.7;15;9.7;0;6018;11.86
;;;Parkano;1060;20200629;2020;6;29;3275000;6885000;13.7;18.4;7;3.5;17410;10.41
;;;Parkano;1060;20200630;2020;6;30;3275000;6885000;10.1;15.9;9.7;14.4;6189;11.86
;;;Parkano;1060;20200701;2020;7;1;3275000;6885000;13.8;19.8;8.9;3.5;24362;12.66
;;;Parkano;1060;20200702;2020;7;2;3275000;6885000;14.8;19.9;10.9;0.2;26239;11.72
;;;Parkano;1060;20200703;2020;7;3;3275000;6885000;16.1;23.3;6;0;26200;10.39
;;;Parkano;1060;20200704;2020;7;4;3275000;6885000;18.4;24.8;9.3;0;28249;12.38
;;;Parkano;1060;20200705;2020;7;5;3275000;6885000;20.3;26.6;11.2;0;25259;14.76
;;;Parkano;1060;20200706;2020;7;6;3275000;6885000;22;27.9;14.3;0.3;26105;14.65
;;;Parkano;1060;20200707;2020;7;7;3275000;6885000;21.8;27.8;15.5;0;23143;16.29
;;;Parkano;1060;20200708;2020;7;8;3275000;6885000;17.7;24.7;14.5;0;19884;15.34
;;;Parkano;1060;20200709;2020;7;9;3275000;6885000;16.2;22.7;7.4;0;28716;10.39
;;;Parkano;1060;20200710;2020;7;10;3275000;6885000;16;21.2;8.5;0.2;18389;12.56
;;;Parkano;1060;20200711;2020;7;11;3275000;6885000;20.3;26.4;13.6;0.6;15344;17.09
;;;Parkano;1060;20200712;2020;7;12;3275000;6885000;19.5;25;16.6;2.4;14335;18.79
;;;Parkano;1060;20200713;2020;7;13;3275000;6885000;16.7;22.2;11.1;5;15967;16.18
;;;Parkano;1060;20200714;2020;7;14;3275000;6885000;17.1;20.4;14.5;8.2;13925;16.71
;;;Parkano;1060;20200715;2020;7;15;3275000;6885000;17.7;24;11;0;21762;15.2
;;;Parkano;1060;20200716;2020;7;16;3275000;6885000;19.1;24.9;11.3;0;23658;15.24
;;;Parkano;1060;20200717;2020;7;17;3275000;6885000;18.7;24.2;15.9;2;16518;18.3
;;;Parkano;1060;20200718;2020;7;18;3275000;6885000;20.2;26.6;13.8;0.2;19682;17.22
;;;Parkano;1060;20200719;2020;7;19;3275000;6885000;20.8;26.8;15;0;23419;14.24
;;;Parkano;1060;20200720;2020;7;20;3275000;6885000;21;27.6;12.4;0;25632;13.43
;;;Parkano;1060;20200721;2020;7;21;3275000;6885000;21.7;29.2;12;0.3;23952;15.29
;;;Parkano;1060;20200722;2020;7;22;3275000;6885000;23;29.8;14.8;0.1;23391;16.61
;;;Parkano;1060;20200723;2020;7;23;3275000;6885000;23.4;30;15.4;0;24070;15.34
;;;Parkano;1060;20200724;2020;7;24;3275000;6885000;23.3;31;14;0;23921;15.3
;;;Parkano;1060;20200725;2020;7;25;3275000;6885000;21.2;28.7;13.8;3.9;21777;16.96
;;;Parkano;1060;20200726;2020;7;26;3275000;6885000;21.7;26.9;15.8;0;18817;18.63
;;;Parkano;1060;20200727;2020;7;27;3275000;6885000;20.1;26.7;16.6;4.9;17511;19.39
;;;Parkano;1060;20200728;2020;7;28;3275000;6885000;20.3;27.9;13.6;6.8;19322;18.63
;;;Parkano;1060;20200729;2020;7;29;3275000;6885000;19.4;22.2;16.2;13.1;12878;19.3
;;;Parkano;1060;20200730;2020;7;30;3275000;6885000;19;23.7;14.2;0;19491;15.9
;;;Parkano;1060;20200731;2020;7;31;3275000;6885000;19.9;25.6;14.7;0;21473;15.77
;;;Parkano;1060;20200801;2020;8;1;3275000;6885000;21;26;14.1;0;17164;16.49
;;;Parkano;1060;20200802;2020;8;2;3275000;6885000;24.1;30.4;17.4;0;21960;18.13
;;;Parkano;1060;20200803;2020;8;3;3275000;6885000;23.6;29.6;16.7;0;22421;16.61
;;;Parkano;1060;20200804;2020;8;4;3275000;6885000;22.7;29.5;15.1;0;20154;15.23
;;;Parkano;1060;20200805;2020;8;5;3275000;6885000;19.8;28.2;16.4;10;13939;17.63
;;;Parkano;1060;20200806;2020;8;6;3275000;6885000;19.8;25;16;0.2;17296;18.04
;;;Parkano;1060;20200807;2020;8;7;3275000;6885000;19.4;25.7;14.4;0;14694;16.94
;;;Parkano;1060;20200808;2020;8;8;3275000;6885000;17.9;23.2;13.6;0.7;14560;17.14
;;;Parkano;1060;20200809;2020;8;9;3275000;6885000;18.3;24.9;10.8;0.4;14935;16.71
;;;Parkano;1060;20200810;2020;8;10;3275000;6885000;17.5;21.3;15.8;0.6;17354;14.09
;;;Parkano;1060;20200811;2020;8;11;3275000;6885000;14.7;18.5;11.1;1.8;14211;13.35
;;;Parkano;1060;20200812;2020;8;12;3275000;6885000;14.9;21.2;10.8;1.9;14514;14.02
;;;Parkano;1060;20200813;2020;8;13;3275000;6885000;14.2;20.1;9.4;1.8;15024;13.74
;;;Parkano;1060;20200814;2020;8;14;3275000;6885000;13.4;19.9;7;0;17343;10.73
;;;Parkano;1060;20200815;2020;8;15;3275000;6885000;13.2;18.2;6;0;16122;10.67
;;;Parkano;1060;20200816;2020;8;16;3275000;6885000;13.5;15.8;10.5;4;6718;14.1
;;;Parkano;1060;20200817;2020;8;17;3275000;6885000;13.4;17;11.2;4;12100;13.21
;;;Parkano;1060;20200818;2020;8;18;3275000;6885000;12.9;17.7;10;9.1;9515;12.58
;;;Parkano;1060;20200819;2020;8;19;3275000;6885000;13.1;17.3;11.3;5.9;10347;13.88
;;;Parkano;1060;20200820;2020;8;20;3275000;6885000;12.2;16.7;8.8;10.7;12021;12.74
;;;Parkano;1060;20200821;2020;8;21;3275000;6885000;12.7;16.6;9.7;6.7;8887;13
;;;Parkano;1060;20200822;2020;8;22;3275000;6885000;11.9;17.4;9.6;3.1;11812;12.02
;;;Parkano;1060;20200823;2020;8;23;3275000;6885000;10.7;15.9;5.3;6.1;9453;11.78
;;;Parkano;1060;20200824;2020;8;24;3275000;6885000;12.4;14;10.8;12.2;4514;13.92
;;;Parkano;1060;20200825;2020;8;25;3275000;6885000;13.2;17;12.2;4;8291;14.16
;;;Parkano;1060;20200826;2020;8;26;3275000;6885000;13.9;17.7;11.9;1.9;11461;13.74
;;;Parkano;1060;20200827;2020;8;27;3275000;6885000;11.3;14;9.8;0.1;7159;11.59
;;;Parkano;1060;20200828;2020;8;28;3275000;6885000;9.5;13.1;5.6;0;11487;9.17
;;;Parkano;1060;20200829;2020;8;29;3275000;6885000;10.2;14;7.1;0;10165;9.96
;;;Parkano;1060;20200830;2020;8;30;3275000;6885000;10.6;15.8;5.8;0;10482;10.39
;;;Parkano;1060;20200831;2020;8;31;3275000;6885000;11.8;16.1;9.9;0.1;5167;11.7
;;;Parkano;1060;20200901;2020;9;1;3275000;6885000;13.9;20.2;9.2;0.3;13045;13.66
;;;Parkano;1060;20200902;2020;9;2;3275000;6885000;13.8;20.3;9.1;0;13254;13.36
;;;Parkano;1060;20200903;2020;9;3;3275000;6885000;14.5;21.1;10.1;0;15010;12.96
;;;Parkano;1060;20200904;2020;9;4;3275000;6885000;11.6;15.7;9.1;0;9910;12.7
;;;Parkano;1060;20200905;2020;9;5;3275000;6885000;11;19.2;3.9;0;12517;11.12
;;;Parkano;1060;20200906;2020;9;6;3275000;6885000;13.6;21.2;5.2;0;12651;12.04
;;;Parkano;1060;20200907;2020;9;7;3275000;6885000;14.1;19.2;11.2;3.8;8187;14.56
;;;Parkano;1060;20200908;2020;9;8;3275000;6885000;13.6;19.2;9.8;0;10073;13.45
;;;Parkano;1060;20200909;2020;9;9;3275000;6885000;11.8;17;8.4;0;11063;12.77
;;;Parkano;1060;20200910;2020;9;10;3275000;6885000;12.6;15.8;9.5;0;6082;13.08
;;;Parkano;1060;20200911;2020;9;11;3275000;6885000;10.3;17.4;5;0;13647;9.4
;;;Parkano;1060;20200912;2020;9;12;3275000;6885000;10.2;18.6;1.6;0;10793;10.77
;;;Parkano;1060;20200913;2020;9;13;3275000;6885000;9.4;16.9;3.3;0;13401;8.74
;;;Parkano;1060;20200914;2020;9;14;3275000;6885000;8.5;17.4;0.4;0;12867;8.17
;;;Parkano;1060;20200915;2020;9;15;3275000;6885000;9.7;17.7;2.8;0;10098;10.39
;;;Parkano;1060;20200916;2020;9;16;3275000;6885000;10.8;16.2;5.4;0;9415;11.64
;;;Parkano;1060;20200917;2020;9;17;3275000;6885000;11.7;17;7.8;0;9256;11.52
;;;Parkano;1060;20200918;2020;9;18;3275000;6885000;9.6;15.8;3.8;0.1;7807;10.99
;;;Parkano;1060;20200919;2020;9;19;3275000;6885000;12.6;16.4;7.2;0;5180;12.81
;;;Parkano;1060;20200920;2020;9;20;3275000;6885000;5;11.6;2.8;0;4639;6.65
;;;Parkano;1060;20200921;2020;9;21;3275000;6885000;1.8;5.9;-1.9;0;12038;4.38
;;;Parkano;1060;20200922;2020;9;22;3275000;6885000;3;6.8;-0.9;0.2;7421;5.87
;;;Parkano;1060;20200923;2020;9;23;3275000;6885000;4.6;9.9;-0.9;0;4646;7.62
;;;Parkano;1060;20200924;2020;9;24;3275000;6885000;8.7;14.5;0.8;15.9;3968;10.34
;;;Parkano;1060;20200925;2020;9;25;3275000;6885000;9.1;12.3;6.3;0.2;9113;8.93
;;;Parkano;1060;20200926;2020;9;26;3275000;6885000;11.4;15.8;8;0;7872;10.28
;;;Parkano;1060;20200927;2020;9;27;3275000;6885000;9.4;13.7;5.1;0;8085;8.34
;;;Parkano;1060;20200928;2020;9;28;3275000;6885000;5.9;11;2.6;0;8121;7.07
;;;Parkano;1060;20200929;2020;9;29;3275000;6885000;3.1;11;-3.5;0;8997;6.9
;;;Parkano;1060;20200930;2020;9;30;3275000;6885000;8;11.6;2.7;0.4;4451;9.85
;;;Parkano;1060;20201001;2020;10;1;3275000;6885000;7.3;11.1;0.8;0.3;4422;10.19
;;;Parkano;1060;20201002;2020;10;2;3275000;6885000;11.1;13.1;9.3;0;4397;12.26
;;;Parkano;1060;20201003;2020;10;3;3275000;6885000;7.5;11.5;3.7;0;7511;8.76
;;;Parkano;1060;20201004;2020;10;4;3275000;6885000;3.2;5.8;-1.3;0;1810;6.67
;;;Parkano;1060;20201005;2020;10;5;3275000;6885000;6;8.5;4.2;0.2;4753;6.92
;;;Parkano;1060;20201006;2020;10;6;3275000;6885000;6.7;8.3;5.1;9.9;1024;9.1
;;;Parkano;1060;20201007;2020;10;7;3275000;6885000;9.4;11;8;9;3206;10.94
;;;Parkano;1060;20201008;2020;10;8;3275000;6885000;10.2;11;8.3;10.5;1646;12.14
;;;Parkano;1060;20201009;2020;10;9;3275000;6885000;8.4;10.5;7;0.5;1707;10.77
;;;Parkano;1060;20201010;2020;10;10;3275000;6885000;6.5;8.6;5.5;0.8;3118;9.22
;;;Parkano;1060;20201011;2020;10;11;3275000;6885000;5.8;7.3;4.8;0.4;1756;8.93
;;;Parkano;1060;20201012;2020;10;12;3275000;6885000;5.6;8.1;4.2;0;2425;8.45
;;;Parkano;1060;20201013;2020;10;13;3275000;6885000;-0.4;4.6;-2;0;2420;4.91
;;;Parkano;1060;20201014;2020;10;14;3275000;6885000;-0.4;3.2;-2.7;0;4220;4.76
;;;Parkano;1060;20201015;2020;10;15;3275000;6885000;-2;2.8;-6.4;0;4793;4.69
;;;Parkano;1060;20201016;2020;10;16;3275000;6885000;-0.8;2.4;-6.4;6;2616;5.01
;;;Parkano;1060;20201017;2020;10;17;3275000;6885000;5.8;8.4;1.2;5.3;971;9.15
;;;Parkano;1060;20201018;2020;10;18;3275000;6885000;2.9;7.4;1.6;0.3;1697;7.31
;;;Parkano;1060;20201019;2020;10;19;3275000;6885000;-1.1;1.7;-2.6;0;1157;4.56
;;;Parkano;1060;20201020;2020;10;20;3275000;6885000;-3.8;-1.3;-5.4;0;5177;3.14
;;;Parkano;1060;20201021;2020;10;21;3275000;6885000;-4.6;-2.2;-7.7;0;3398;3.35
;;;Parkano;1060;20201022;2020;10;22;3275000;6885000;-0.6;1.7;-3.6;1.4;1340;4.38
;;;Parkano;1060;20201023;2020;10;23;3275000;6885000;4.3;6.5;1.3;7.5;487;8.1
;;;Parkano;1060;20201024;2020;10;24;3275000;6885000;8.5;9.9;5.7;0.5;1167;10.28
;;;Parkano;1060;20201025;2020;10;25;3275000;6885000;9;11.5;5.7;2.5;1070;9.66
;;;Parkano;1060;20201026;2020;10;26;3275000;6885000;11.4;13.1;3.8;0.6;779;12.22
;;;Parkano;1060;20201027;2020;10;27;3275000;6885000;7.8;13.1;4.3;6.1;597;9.37
;;;Parkano;1060;20201028;2020;10;28;3275000;6885000;3.1;6.4;1.1;0;3895;6.93
;;;Parkano;1060;20201029;2020;10;29;3275000;6885000;1;4.3;-1.2;0;2102;6.28
;;;Parkano;1060;20201030;2020;10;30;3275000;6885000;-2.2;1.5;-5.6;6.9;3522;4.65
;;;Parkano;1060;20201031;2020;10;31;3275000;6885000;6.1;9.7;-1.1;5.7;373;9.57
;;;Parkano;1060;20201101;2020;11;1;3275000;6885000;9.4;10.2;9.2;7.7;273;11.58
;;;Parkano;1060;20201102;2020;11;2;3275000;6885000;8.7;10;7.1;14.4;327;10.89
;;;Parkano;1060;20201103;2020;11;3;3275000;6885000;-2.6;9.4;-5.7;0;1868;4.28
;;;Parkano;1060;20201104;2020;11;4;3275000;6885000;-3.9;-1.3;-7.9;7;900;4.12
;;;Parkano;1060;20201105;2020;11;5;3275000;6885000;-2.3;-1.3;-3;3.3;1136;5.06
;;;Parkano;1060;20201106;2020;11;6;3275000;6885000;-1.8;-0.8;-3;1;867;5.23
;;;Parkano;1060;20201107;2020;11;7;3275000;6885000;3.3;5.1;-1.2;0.7;651;7.73
;;;Parkano;1060;20201108;2020;11;8;3275000;6885000;4.8;6.2;3.5;13.5;325;8.35
;;;Parkano;1060;20201109;2020;11;9;3275000;6885000;6.5;7.9;3.7;5.4;522;9.56
;;;Parkano;1060;20201110;2020;11;10;3275000;6885000;2.4;6;-0.5;0.1;571;7.09
;;;Parkano;1060;20201111;2020;11;11;3275000;6885000;-0.8;0.1;-1.8;0.1;675;5.21
;;;Parkano;1060;20201112;2020;11;12;3275000;6885000;-0.3;0.8;-0.7;0;883;5.7
;;;Parkano;1060;20201113;2020;11;13;3275000;6885000;-1;0.5;-3.2;0;527;5.46
;;;Parkano;1060;20201114;2020;11;14;3275000;6885000;-0.6;0.4;-2.1;0;1089;5.72
;;;Parkano;1060;20201115;2020;11;15;3275000;6885000;-0.4;0.5;-1.4;0;418;5.38
;;;Parkano;1060;20201116;2020;11;16;3275000;6885000;-0.7;1;-2.1;0;446;5.52
;;;Parkano;1060;20201117;2020;11;17;3275000;6885000;-1.8;-0.5;-2.9;0;467;5.23
;;;Parkano;1060;20201118;2020;11;18;3275000;6885000;-3.1;-1.7;-3.9;0;379;4.48
;;;Parkano;1060;20201119;2020;11;19;3275000;6885000;-2.7;-2.1;-3.3;0;355;4.7
;;;Parkano;1060;20201120;2020;11;20;3275000;6885000;-2.9;-2.3;-3.9;0.4;588;4.69
;;;Parkano;1060;20201121;2020;11;21;3275000;6885000;-1.9;0.1;-5.3;0.5;605;5.29
;;;Parkano;1060;20201122;2020;11;22;3275000;6885000;0.9;2;-0.3;0.7;273;6.06
;;;Parkano;1060;20201123;2020;11;23;3275000;6885000;2.4;3.8;0.3;1.1;339;7.19
;;;Parkano;1060;20201124;2020;11;24;3275000;6885000;2.5;3.9;2.1;1.4;440;7.25
;;;Parkano;1060;20201125;2020;11;25;3275000;6885000;2.1;2.7;1.3;0.2;311;7
;;;Parkano;1060;20201126;2020;11;26;3275000;6885000;2;2.4;1.5;0.3;344;7
;;;Parkano;1060;20201127;2020;11;27;3275000;6885000;0.8;2.5;-0.4;0;387;6.36
;;;Parkano;1060;20201128;2020;11;28;3275000;6885000;-2.1;0;-3;0;663;5.1
;;;Parkano;1060;20201129;2020;11;29;3275000;6885000;-3.9;-2.1;-5.6;0.1;286;4.22
;;;Parkano;1060;20201130;2020;11;30;3275000;6885000;-0.5;2.1;-4.2;0.4;71;5.22
;;;Parkano;1060;20201201;2020;12;1;3275000;6885000;1.6;2.8;-0.7;0.1;889;6.4
;;;Parkano;1060;20201202;2020;12;2;3275000;6885000;2.6;5.8;-0.3;0;655;7
;;;Parkano;1060;20201203;2020;12;3;3275000;6885000;0.6;2.5;-1.8;3.9;212;6.36
;;;Parkano;1060;20201204;2020;12;4;3275000;6885000;0.5;2.5;-1.2;1.3;173;6.26
;;;Parkano;1060;20201205;2020;12;5;3275000;6885000;1;3.2;-2.2;9.3;404;6.37
;;;Parkano;1060;20201206;2020;12;6;3275000;6885000;2.7;4;1.6;0.5;252;7.08
;;;Parkano;1060;20201207;2020;12;7;3275000;6885000;1.2;2.3;-0.8;0;236;5.96
;;;Parkano;1060;20201208;2020;12;8;3275000;6885000;1.8;3.8;-0.7;5.5;177;6.21
;;;Parkano;1060;20201209;2020;12;9;3275000;6885000;2;3.2;0.4;5.7;268;6.75
;;;Parkano;1060;20201210;2020;12;10;3275000;6885000;1.2;2.8;0.5;1;235;6.45
;;;Parkano;1060;20201211;2020;12;11;3275000;6885000;-0.3;1.2;-2;0.6;308;5.91
;;;Parkano;1060;20201212;2020;12;12;3275000;6885000;-0.2;0.4;-2.3;0.1;432;5.85
;;;Parkano;1060;20201213;2020;12;13;3275000;6885000;2.2;3.3;-0.2;7.2;133;6.75
;;;Parkano;1060;20201214;2020;12;14;3275000;6885000;0.1;2.4;-0.9;2.1;542;5.86
;;;Parkano;1060;20201215;2020;12;15;3275000;6885000;-1.2;0.4;-3.1;0.1;294;5.57
;;;Parkano;1060;20201216;2020;12;16;3275000;6885000;-1.6;-0.5;-3.3;2.3;303;5.4
;;;Parkano;1060;20201217;2020;12;17;3275000;6885000;0.8;1.9;-0.7;5.1;190;6.45
;;;Parkano;1060;20201218;2020;12;18;3275000;6885000;-0.8;1.5;-1.8;0.1;438;5.37
;;;Parkano;1060;20201219;2020;12;19;3275000;6885000;-3.5;-1.3;-5.1;0;465;4.26
;;;Parkano;1060;20201220;2020;12;20;3275000;6885000;-5.1;-3.6;-7.4;0;255;3.86
;;;Parkano;1060;20201221;2020;12;21;3275000;6885000;-7.1;-5;-7.7;0.5;286;3.2
;;;Parkano;1060;20201222;2020;12;22;3275000;6885000;-9.5;-7.2;-12.6;2.2;306;2.79
;;;Parkano;1060;20201223;2020;12;23;3275000;6885000;-12;-9.3;-16.8;0.1;784;2.34
;;;Parkano;1060;20201224;2020;12;24;3275000;6885000;-6.4;-4;-10.1;0;859;3.62
;;;Parkano;1060;20201225;2020;12;25;3275000;6885000;-8.3;-6.1;-10.9;0;852;3.03
;;;Parkano;1060;20201226;2020;12;26;3275000;6885000;-13;-8.4;-17.4;0.2;314;2.16
;;;Parkano;1060;20201227;2020;12;27;3275000;6885000;-15.9;-9.7;-22.4;2.5;733;1.72
;;;Parkano;1060;20201228;2020;12;28;3275000;6885000;-1.2;1.3;-10.1;3.2;307;5.64
;;;Parkano;1060;20201229;2020;12;29;3275000;6885000;3.5;5.1;1.1;0;433;7.5
;;;Parkano;1060;20201230;2020;12;30;3275000;6885000;2.7;3.7;2;0;173;6.71
;;;Parkano;1060;20201231;2020;12;31;3275000;6885000;0;2.2;-0.6;0.4;113;5.74
;;;Parkano;1060;20210101;2021;1;1;3275000;6885000;-0.4;0;-0.8;0.3;131;5.4
;;;Parkano;1060;20210102;2021;1;2;3275000;6885000;0.4;0.9;0;2.8;89;6.25
;;;Parkano;1060;20210103;2021;1;3;3275000;6885000;1.1;2.3;0.1;0;199;6.65
;;;Parkano;1060;20210104;2021;1;4;3275000;6885000;0.6;1.9;-0.1;1.5;152;6.35
;;;Parkano;1060;20210105;2021;1;5;3275000;6885000;2.9;3.8;0.3;1.2;140;7.52
;;;Parkano;1060;20210106;2021;1;6;3275000;6885000;3.9;4.5;3.2;0.9;183;8.07
;;;Parkano;1060;20210107;2021;1;7;3275000;6885000;0.9;3.6;-0.2;0.5;269;6.55
;;;Parkano;1060;20210108;2021;1;8;3275000;6885000;-2.1;0.2;-4.5;0.7;301;5.16
;;;Parkano;1060;20210109;2021;1;9;3275000;6885000;-7.6;-4.4;-9.2;5.7;291;3.2
;;;Parkano;1060;20210110;2021;1;10;3275000;6885000;-12.2;-9.2;-13.4;0.5;505;2.11
;;;Parkano;1060;20210111;2021;1;11;3275000;6885000;-16.7;-11.4;-18.6;0;1647;1.48
;;;Parkano;1060;20210112;2021;1;12;3275000;6885000;-19.2;-16.6;-21.9;0;1475;1.17
;;;Parkano;1060;20210113;2021;1;13;3275000;6885000;-13.3;-9.9;-18.7;0;1316;1.97
;;;Parkano;1060;20210114;2021;1;14;3275000;6885000;-16.9;-13.7;-18.5;0;2261;1.45
;;;Parkano;1060;20210115;2021;1;15;3275000;6885000;-18.1;-14.5;-19.6;0;2306;1.3
;;;Parkano;1060;20210116;2021;1;16;3275000;6885000;-19.1;-15.5;-20.5;0;2316;1.2
;;;Parkano;1060;20210117;2021;1;17;3275000;6885000;-19.5;-13.8;-22.6;0;2471;1.15
;;;Parkano;1060;20210118;2021;1;18;3275000;6885000;-18.9;-14.9;-20.6;0;2304;1.21
;;;Parkano;1060;20210119;2021;1;19;3275000;6885000;-15.4;-12.1;-21.6;0.1;1349;1.75
;;;Parkano;1060;20210120;2021;1;20;3275000;6885000;-14.5;-9.6;-18.9;0;2057;1.88
;;;Parkano;1060;20210121;2021;1;21;3275000;6885000;-18.3;-15.4;-22.5;0;1949;1.3
;;;Parkano;1060;20210122;2021;1;22;3275000;6885000;-13.8;-10.2;-18.9;0;1050;1.99
;;;Parkano;1060;20210123;2021;1;23;3275000;6885000;-6.2;-5.1;-10.3;0.1;603;3.58
;;;Parkano;1060;20210124;2021;1;24;3275000;6885000;-6.7;-5.5;-7.5;0;823;3.29
;;;Parkano;1060;20210125;2021;1;25;3275000;6885000;-12.4;-7.2;-14;0.2;1685;2.15
;;;Parkano;1060;20210126;2021;1;26;3275000;6885000;-13.5;-11.5;-15.4;0;2516;1.91
;;;Parkano;1060;20210127;2021;1;27;3275000;6885000;-12.9;-9.4;-14.8;0;3019;2.05
;;;Parkano;1060;20210128;2021;1;28;3275000;6885000;-14.4;-11.3;-16.8;0;3751;1.81
;;;Parkano;1060;20210129;2021;1;29;3275000;6885000;-13.1;-11;-16.1;4.4;997;2
;;;Parkano;1060;20210130;2021;1;30;3275000;6885000;-7.7;-6.3;-11.1;0.1;480;3.24
;;;Parkano;1060;20210131;2021;1;31;3275000;6885000;-4.5;-3.6;-6.4;0.6;700;4.23
;;;Parkano;1060;20210201;2021;2;1;3275000;6885000;-0.3;0.5;-4.2;0;752;5.99
;;;Parkano;1060;20210202;2021;2;2;3275000;6885000;-0.2;0.8;-1.2;0;788;6
;;;Parkano;1060;20210203;2021;2;3;3275000;6885000;-3.2;-0.5;-4.5;0;673;4.46
;;;Parkano;1060;20210204;2021;2;4;3275000;6885000;-5.2;-4.4;-6.6;0;1285;3.9
;;;Parkano;1060;20210205;2021;2;5;3275000;6885000;-2.1;-0.4;-4.9;2.6;833;5.29
;;;Parkano;1060;20210206;2021;2;6;3275000;6885000;0.8;1.4;-0.4;3.1;477;6.4
;;;Parkano;1060;20210207;2021;2;7;3275000;6885000;1.2;2;0.4;0.9;1279;6.35
;;;Parkano;1060;20210208;2021;2;8;3275000;6885000;1;1.7;0.7;1.1;831;6.5
;;;Parkano;1060;20210209;2021;2;9;3275000;6885000;0.4;1.2;0;0.6;1027;6.25
;;;Parkano;1060;20210210;2021;2;10;3275000;6885000;-0.2;0.6;-0.6;0.7;1172;5.9
;;;Parkano;1060;20210211;2021;2;11;3275000;6885000;-0.3;0.1;-0.8;1.2;1243;5.65
;;;Parkano;1060;20210212;2021;2;12;3275000;6885000;-0.2;0.5;-1;0;887;5.88
;;;Parkano;1060;20210213;2021;2;13;3275000;6885000;-1;0;-1.3;1.2;742;5.15
;;;Parkano;1060;20210214;2021;2;14;3275000;6885000;0.4;1.3;-1.6;2.7;936;6.25
;;;Parkano;1060;20210215;2021;2;15;3275000;6885000;1.1;1.8;0.7;0.4;1170;6.59
;;;Parkano;1060;20210216;2021;2;16;3275000;6885000;0.3;1.3;-0.1;0.6;1749;6.16
;;;Parkano;1060;20210217;2021;2;17;3275000;6885000;-1.5;0.1;-2.5;0.1;1637;5.2
;;;Parkano;1060;20210218;2021;2;18;3275000;6885000;-4.7;-2.4;-5.1;0.1;1877;3.8
;;;Parkano;1060;20210219;2021;2;19;3275000;6885000;-3.8;-1.8;-6.2;8.1;2495;3.9
;;;Parkano;1060;20210220;2021;2;20;3275000;6885000;0.3;1.3;-2;3;1959;6.2
;;;Parkano;1060;20210221;2021;2;21;3275000;6885000;2.4;3.9;0.6;0.4;1653;6.85
;;;Parkano;1060;20210222;2021;2;22;3275000;6885000;4.7;7.1;2.7;0;1676;7.21
;;;Parkano;1060;20210223;2021;2;23;3275000;6885000;2.1;4.7;1.4;0;1577;6.11
;;;Parkano;1060;20210224;2021;2;24;3275000;6885000;-1;1.7;-2.7;0;2007;4.96
;;;Parkano;1060;20210225;2021;2;25;3275000;6885000;-0.6;0.1;-1.3;0;1375;4.97
;;;Parkano;1060;20210226;2021;2;26;3275000;6885000;-0.1;1.1;-1.1;0;1862;5.49
;;;Parkano;1060;20210227;2021;2;27;3275000;6885000;0.1;2.9;-1.3;0;4243;5.05
;;;Parkano;1060;20210228;2021;2;28;3275000;6885000;-0.8;0.2;-2.3;1.3;1216;5.44
;;;Parkano;1060;20210301;2021;3;1;3275000;6885000;0.1;0.6;-0.3;2.8;1450;6.11
;;;Parkano;1060;20210302;2021;3;2;3275000;6885000;-0.1;0.4;-1;0;1662;5.95
;;;Parkano;1060;20210303;2021;3;3;3275000;6885000;1.1;2.7;-0.1;0;3612;5.87
;;;Parkano;1060;20210304;2021;3;4;3275000;6885000;1;3.4;-1.3;0;3904;5.65
;;;Parkano;1060;20210305;2021;3;5;3275000;6885000;3.1;4.3;1.4;16.7;1565;7.16
;;;Parkano;1060;20210306;2021;3;6;3275000;6885000;3;5.1;1;0.6;7116;5.94
;;;Parkano;1060;20210307;2021;3;7;3275000;6885000;3.9;7.3;0.6;0;6567;6.05
;;;Parkano;1060;20210308;2021;3;8;3275000;6885000;3.7;6.4;2.2;0;4020;6.93
;;;Parkano;1060;20210309;2021;3;9;3275000;6885000;3.2;5.9;0.9;0;8022;5.24
;;;Parkano;1060;20210310;2021;3;10;3275000;6885000;4.8;9.1;1;0;4804;6.4
;;;Parkano;1060;20210311;2021;3;11;3275000;6885000;4.6;10.1;-0.1;0;8861;6.12
;;;Parkano;1060;20210312;2021;3;12;3275000;6885000;2.3;5.4;0.6;0.1;8897;4.68
;;;Parkano;1060;20210313;2021;3;13;3275000;6885000;-0.4;2.5;-1.6;0.7;6951;4.56
;;;Parkano;1060;20210314;2021;3;14;3275000;6885000;-3.7;-0.7;-4.9;0.2;7323;3.64
;;;Parkano;1060;20210315;2021;3;15;3275000;6885000;-6.8;-0.7;-12.9;0.2;11067;2.58
;;;Parkano;1060;20210316;2021;3;16;3275000;6885000;-3.4;0.4;-8.3;2.3;4939;4.27
;;;Parkano;1060;20210317;2021;3;17;3275000;6885000;-5.7;-2.3;-7.6;0.1;8043;3.22
;;;Parkano;1060;20210318;2021;3;18;3275000;6885000;-6.9;-2.8;-14.7;3.7;5506;3.43
;;;Parkano;1060;20210319;2021;3;19;3275000;6885000;4.7;7.7;-3.6;0;6781;6.41
;;;Parkano;1060;20210320;2021;3;20;3275000;6885000;2.3;6.3;-1.2;0;11500;5.76
;;;Parkano;1060;20210321;2021;3;21;3275000;6885000;0.8;2.6;-0.5;1.6;3377;6.15
;;;Parkano;1060;20210322;2021;3;22;3275000;6885000;2.5;8.2;-0.5;0;12957;5.48
;;;Parkano;1060;20210323;2021;3;23;3275000;6885000;1;7.4;-5.6;0;13711;4.32
;;;Parkano;1060;20210324;2021;3;24;3275000;6885000;0.7;8.2;-5;0;14610;3.23
;;;Parkano;1060;20210325;2021;3;25;3275000;6885000;1.2;11.1;-7.7;0;14259;3.41
;;;Parkano;1060;20210326;2021;3;26;3275000;6885000;2;8.6;-3.5;0;14429;4.37
;;;Parkano;1060;20210327;2021;3;27;3275000;6885000;3.1;10;-3.1;0;14416;5.13
;;;Parkano;1060;20210328;2021;3;28;3275000;6885000;1.3;5.3;-1.3;0.1;11295;4.31
;;;Parkano;1060;20210329;2021;3;29;3275000;6885000;-0.3;4.8;-4.9;0.2;14115;3.83
;;;Parkano;1060;20210330;2021;3;30;3275000;6885000;-1.3;2.2;-3.2;0;9982;3.71
;;;Parkano;1060;20210331;2021;3;31;3275000;6885000;-0.9;4.5;-6;0;13048;3.98
;;;Parkano;1060;20210401;2021;4;1;3275000;6885000;0;4.4;-2.4;0;12901;3.97
;;;Parkano;1060;20210402;2021;4;2;3275000;6885000;-1.1;4.8;-7.5;0;15829;3.3
;;;Parkano;1060;20210403;2021;4;3;3275000;6885000;2.1;8.2;-3.7;0;13561;4.75
;;;Parkano;1060;20210404;2021;4;4;3275000;6885000;3.2;8.3;-0.6;0;7743;5.69
;;;Parkano;1060;20210405;2021;4;5;3275000;6885000;2.1;7;-1.4;0;8645;5.81
;;;Parkano;1060;20210406;2021;4;6;3275000;6885000;1.9;8;-2.6;0;13890;3.64
;;;Parkano;1060;20210407;2021;4;7;3275000;6885000;0.7;6.3;-5.1;0;18577;2.54
;;;Parkano;1060;20210408;2021;4;8;3275000;6885000;1.3;6.8;-6.2;0.7;18002;2.91
;;;Parkano;1060;20210409;2021;4;9;3275000;6885000;2.4;3.9;0.4;2.1;2503;6.73
;;;Parkano;1060;20210410;2021;4;10;3275000;6885000;5.6;11;2.4;5.4;15273;6.73
;;;Parkano;1060;20210411;2021;4;11;3275000;6885000;4.2;7.2;2.4;3.4;5174;7.93
;;;Parkano;1060;20210412;2021;4;12;3275000;6885000;5;9.5;3;0;11791;6.9
;;;Parkano;1060;20210413;2021;4;13;3275000;6885000;2.8;7;-0.2;0;13098;5.04
;;;Parkano;1060;20210414;2021;4;14;3275000;6885000;2.4;8.4;-5.6;0;19444;4.01
;;;Parkano;1060;20210415;2021;4;15;3275000;6885000;5.8;12.1;0.7;1.2;12540;5.65
;;;Parkano;1060;20210416;2021;4;16;3275000;6885000;5.3;8;3.1;0.3;5209;8.04
;;;Parkano;1060;20210417;2021;4;17;3275000;6885000;5.9;11;1.9;0;15748;7.35
;;;Parkano;1060;20210418;2021;4;18;3275000;6885000;7.9;14.3;2;0;14822;7.3
;;;Parkano;1060;20210419;2021;4;19;3275000;6885000;10.7;17.9;3.9;0;16875;7.57
;;;Parkano;1060;20210420;2021;4;20;3275000;6885000;7;14;-0.5;0;21464;5.48
;;;Parkano;1060;20210421;2021;4;21;3275000;6885000;3.1;8.4;-1.8;0;22637;3.43
;;;Parkano;1060;20210422;2021;4;22;3275000;6885000;3.7;10.9;-5.4;0;22981;3.5
;;;Parkano;1060;20210423;2021;4;23;3275000;6885000;7.1;16.7;-2.7;0;22557;4.74
;;;Parkano;1060;20210424;2021;4;24;3275000;6885000;7.8;16.6;-3;0;22019;4.57
;;;Parkano;1060;20210425;2021;4;25;3275000;6885000;9;17.6;-1.7;0;17590;4.88
;;;Parkano;1060;20210426;2021;4;26;3275000;6885000;8.6;15.1;1.9;0;11448;5.82
;;;Parkano;1060;20210427;2021;4;27;3275000;6885000;5.7;10.6;3.9;0;16348;5.69
;;;Parkano;1060;20210428;2021;4;28;3275000;6885000;2.8;7.5;-2.3;0.6;16138;5.1
;;;Parkano;1060;20210429;2021;4;29;3275000;6885000;2;7.1;-1.9;0;16526;3.92
;;;Parkano;1060;20210430;2021;4;30;3275000;6885000;2.1;8.2;-4.5;0;17809;4.36
;;;Parkano;1060;20210501;2021;5;1;3275000;6885000;2.6;8.7;-3.3;0.1;16943;4.81
;;;Parkano;1060;20210502;2021;5;2;3275000;6885000;1.7;5.7;-0.7;2.8;12499;5.73
;;;Parkano;1060;20210503;2021;5;3;3275000;6885000;3.5;8.6;-0.1;0;23308;4.62
;;;Parkano;1060;20210504;2021;5;4;3275000;6885000;3;8.6;-3.1;0;19990;3.51
;;;Parkano;1060;20210505;2021;5;5;3275000;6885000;4.5;10.9;-4.3;0;21823;3.96
;;;Parkano;1060;20210506;2021;5;6;3275000;6885000;4.2;11;-0.8;4.9;13378;5.52
;;;Parkano;1060;20210507;2021;5;7;3275000;6885000;7.2;10.7;2.2;7.3;5234;9.65
;;;Parkano;1060;20210508;2021;5;8;3275000;6885000;7.1;10.5;4.3;2.4;8767;8.32
;;;Parkano;1060;20210509;2021;5;9;3275000;6885000;7.7;12.3;4.8;3.9;10170;9.57
;;;Parkano;1060;20210510;2021;5;10;3275000;6885000;8.7;13;6.5;1.4;10551;9.41
;;;Parkano;1060;20210511;2021;5;11;3275000;6885000;6.9;11.1;2.4;0;7991;8.2
;;;Parkano;1060;20210512;2021;5;12;3275000;6885000;5.6;9;3.8;0.2;22967;5.04
;;;Parkano;1060;20210513;2021;5;13;3275000;6885000;5.5;10.9;-2.4;0;18568;5.38
;;;Parkano;1060;20210514;2021;5;14;3275000;6885000;8.8;14.6;4.7;0.1;12686;7.98
;;;Parkano;1060;20210515;2021;5;15;3275000;6885000;13.3;20.1;3.5;0;26027;7.88
;;;Parkano;1060;20210516;2021;5;16;3275000;6885000;17.1;24.7;8.4;0;25449;8.69
;;;Parkano;1060;20210517;2021;5;17;3275000;6885000;18.4;27.7;11.1;8.4;17355;14.27
;;;Parkano;1060;20210518;2021;5;18;3275000;6885000;16.6;21.6;13.1;0;19168;13.26
;;;Parkano;1060;20210519;2021;5;19;3275000;6885000;15;21.8;7.2;0;17901;12
;;;Parkano;1060;20210520;2021;5;20;3275000;6885000;18.2;26;8.2;0;25968;11.74
;;;Parkano;1060;20210521;2021;5;21;3275000;6885000;21.8;28.2;13.7;0;24619;12.12
;;;Parkano;1060;20210522;2021;5;22;3275000;6885000;23.2;28.9;16.2;3.5;24281;12.91
;;;Parkano;1060;20210523;2021;5;23;3275000;6885000;19.4;26;14.5;5.7;15506;16.93
;;;Parkano;1060;20210524;2021;5;24;3275000;6885000;10.8;19.8;7.6;1.5;10863;11.67
;;;Parkano;1060;20210525;2021;5;25;3275000;6885000;5.2;9.3;2.9;0.3;10226;6.94
;;;Parkano;1060;20210526;2021;5;26;3275000;6885000;8;13;4;0;17441;7.04
;;;Parkano;1060;20210527;2021;5;27;3275000;6885000;8.8;13.1;4.8;6.9;12334;9.22
;;;Parkano;1060;20210528;2021;5;28;3275000;6885000;11.8;16.3;8.3;0.5;10701;11.95
;;;Parkano;1060;20210529;2021;5;29;3275000;6885000;9.9;14.5;8.1;8.4;10839;10.98
;;;Parkano;1060;20210530;2021;5;30;3275000;6885000;9.9;14.2;6.5;0;12888;10.6
;;;Parkano;1060;20210531;2021;5;31;3275000;6885000;12.2;18.4;3.5;0;28696;9.29
;;;Parkano;1060;20210601;2021;6;1;3275000;6885000;14.6;20.3;7.2;0.7;17685;12.82
;;;Parkano;1060;20210602;2021;6;2;3275000;6885000;17.8;24.4;13.8;1.3;16029;17
;;;Parkano;1060;20210603;2021;6;3;3275000;6885000;21.6;27.6;13.3;0;21408;14.04
;;;Parkano;1060;20210604;2021;6;4;3275000;6885000;17.9;24.4;13.7;1.5;18030;15.01
;;;Parkano;1060;20210605;2021;6;5;3275000;6885000;15.5;21.8;12.6;0.5;14061;14.89
;;;Parkano;1060;20210606;2021;6;6;3275000;6885000;15.5;22.1;8.4;0;22119;12.12
;;;Parkano;1060;20210607;2021;6;7;3275000;6885000;14.9;23.3;6.9;2.2;21053;13.24
;;;Parkano;1060;20210608;2021;6;8;3275000;6885000;14.1;19;12;0;15562;12.65
;;;Parkano;1060;20210609;2021;6;9;3275000;6885000;15.8;22.9;6.2;10.7;25322;10.78
;;;Parkano;1060;20210610;2021;6;10;3275000;6885000;13.1;19.2;12;17.2;5427;14.36
;;;Parkano;1060;20210611;2021;6;11;3275000;6885000;10.5;14.1;8.1;1.9;7704;11.94
;;;Parkano;1060;20210612;2021;6;12;3275000;6885000;10.8;15.5;6.8;0;27860;7.41
;;;Parkano;1060;20210613;2021;6;13;3275000;6885000;12;18.7;2.8;0;28886;7.32
;;;Parkano;1060;20210614;2021;6;14;3275000;6885000;9.4;15.3;6.6;2.8;18043;8.1
;;;Parkano;1060;20210615;2021;6;15;3275000;6885000;6.8;11;1.7;0.5;25736;5.86
;;;Parkano;1060;20210616;2021;6;16;3275000;6885000;11.2;15.4;6.1;0.2;18824;9.08
;;;Parkano;1060;20210617;2021;6;17;3275000;6885000;11.2;15.3;7.8;0;16575;8.94
;;;Parkano;1060;20210618;2021;6;18;3275000;6885000;7;11.7;3.8;1.7;17604;8.06
;;;Parkano;1060;20210619;2021;6;19;3275000;6885000;6.7;10.8;2;3.4;18770;7.61
;;;Parkano;1060;20210620;2021;6;20;3275000;6885000;7.2;11;3.8;11;12936;8.97
;;;Parkano;1060;20210621;2021;6;21;3275000;6885000;9.6;14.8;6.4;3.1;13685;10.65
;;;Parkano;1060;20210622;2021;6;22;3275000;6885000;11.3;17;7.1;2.1;18694;9.92
;;;Parkano;1060;20210623;2021;6;23;3275000;6885000;9.6;13.4;5.4;0;17011;7.71
;;;Parkano;1060;20210624;2021;6;24;3275000;6885000;10.6;16.6;3;0;25510;7.27
;;;Parkano;1060;20210625;2021;6;25;3275000;6885000;11.4;17.8;3;0;25335;7.62
;;;Parkano;1060;20210626;2021;6;26;3275000;6885000;11.1;17.8;3.2;0;26778;8.24
;;;Parkano;1060;20210627;2021;6;27;3275000;6885000;12.2;17.7;6.1;0.2;15753;10.03
;;;Parkano;1060;20210628;2021;6;28;3275000;6885000;11.7;15;9.7;0;6018;11.86
;;;Parkano;1060;20210629;2021;6;29;3275000;6885000;13.7;18.4;7;3.5;17410;10.41
;;;Parkano;1060;20210630;2021;6;30;3275000;6885000;10.1;15.9;9.7;14.4;6189;11.86
;;;Parkano;1060;20210701;2021;7;1;3275000;6885000;13.8;19.8;8.9;3.5;24362;12.66
;;;Parkano;1060;20210702;2021;7;2;3275000;6885000;14.8;19.9;10.9;0.2;26239;11.72
;;;Parkano;1060;20210703;2021;7;3;3275000;6885000;16.1;23.3;6;0;26200;10.39
;;;Parkano;1060;20210704;2021;7;4;3275000;6885000;18.4;24.8;9.3;0;28249;12.38
;;;Parkano;1060;20210705;2021;7;5;3275000;6885000;20.3;26.6;11.2;0;25259;14.76
;;;Parkano;1060;20210706;2021;7;6;3275000;6885000;22;27.9;14.3;0.3;26105;14.65
;;;Parkano;1060;20210707;2021;7;7;3275000;6885000;21.8;27.8;15.5;0;23143;16.29
;;;Parkano;1060;20210708;2021;7;8;3275000;6885000;17.7;24.7;14.5;0;19884;15.34
;;;Parkano;1060;20210709;2021;7;9;3275000;6885000;16.2;22.7;7.4;0;28716;10.39
;;;Parkano;1060;20210710;2021;7;10;3275000;6885000;16;21.2;8.5;0.2;18389;12.56
;;;Parkano;1060;20210711;2021;7;11;3275000;6885000;20.3;26.4;13.6;0.6;15344;17.09
;;;Parkano;1060;20210712;2021;7;12;3275000;6885000;19.5;25;16.6;2.4;14335;18.79
;;;Parkano;1060;20210713;2021;7;13;3275000;6885000;16.7;22.2;11.1;5;15967;16.18
;;;Parkano;1060;20210714;2021;7;14;3275000;6885000;17.1;20.4;14.5;8.2;13925;16.71
;;;Parkano;1060;20210715;2021;7;15;3275000;6885000;17.7;24;11;0;21762;15.2
;;;Parkano;1060;20210716;2021;7;16;3275000;6885000;19.1;24.9;11.3;0;23658;15.24
;;;Parkano;1060;20210717;2021;7;17;3275000;6885000;18.7;24.2;15.9;2;16518;18.3
;;;Parkano;1060;20210718;2021;7;18;3275000;6885000;20.2;26.6;13.8;0.2;19682;17.22
;;;Parkano;1060;20210719;2021;7;19;3275000;6885000;20.8;26.8;15;0;23419;14.24
;;;Parkano;1060;20210720;2021;7;20;3275000;6885000;21;27.6;12.4;0;25632;13.43
;;;Parkano;1060;20210721;2021;7;21;3275000;6885000;21.7;29.2;12;0.3;23952;15.29
;;;Parkano;1060;20210722;2021;7;22;3275000;6885000;23;29.8;14.8;0.1;23391;16.61
;;;Parkano;1060;20210723;2021;7;23;3275000;6885000;23.4;30;15.4;0;24070;15.34
;;;Parkano;1060;20210724;2021;7;24;3275000;6885000;23.3;31;14;0;23921;15.3
;;;Parkano;1060;20210725;2021;7;25;3275000;6885000;21.2;28.7;13.8;3.9;21777;16.96
;;;Parkano;1060;20210726;2021;7;26;3275000;6885000;21.7;26.9;15.8;0;18817;18.63
;;;Parkano;1060;20210727;2021;7;27;3275000;6885000;20.1;26.7;16.6;4.9;17511;19.39
;;;Parkano;1060;20210728;2021;7;28;3275000;6885000;20.3;27.9;13.6;6.8;19322;18.63
;;;Parkano;1060;20210729;2021;7;29;3275000;6885000;19.4;22.2;16.2;13.1;12878;19.3
;;;Parkano;1060;20210730;2021;7;30;3275000;6885000;19;23.7;14.2;0;19491;15.9
;;;Parkano;1060;20210731;2021;7;31;3275000;6885000;19.9;25.6;14.7;0;21473;15.77
;;;Parkano;1060;20210801;2021;8;1;3275000;6885000;21;26;14.1;0;17164;16.49
;;;Parkano;1060;20210802;2021;8;2;3275000;6885000;24.1;30.4;17.4;0;21960;18.13
;;;Parkano;1060;20210803;2021;8;3;3275000;6885000;23.6;29.6;16.7;0;22421;16.61
;;;Parkano;1060;20210804;2021;8;4;3275000;6885000;22.7;29.5;15.1;0;20154;15.23
;;;Parkano;1060;20210805;2021;8;5;3275000;6885000;19.8;28.2;16.4;10;13939;17.63
;;;Parkano;1060;20210806;2021;8;6;3275000;6885000;19.8;25;16;0.2;17296;18.04
;;;Parkano;1060;20210807;2021;8;7;3275000;6885000;19.4;25.7;14.4;0;14694;16.94
;;;Parkano;1060;20210808;2021;8;8;3275000;6885000;17.9;23.2;13.6;0.7;14560;17.14
;;;Parkano;1060;20210809;2021;8;9;3275000;6885000;18.3;24.9;10.8;0.4;14935;16.71
;;;Parkano;1060;20210810;2021;8;10;3275000;6885000;17.5;21.3;15.8;0.6;17354;14.09
;;;Parkano;1060;20210811;2021;8;11;3275000;6885000;14.7;18.5;11.1;1.8;14211;13.35
;;;Parkano;1060;20210812;2021;8;12;3275000;6885000;14.9;21.2;10.8;1.9;14514;14.02
;;;Parkano;1060;20210813;2021;8;13;3275000;6885000;14.2;20.1;9.4;1.8;15024;13.74
;;;Parkano;1060;20210814;2021;8;14;3275000;6885000;13.4;19.9;7;0;17343;10.73
;;;Parkano;1060;20210815;2021;8;15;3275000;6885000;13.2;18.2;6;0;16122;10.67
;;;Parkano;1060;20210816;2021;8;16;3275000;6885000;13.5;15.8;10.5;4;6718;14.1
;;;Parkano;1060;20210817;2021;8;17;3275000;6885000;13.4;17;11.2;4;12100;13.21
;;;Parkano;1060;20210818;2021;8;18;3275000;6885000;12.9;17.7;10;9.1;9515;12.58
;;;Parkano;1060;20210819;2021;8;19;3275000;6885000;13.1;17.3;11.3;5.9;10347;13.88
;;;Parkano;1060;20210820;2021;8;20;3275000;6885000;12.2;16.7;8.8;10.7;12021;12.74
;;;Parkano;1060;20210821;2021;8;21;3275000;6885000;12.7;16.6;9.7;6.7;8887;13
;;;Parkano;1060;20210822;2021;8;22;3275000;6885000;11.9;17.4;9.6;3.1;11812;12.02
;;;Parkano;1060;20210823;2021;8;23;3275000;6885000;10.7;15.9;5.3;6.1;9453;11.78
;;;Parkano;1060;20210824;2021;8;24;3275000;6885000;12.4;14;10.8;12.2;4514;13.92
;;;Parkano;1060;20210825;2021;8;25;3275000;6885000;13.2;17;12.2;4;8291;14.16
;;;Parkano;1060;20210826;2021;8;26;3275000;6885000;13.9;17.7;11.9;1.9;11461;13.74
;;;Parkano;1060;20210827;2021;8;27;3275000;6885000;11.3;14;9.8;0.1;7159;11.59
;;;Parkano;1060;20210828;2021;8;28;3275000;6885000;9.5;13.1;5.6;0;11487;9.17
;;;Parkano;1060;20210829;2021;8;29;3275000;6885000;10.2;14;7.1;0;10165;9.96
;;;Parkano;1060;20210830;2021;8;30;3275000;6885000;10.6;15.8;5.8;0;10482;10.39
;;;Parkano;1060;20210831;2021;8;31;3275000;6885000;11.8;16.1;9.9;0.1;5167;11.7
;;;Parkano;1060;20210901;2021;9;1;3275000;6885000;13.9;20.2;9.2;0.3;13045;13.66
;;;Parkano;1060;20210902;2021;9;2;3275000;6885000;13.8;20.3;9.1;0;13254;13.36
;;;Parkano;1060;20210903;2021;9;3;3275000;6885000;14.5;21.1;10.1;0;15010;12.96
;;;Parkano;1060;20210904;2021;9;4;3275000;6885000;11.6;15.7;9.1;0;9910;12.7
;;;Parkano;1060;20210905;2021;9;5;3275000;6885000;11;19.2;3.9;0;12517;11.12
;;;Parkano;1060;20210906;2021;9;6;3275000;6885000;13.6;21.2;5.2;0;12651;12.04
;;;Parkano;1060;20210907;2021;9;7;3275000;6885000;14.1;19.2;11.2;3.8;8187;14.56
;;;Parkano;1060;20210908;2021;9;8;3275000;6885000;13.6;19.2;9.8;0;10073;13.45
;;;Parkano;1060;20210909;2021;9;9;3275000;6885000;11.8;17;8.4;0;11063;12.77
;;;Parkano;1060;20210910;2021;9;10;3275000;6885000;12.6;15.8;9.5;0;6082;13.08
;;;Parkano;1060;20210911;2021;9;11;3275000;6885000;10.3;17.4;5;0;13647;9.4
;;;Parkano;1060;20210912;2021;9;12;3275000;6885000;10.2;18.6;1.6;0;10793;10.77
;;;Parkano;1060;20210913;2021;9;13;3275000;6885000;9.4;16.9;3.3;0;13401;8.74
;;;Parkano;1060;20210914;2021;9;14;3275000;6885000;8.5;17.4;0.4;0;12867;8.17
;;;Parkano;1060;20210915;2021;9;15;3275000;6885000;9.7;17.7;2.8;0;10098;10.39
;;;Parkano;1060;20210916;2021;9;16;3275000;6885000;10.8;16.2;5.4;0;9415;11.64
;;;Parkano;1060;20210917;2021;9;17;3275000;6885000;11.7;17;7.8;0;9256;11.52
;;;Parkano;1060;20210918;2021;9;18;3275000;6885000;9.6;15.8;3.8;0.1;7807;10.99
;;;Parkano;1060;20210919;2021;9;19;3275000;6885000;12.6;16.4;7.2;0;5180;12.81
;;;Parkano;1060;20210920;2021;9;20;3275000;6885000;5;11.6;2.8;0;4639;6.65
;;;Parkano;1060;20210921;2021;9;21;3275000;6885000;1.8;5.9;-1.9;0;12038;4.38
;;;Parkano;1060;20210922;2021;9;22;3275000;6885000;3;6.8;-0.9;0.2;7421;5.87
;;;Parkano;1060;20210923;2021;9;23;3275000;6885000;4.6;9.9;-0.9;0;4646;7.62
;;;Parkano;1060;20210924;2021;9;24;3275000;6885000;8.7;14.5;0.8;15.9;3968;10.34
;;;Parkano;1060;20210925;2021;9;25;3275000;6885000;9.1;12.3;6.3;0.2;9113;8.93
;;;Parkano;1060;20210926;2021;9;26;3275000;6885000;11.4;15.8;8;0;7872;10.28
;;;Parkano;1060;20210927;2021;9;27;3275000;6885000;9.4;13.7;5.1;0;8085;8.34
;;;Parkano;1060;20210928;2021;9;28;3275000;6885000;5.9;11;2.6;0;8121;7.07
;;;Parkano;1060;20210929;2021;9;29;3275000;6885000;3.1;11;-3.5;0;8997;6.9
;;;Parkano;1060;20210930;2021;9;30;3275000;6885000;8;11.6;2.7;0.4;4451;9.85
;;;Parkano;1060;20211001;2021;10;1;3275000;6885000;7.3;11.1;0.8;0.3;4422;10.19
;;;Parkano;1060;20211002;2021;10;2;3275000;6885000;11.1;13.1;9.3;0;4397;12.26
;;;Parkano;1060;20211003;2021;10;3;3275000;6885000;7.5;11.5;3.7;0;7511;8.76
;;;Parkano;1060;20211004;2021;10;4;3275000;6885000;3.2;5.8;-1.3;0;1810;6.67
;;;Parkano;1060;20211005;2021;10;5;3275000;6885000;6;8.5;4.2;0.2;4753;6.92
;;;Parkano;1060;20211006;2021;10;6;3275000;6885000;6.7;8.3;5.1;9.9;1024;9.1
;;;Parkano;1060;20211007;2021;10;7;3275000;6885000;9.4;11;8;9;3206;10.94
;;;Parkano;1060;20211008;2021;10;8;3275000;6885000;10.2;11;8.3;10.5;1646;12.14
;;;Parkano;1060;20211009;2021;10;9;3275000;6885000;8.4;10.5;7;0.5;1707;10.77
;;;Parkano;1060;20211010;2021;10;10;3275000;6885000;6.5;8.6;5.5;0.8;3118;9.22
;;;Parkano;1060;20211011;2021;10;11;3275000;6885000;5.8;7.3;4.8;0.4;1756;8.93
;;;Parkano;1060;20211012;2021;10;12;3275000;6885000;5.6;8.1;4.2;0;2425;8.45
;;;Parkano;1060;20211013;2021;10;13;3275000;6885000;-0.4;4.6;-2;0;2420;4.91
;;;Parkano;1060;20211014;2021;10;14;3275000;6885000;-0.4;3.2;-2.7;0;4220;4.76
;;;Parkano;1060;20211015;2021;10;15;3275000;6885000;-2;2.8;-6.4;0;4793;4.69
;;;Parkano;1060;20211016;2021;10;16;3275000;6885000;-0.8;2.4;-6.4;6;2616;5.01
;;;Parkano;1060;20211017;2021;10;17;3275000;6885000;5.8;8.4;1.2;5.3;971;9.15
;;;Parkano;1060;20211018;2021;10;18;3275000;6885000;2.9;7.4;1.6;0.3;1697;7.31
;;;Parkano;1060;20211019;2021;10;19;3275000;6885000;-1.1;1.7;-2.6;0;1157;4.56
;;;Parkano;1060;20211020;2021;10;20;3275000;6885000;-3.8;-1.3;-5.4;0;5177;3.14
;;;Parkano;1060;20211021;2021;10;21;3275000;6885000;-4.6;-2.2;-7.7;0;3398;3.35
;;;Parkano;1060;20211022;2021;10;22;3275000;6885000;-0.6;1.7;-3.6;1.4;1340;4.38
;;;Parkano;1060;20211023;2021;10;23;3275000;6885000;4.3;6.5;1.3;7.5;487;8.1
;;;Parkano;1060;20211024;2021;10;24;3275000;6885000;8.5;9.9;5.7;0.5;1167;10.28
;;;Parkano;1060;20211025;2021;10;25;3275000;6885000;9;11.5;5.7;2.5;1070;9.66
;;;Parkano;1060;20211026;2021;10;26;3275000;6885000;11.4;13.1;3.8;0.6;779;12.22
;;;Parkano;1060;20211027;2021;10;27;3275000;6885000;7.8;13.1;4.3;6.1;597;9.37
;;;Parkano;1060;20211028;2021;10;28;3275000;6885000;3.1;6.4;1.1;0;3895;6.93
;;;Parkano;1060;20211029;2021;10;29;3275000;6885000;1;4.3;-1.2;0;2102;6.28
;;;Parkano;1060;20211030;2021;10;30;3275000;6885000;-2.2;1.5;-5.6;6.9;3522;4.65
;;;Parkano;1060;20211031;2021;10;31;3275000;6885000;6.1;9.7;-1.1;5.7;373;9.57
;;;Parkano;1060;20211101;2021;11;1;3275000;6885000;9.4;10.2;9.2;7.7;273;11.58
;;;Parkano;1060;20211102;2021;11;2;3275000;6885000;8.7;10;7.1;14.4;327;10.89
;;;Parkano;1060;20211103;2021;11;3;3275000;6885000;-2.6;9.4;-5.7;0;1868;4.28
;;;Parkano;1060;20211104;2021;11;4;3275000;6885000;-3.9;-1.3;-7.9;7;900;4.12
;;;Parkano;1060;20211105;2021;11;5;3275000;6885000;-2.3;-1.3;-3;3.3;1136;5.06
;;;Parkano;1060;20211106;2021;11;6;3275000;6885000;-1.8;-0.8;-3;1;867;5.23
;;;Parkano;1060;20211107;2021;11;7;3275000;6885000;3.3;5.1;-1.2;0.7;651;7.73
;;;Parkano;1060;20211108;2021;11;8;3275000;6885000;4.8;6.2;3.5;13.5;325;8.35
;;;Parkano;1060;20211109;2021;11;9;3275000;6885000;6.5;7.9;3.7;5.4;522;9.56
;;;Parkano;1060;20211110;2021;11;10;3275000;6885000;2.4;6;-0.5;0.1;571;7.09
;;;Parkano;1060;20211111;2021;11;11;3275000;6885000;-0.8;0.1;-1.8;0.1;675;5.21
;;;Parkano;1060;20211112;2021;11;12;3275000;6885000;-0.3;0.8;-0.7;0;883;5.7
;;;Parkano;1060;20211113;2021;11;13;3275000;6885000;-1;0.5;-3.2;0;527;5.46
;;;Parkano;1060;20211114;2021;11;14;3275000;6885000;-0.6;0.4;-2.1;0;1089;5.72
;;;Parkano;1060;20211115;2021;11;15;3275000;6885000;-0.4;0.5;-1.4;0;418;5.38
;;;Parkano;1060;20211116;2021;11;16;3275000;6885000;-0.7;1;-2.1;0;446;5.52
;;;Parkano;1060;20211117;2021;11;17;3275000;6885000;-1.8;-0.5;-2.9;0;467;5.23
;;;Parkano;1060;20211118;2021;11;18;3275000;6885000;-3.1;-1.7;-3.9;0;379;4.48
;;;Parkano;1060;20211119;2021;11;19;3275000;6885000;-2.7;-2.1;-3.3;0;355;4.7
;;;Parkano;1060;20211120;2021;11;20;3275000;6885000;-2.9;-2.3;-3.9;0.4;588;4.69
;;;Parkano;1060;20211121;2021;11;21;3275000;6885000;-1.9;0.1;-5.3;0.5;605;5.29
;;;Parkano;1060;20211122;2021;11;22;3275000;6885000;0.9;2;-0.3;0.7;273;6.06
;;;Parkano;1060;20211123;2021;11;23;3275000;6885000;2.4;3.8;0.3;1.1;339;7.19
;;;Parkano;1060;20211124;2021;11;24;3275000;6885000;2.5;3.9;2.1;1.4;440;7.25
;;;Parkano;1060;20211125;2021;11;25;3275000;6885000;2.1;2.7;1.3;0.2;311;7
;;;Parkano;1060;20211126;2021;11;26;3275000;6885000;2;2.4;1.5;0.3;344;7
;;;Parkano;1060;20211127;2021;11;27;3275000;6885000;0.8;2.5;-0.4;0;387;6.36
;;;Parkano;1060;20211128;2021;11;28;3275000;6885000;-2.1;0;-3;0;663;5.1
;;;Parkano;1060;20211129;2021;11;29;3275000;6885000;-3.9;-2.1;-5.6;0.1;286;4.22
;;;Parkano;1060;20211130;2021;11;30;3275000;6885000;-0.5;2.1;-4.2;0.4;71;5.22
;;;Parkano;1060;20211201;2021;12;1;3275000;6885000;1.6;2.8;-0.7;0.1;889;6.4
;;;Parkano;1060;20211202;2021;12;2;3275000;6885000;2.6;5.8;-0.3;0;655;7
;;;Parkano;1060;20211203;2021;12;3;3275000;6885000;0.6;2.5;-1.8;3.9;212;6.36
;;;Parkano;1060;20211204;2021;12;4;3275000;6885000;0.5;2.5;-1.2;1.3;173;6.26
;;;Parkano;1060;20211205;2021;12;5;3275000;6885000;1;3.2;-2.2;9.3;404;6.37
;;;Parkano;1060;20211206;2021;12;6;3275000;6885000;2.7;4;1.6;0.5;252;7.08
;;;Parkano;1060;20211207;2021;12;7;3275000;6885000;1.2;2.3;-0.8;0;236;5.96
;;;Parkano;1060;20211208;2021;12;8;3275000;6885000;1.8;3.8;-0.7;5.5;177;6.21
;;;Parkano;1060;20211209;2021;12;9;3275000;6885000;2;3.2;0.4;5.7;268;6.75
;;;Parkano;1060;20211210;2021;12;10;3275000;6885000;1.2;2.8;0.5;1;235;6.45
;;;Parkano;1060;20211211;2021;12;11;3275000;6885000;-0.3;1.2;-2;0.6;308;5.91
;;;Parkano;1060;20211212;2021;12;12;3275000;6885000;-0.2;0.4;-2.3;0.1;432;5.85
;;;Parkano;1060;20211213;2021;12;13;3275000;6885000;2.2;3.3;-0.2;7.2;133;6.75
;;;Parkano;1060;20211214;2021;12;14;3275000;6885000;0.1;2.4;-0.9;2.1;542;5.86
;;;Parkano;1060;20211215;2021;12;15;3275000;6885000;-1.2;0.4;-3.1;0.1;294;5.57
;;;Parkano;1060;20211216;2021;12;16;3275000;6885000;-1.6;-0.5;-3.3;2.3;303;5.4
;;;Parkano;1060;20211217;2021;12;17;3275000;6885000;0.8;1.9;-0.7;5.1;190;6.45
;;;Parkano;1060;20211218;2021;12;18;3275000;6885000;-0.8;1.5;-1.8;0.1;438;5.37
;;;Parkano;1060;20211219;2021;12;19;3275000;6885000;-3.5;-1.3;-5.1;0;465;4.26
;;;Parkano;1060;20211220;2021;12;20;3275000;6885000;-5.1;-3.6;-7.4;0;255;3.86
;;;Parkano;1060;20211221;2021;12;21;3275000;6885000;-7.1;-5;-7.7;0.5;286;3.2
;;;Parkano;1060;20211222;2021;12;22;3275000;6885000;-9.5;-7.2;-12.6;2.2;306;2.79
;;;Parkano;1060;20211223;2021;12;23;3275000;6885000;-12;-9.3;-16.8;0.1;784;2.34
;;;Parkano;1060;20211224;2021;12;24;3275000;6885000;-6.4;-4;-10.1;0;859;3.62
;;;Parkano;1060;20211225;2021;12;25;3275000;6885000;-8.3;-6.1;-10.9;0;852;3.03
;;;Parkano;1060;20211226;2021;12;26;3275000;6885000;-13;-8.4;-17.4;0.2;314;2.16
;;;Parkano;1060;20211227;2021;12;27;3275000;6885000;-15.9;-9.7;-22.4;2.5;733;1.72
;;;Parkano;1060;20211228;2021;12;28;3275000;6885000;-1.2;1.3;-10.1;3.2;307;5.64
;;;Parkano;1060;20211229;2021;12;29;3275000;6885000;3.5;5.1;1.1;0;433;7.5
;;;Parkano;1060;20211230;2021;12;30;3275000;6885000;2.7;3.7;2;0;173;6.71
;;;Parkano;1060;20211231;2021;12;31;3275000;6885000;0;2.2;-0.6;0.4;113;5.74
;;;Parkano;1060;20220101;2022;1;1;3275000;6885000;-0.4;0;-0.8;0.3;131;5.4
;;;Parkano;1060;20220102;2022;1;2;3275000;6885000;0.4;0.9;0;2.8;89;6.25
;;;Parkano;1060;20220103;2022;1;3;3275000;6885000;1.1;2.3;0.1;0;199;6.65
;;;Parkano;1060;20220104;2022;1;4;3275000;6885000;0.6;1.9;-0.1;1.5;152;6.35
;;;Parkano;1060;20220105;2022;1;5;3275000;6885000;2.9;3.8;0.3;1.2;140;7.52
;;;Parkano;1060;20220106;2022;1;6;3275000;6885000;3.9;4.5;3.2;0.9;183;8.07
;;;Parkano;1060;20220107;2022;1;7;3275000;6885000;0.9;3.6;-0.2;0.5;269;6.55
;;;Parkano;1060;20220108;2022;1;8;3275000;6885000;-2.1;0.2;-4.5;0.7;301;5.16
;;;Parkano;1060;20220109;2022;1;9;3275000;6885000;-7.6;-4.4;-9.2;5.7;291;3.2
;;;Parkano;1060;20220110;2022;1;10;3275000;6885000;-12.2;-9.2;-13.4;0.5;505;2.11
;;;Parkano;1060;20220111;2022;1;11;3275000;6885000;-16.7;-11.4;-18.6;0;1647;1.48
;;;Parkano;1060;20220112;2022;1;12;3275000;6885000;-19.2;-16.6;-21.9;0;1475;1.17
;;;Parkano;1060;20220113;2022;1;13;3275000;6885000;-13.3;-9.9;-18.7;0;1316;1.97
;;;Parkano;1060;20220114;2022;1;14;3275000;6885000;-16.9;-13.7;-18.5;0;2261;1.45
;;;Parkano;1060;20220115;2022;1;15;3275000;6885000;-18.1;-14.5;-19.6;0;2306;1.3
;;;Parkano;1060;20220116;2022;1;16;3275000;6885000;-19.1;-15.5;-20.5;0;2316;1.2
;;;Parkano;1060;20220117;2022;1;17;3275000;6885000;-19.5;-13.8;-22.6;0;2471;1.15
;;;Parkano;1060;20220118;2022;1;18;3275000;6885000;-18.9;-14.9;-20.6;0;2304;1.21
;;;Parkano;1060;20220119;2022;1;19;3275000;6885000;-15.4;-12.1;-21.6;0.1;1349;1.75
;;;Parkano;1060;20220120;2022;1;20;3275000;6885000;-14.5;-9.6;-18.9;0;2057;1.88
;;;Parkano;1060;20220121;2022;1;21;3275000;6885000;-18.3;-15.4;-22.5;0;1949;1.3
;;;Parkano;1060;20220122;2022;1;22;3275000;6885000;-13.8;-10.2;-18.9;0;1050;1.99
;;;Parkano;1060;20220123;2022;1;23;3275000;6885000;-6.2;-5.1;-10.3;0.1;603;3.58
;;;Parkano;1060;20220124;2022;1;24;3275000;6885000;-6.7;-5.5;-7.5;0;823;3.29
;;;Parkano;1060;20220125;2022;1;25;3275000;6885000;-12.4;-7.2;-14;0.2;1685;2.15
;;;Parkano;1060;20220126;2022;1;26;3275000;6885000;-13.5;-11.5;-15.4;0;2516;1.91
;;;Parkano;1060;20220127;2022;1;27;3275000;6885000;-12.9;-9.4;-14.8;0;3019;2.05
;;;Parkano;1060;20220128;2022;1;28;3275000;6885000;-14.4;-11.3;-16.8;0;3751;1.81
;;;Parkano;1060;20220129;2022;1;29;3275000;6885000;-13.1;-11;-16.1;4.4;997;2
;;;Parkano;1060;20220130;2022;1;30;3275000;6885000;-7.7;-6.3;-11.1;0.1;480;3.24
;;;Parkano;1060;20220131;2022;1;31;3275000;6885000;-4.5;-3.6;-6.4;0.6;700;4.23
;;;Parkano;1060;20220201;2022;2;1;3275000;6885000;-0.3;0.5;-4.2;0;752;5.99
;;;Parkano;1060;20220202;2022;2;2;3275000;6885000;-0.2;0.8;-1.2;0;788;6
;;;Parkano;1060;20220203;2022;2;3;3275000;6885000;-3.2;-0.5;-4.5;0;673;4.46
;;;Parkano;1060;20220204;2022;2;4;3275000;6885000;-5.2;-4.4;-6.6;0;1285;3.9
;;;Parkano;1060;20220205;2022;2;5;3275000;6885000;-2.1;-0.4;-4.9;2.6;833;5.29
;;;Parkano;1060;20220206;2022;2;6;3275000;6885000;0.8;1.4;-0.4;3.1;477;6.4
;;;Parkano;1060;20220207;2022;2;7;3275000;6885000;1.2;2;0.4;0.9;1279;6.35
;;;Parkano;1060;20220208;2022;2;8;3275000;6885000;1;1.7;0.7;1.1;831;6.5
;;;Parkano;1060;20220209;2022;2;9;3275000;6885000;0.4;1.2;0;0.6;1027;6.25
;;;Parkano;1060;20220210;2022;2;10;3275000;6885000;-0.2;0.6;-0.6;0.7;1172;5.9
;;;Parkano;1060;20220211;2022;2;11;3275000;6885000;-0.3;0.1;-0.8;1.2;1243;5.65
;;;Parkano;1060;20220212;2022;2;12;3275000;6885000;-0.2;0.5;-1;0;887;5.88
;;;Parkano;1060;20220213;2022;2;13;3275000;6885000;-1;0;-1.3;1.2;742;5.15
;;;Parkano;1060;20220214;2022;2;14;3275000;6885000;0.4;1.3;-1.6;2.7;936;6.25
;;;Parkano;1060;20220215;2022;2;15;3275000;6885000;1.1;1.8;0.7;0.4;1170;6.59
;;;Parkano;1060;20220216;2022;2;16;3275000;6885000;0.3;1.3;-0.1;0.6;1749;6.16
;;;Parkano;1060;20220217;2022;2;17;3275000;6885000;-1.5;0.1;-2.5;0.1;1637;5.2
;;;Parkano;1060;20220218;2022;2;18;3275000;6885000;-4.7;-2.4;-5.1;0.1;1877;3.8
;;;Parkano;1060;20220219;2022;2;19;3275000;6885000;-3.8;-1.8;-6.2;8.1;2495;3.9
;;;Parkano;1060;20220220;2022;2;20;3275000;6885000;0.3;1.3;-2;3;1959;6.2
;;;Parkano;1060;20220221;2022;2;21;3275000;6885000;2.4;3.9;0.6;0.4;1653;6.85
;;;Parkano;1060;20220222;2022;2;22;3275000;6885000;4.7;7.1;2.7;0;1676;7.21
;;;Parkano;1060;20220223;2022;2;23;3275000;6885000;2.1;4.7;1.4;0;1577;6.11
;;;Parkano;1060;20220224;2022;2;24;3275000;6885000;-1;1.7;-2.7;0;2007;4.96
;;;Parkano;1060;20220225;2022;2;25;3275000;6885000;-0.6;0.1;-1.3;0;1375;4.97
;;;Parkano;1060;20220226;2022;2;26;3275000;6885000;-0.1;1.1;-1.1;0;1862;5.49
;;;Parkano;1060;20220227;2022;2;27;3275000;6885000;0.1;2.9;-1.3;0;4243;5.05
;;;Parkano;1060;20220228;2022;2;28;3275000;6885000;-0.8;0.2;-2.3;1.3;1216;5.44
;;;Parkano;1060;20220301;2022;3;1;3275000;6885000;0.1;0.6;-0.3;2.8;1450;6.11
;;;Parkano;1060;20220302;2022;3;2;3275000;6885000;-0.1;0.4;-1;0;1662;5.95
;;;Parkano;1060;20220303;2022;3;3;3275000;6885000;1.1;2.7;-0.1;0;3612;5.87
;;;Parkano;1060;20220304;2022;3;4;3275000;6885000;1;3.4;-1.3;0;3904;5.65
;;;Parkano;1060;20220305;2022;3;5;3275000;6885000;3.1;4.3;1.4;16.7;1565;7.16
;;;Parkano;1060;20220306;2022;3;6;3275000;6885000;3;5.1;1;0.6;7116;5.94
;;;Parkano;1060;20220307;2022;3;7;3275000;6885000;3.9;7.3;0.6;0;6567;6.05
;;;Parkano;1060;20220308;2022;3;8;3275000;6885000;3.7;6.4;2.2;0;4020;6.93
;;;Parkano;1060;20220309;2022;3;9;3275000;6885000;3.2;5.9;0.9;0;8022;5.24
;;;Parkano;1060;20220310;2022;3;10;3275000;6885000;4.8;9.1;1;0;4804;6.4
;;;Parkano;1060;20220311;2022;3;11;3275000;6885000;4.6;10.1;-0.1;0;8861;6.12
;;;Parkano;1060;20220312;2022;3;12;3275000;6885000;2.3;5.4;0.6;0.1;8897;4.68
;;;Parkano;1060;20220313;2022;3;13;3275000;6885000;-0.4;2.5;-1.6;0.7;6951;4.56
;;;Parkano;1060;20220314;2022;3;14;3275000;6885000;-3.7;-0.7;-4.9;0.2;7323;3.64
;;;Parkano;1060;20220315;2022;3;15;3275000;6885000;-6.8;-0.7;-12.9;0.2;11067;2.58
;;;Parkano;1060;20220316;2022;3;16;3275000;6885000;-3.4;0.4;-8.3;2.3;4939;4.27
;;;Parkano;1060;20220317;2022;3;17;3275000;6885000;-5.7;-2.3;-7.6;0.1;8043;3.22
;;;Parkano;1060;20220318;2022;3;18;3275000;6885000;-6.9;-2.8;-14.7;3.7;5506;3.43
;;;Parkano;1060;20220319;2022;3;19;3275000;6885000;4.7;7.7;-3.6;0;6781;6.41
;;;Parkano;1060;20220320;2022;3;20;3275000;6885000;2.3;6.3;-1.2;0;11500;5.76
;;;Parkano;1060;20220321;2022;3;21;3275000;6885000;0.8;2.6;-0.5;1.6;3377;6.15
;;;Parkano;1060;20220322;2022;3;22;3275000;6885000;2.5;8.2;-0.5;0;12957;5.48
;;;Parkano;1060;20220323;2022;3;23;3275000;6885000;1;7.4;-5.6;0;13711;4.32
;;;Parkano;1060;20220324;2022;3;24;3275000;6885000;0.7;8.2;-5;0;14610;3.23
;;;Parkano;1060;20220325;2022;3;25;3275000;6885000;1.2;11.1;-7.7;0;14259;3.41
;;;Parkano;1060;20220326;2022;3;26;3275000;6885000;2;8.6;-3.5;0;14429;4.37
;;;Parkano;1060;20220327;2022;3;27;3275000;6885000;3.1;10;-3.1;0;14416;5.13
;;;Parkano;1060;20220328;2022;3;28;3275000;6885000;1.3;5.3;-1.3;0.1;11295;4.31
;;;Parkano;1060;20220329;2022;3;29;3275000;6885000;-0.3;4.8;-4.9;0.2;14115;3.83
;;;Parkano;1060;20220330;2022;3;30;3275000;6885000;-1.3;2.2;-3.2;0;9982;3.71
;;;Parkano;1060;20220331;2022;3;31;3275000;6885000;-0.9;4.5;-6;0;13048;3.98
;;;Parkano;1060;20220401;2022;4;1;3275000;6885000;0;4.4;-2.4;0;12901;3.97
;;;Parkano;1060;20220402;2022;4;2;3275000;6885000;-1.1;4.8;-7.5;0;15829;3.3
;;;Parkano;1060;20220403;2022;4;3;3275000;6885000;2.1;8.2;-3.7;0;13561;4.75
;;;Parkano;1060;20220404;2022;4;4;3275000;6885000;3.2;8.3;-0.6;0;7743;5.69
;;;Parkano;1060;20220405;2022;4;5;3275000;6885000;2.1;7;-1.4;0;8645;5.81
;;;Parkano;1060;20220406;2022;4;6;3275000;6885000;1.9;8;-2.6;0;13890;3.64
;;;Parkano;1060;20220407;2022;4;7;3275000;6885000;0.7;6.3;-5.1;0;18577;2.54
;;;Parkano;1060;20220408;2022;4;8;3275000;6885000;1.3;6.8;-6.2;0.7;18002;2.91
;;;Parkano;1060;20220409;2022;4;9;3275000;6885000;2.4;3.9;0.4;2.1;2503;6.73
;;;Parkano;1060;20220410;2022;4;10;3275000;6885000;5.6;11;2.4;5.4;15273;6.73
;;;Parkano;1060;20220411;2022;4;11;3275000;6885000;4.2;7.2;2.4;3.4;5174;7.93
;;;Parkano;1060;20220412;2022;4;12;3275000;6885000;5;9.5;3;0;11791;6.9
;;;Parkano;1060;20220413;2022;4;13;3275000;6885000;2.8;7;-0.2;0;13098;5.04
;;;Parkano;1060;20220414;2022;4;14;3275000;6885000;2.4;8.4;-5.6;0;19444;4.01
;;;Parkano;1060;20220415;2022;4;15;3275000;6885000;5.8;12.1;0.7;1.2;12540;5.65
;;;Parkano;1060;20220416;2022;4;16;3275000;6885000;5.3;8;3.1;0.3;5209;8.04
;;;Parkano;1060;20220417;2022;4;17;3275000;6885000;5.9;11;1.9;0;15748;7.35
;;;Parkano;1060;20220418;2022;4;18;3275000;6885000;7.9;14.3;2;0;14822;7.3
;;;Parkano;1060;20220419;2022;4;19;3275000;6885000;10.7;17.9;3.9;0;16875;7.57
;;;Parkano;1060;20220420;2022;4;20;3275000;6885000;7;14;-0.5;0;21464;5.48
;;;Parkano;1060;20220421;2022;4;21;3275000;6885000;3.1;8.4;-1.8;0;22637;3.43
;;;Parkano;1060;20220422;2022;4;22;3275000;6885000;3.7;10.9;-5.4;0;22981;3.5
;;;Parkano;1060;20220423;2022;4;23;3275000;6885000;7.1;16.7;-2.7;0;22557;4.74
;;;Parkano;1060;20220424;2022;4;24;3275000;6885000;7.8;16.6;-3;0;22019;4.57
;;;Parkano;1060;20220425;2022;4;25;3275000;6885000;9;17.6;-1.7;0;17590;4.88
;;;Parkano;1060;20220426;2022;4;26;3275000;6885000;8.6;15.1;1.9;0;11448;5.82
;;;Parkano;1060;20220427;2022;4;27;3275000;6885000;5.7;10.6;3.9;0;16348;5.69
;;;Parkano;1060;20220428;2022;4;28;3275000;6885000;2.8;7.5;-2.3;0.6;16138;5.1
;;;Parkano;1060;20220429;2022;4;29;3275000;6885000;2;7.1;-1.9;0;16526;3.92
;;;Parkano;1060;20220430;2022;4;30;3275000;6885000;2.1;8.2;-4.5;0;17809;4.36
;;;Parkano;1060;20220501;2022;5;1;3275000;6885000;2.6;8.7;-3.3;0.1;16943;4.81
;;;Parkano;1060;20220502;2022;5;2;3275000;6885000;1.7;5.7;-0.7;2.8;12499;5.73
;;;Parkano;1060;20220503;2022;5;3;3275000;6885000;3.5;8.6;-0.1;0;23308;4.62
;;;Parkano;1060;20220504;2022;5;4;3275000;6885000;3;8.6;-3.1;0;19990;3.51
;;;Parkano;1060;20220505;2022;5;5;3275000;6885000;4.5;10.9;-4.3;0;21823;3.96
;;;Parkano;1060;20220506;2022;5;6;3275000;6885000;4.2;11;-0.8;4.9;13378;5.52
;;;Parkano;1060;20220507;2022;5;7;3275000;6885000;7.2;10.7;2.2;7.3;5234;9.65
;;;Parkano;1060;20220508;2022;5;8;3275000;6885000;7.1;10.5;4.3;2.4;8767;8.32
;;;Parkano;1060;20220509;2022;5;9;3275000;6885000;7.7;12.3;4.8;3.9;10170;9.57
;;;Parkano;1060;20220510;2022;5;10;3275000;6885000;8.7;13;6.5;1.4;10551;9.41
;;;Parkano;1060;20220511;2022;5;11;3275000;6885000;6.9;11.1;2.4;0;7991;8.2
;;;Parkano;1060;20220512;2022;5;12;3275000;6885000;5.6;9;3.8;0.2;22967;5.04
;;;Parkano;1060;20220513;2022;5;13;3275000;6885000;5.5;10.9;-2.4;0;18568;5.38
;;;Parkano;1060;20220514;2022;5;14;3275000;6885000;8.8;14.6;4.7;0.1;12686;7.98
;;;Parkano;1060;20220515;2022;5;15;3275000;6885000;13.3;20.1;3.5;0;26027;7.88
;;;Parkano;1060;20220516;2022;5;16;3275000;6885000;17.1;24.7;8.4;0;25449;8.69
;;;Parkano;1060;20220517;2022;5;17;3275000;6885000;18.4;27.7;11.1;8.4;17355;14.27
;;;Parkano;1060;20220518;2022;5;18;3275000;6885000;16.6;21.6;13.1;0;19168;13.26
;;;Parkano;1060;20220519;2022;5;19;3275000;6885000;15;21.8;7.2;0;17901;12
;;;Parkano;1060;20220520;2022;5;20;3275000;6885000;18.2;26;8.2;0;25968;11.74
;;;Parkano;1060;20220521;2022;5;21;3275000;6885000;21.8;28.2;13.7;0;24619;12.12
;;;Parkano;1060;20220522;2022;5;22;3275000;6885000;23.2;28.9;16.2;3.5;24281;12.91
;;;Parkano;1060;20220523;2022;5;23;3275000;6885000;19.4;26;14.5;5.7;15506;16.93
;;;Parkano;1060;20220524;2022;5;24;3275000;6885000;10.8;19.8;7.6;1.5;10863;11.67
;;;Parkano;1060;20220525;2022;5;25;3275000;6885000;5.2;9.3;2.9;0.3;10226;6.94
;;;Parkano;1060;20220526;2022;5;26;3275000;6885000;8;13;4;0;17441;7.04
;;;Parkano;1060;20220527;2022;5;27;3275000;6885000;8.8;13.1;4.8;6.9;12334;9.22
;;;Parkano;1060;20220528;2022;5;28;3275000;6885000;11.8;16.3;8.3;0.5;10701;11.95
;;;Parkano;1060;20220529;2022;5;29;3275000;6885000;9.9;14.5;8.1;8.4;10839;10.98
;;;Parkano;1060;20220530;2022;5;30;3275000;6885000;9.9;14.2;6.5;0;12888;10.6
;;;Parkano;1060;20220531;2022;5;31;3275000;6885000;12.2;18.4;3.5;0;28696;9.29
;;;Parkano;1060;20220601;2022;6;1;3275000;6885000;14.6;20.3;7.2;0.7;17685;12.82
;;;Parkano;1060;20220602;2022;6;2;3275000;6885000;17.8;24.4;13.8;1.3;16029;17
;;;Parkano;1060;20220603;2022;6;3;3275000;6885000;21.6;27.6;13.3;0;21408;14.04
;;;Parkano;1060;20220604;2022;6;4;3275000;6885000;17.9;24.4;13.7;1.5;18030;15.01
;;;Parkano;1060;20220605;2022;6;5;3275000;6885000;15.5;21.8;12.6;0.5;14061;14.89
;;;Parkano;1060;20220606;2022;6;6;3275000;6885000;15.5;22.1;8.4;0;22119;12.12
;;;Parkano;1060;20220607;2022;6;7;3275000;6885000;14.9;23.3;6.9;2.2;21053;13.24
;;;Parkano;1060;20220608;2022;6;8;3275000;6885000;14.1;19;12;0;15562;12.65
;;;Parkano;1060;20220609;2022;6;9;3275000;6885000;15.8;22.9;6.2;10.7;25322;10.78
;;;Parkano;1060;20220610;2022;6;10;3275000;6885000;13.1;19.2;12;17.2;5427;14.36
;;;Parkano;1060;20220611;2022;6;11;3275000;6885000;10.5;14.1;8.1;1.9;7704;11.94
;;;Parkano;1060;20220612;2022;6;12;3275000;6885000;10.8;15.5;6.8;0;27860;7.41
;;;Parkano;1060;20220613;2022;6;13;3275000;6885000;12;18.7;2.8;0;28886;7.32
;;;Parkano;1060;20220614;2022;6;14;3275000;6885000;9.4;15.3;6.6;2.8;18043;8.1
;;;Parkano;1060;20220615;2022;6;15;3275000;6885000;6.8;11;1.7;0.5;25736;5.86
;;;Parkano;1060;20220616;2022;6;16;3275000;6885000;11.2;15.4;6.1;0.2;18824;9.08
;;;Parkano;1060;20220617;2022;6;17;3275000;6885000;11.2;15.3;7.8;0;16575;8.94
;;;Parkano;1060;20220618;2022;6;18;3275000;6885000;7;11.7;3.8;1.7;17604;8.06
;;;Parkano;1060;20220619;2022;6;19;3275000;6885000;6.7;10.8;2;3.4;18770;7.61
;;;Parkano;1060;20220620;2022;6;20;3275000;6885000;7.2;11;3.8;11;12936;8.97
;;;Parkano;1060;20220621;2022;6;21;3275000;6885000;9.6;14.8;6.4;3.1;13685;10.65
;;;Parkano;1060;20220622;2022;6;22;3275000;6885000;11.3;17;7.1;2.1;18694;9.92
;;;Parkano;1060;20220623;2022;6;23;3275000;6885000;9.6;13.4;5.4;0;17011;7.71
;;;Parkano;1060;20220624;2022;6;24;3275000;6885000;10.6;16.6;3;0;25510;7.27
;;;Parkano;1060;20220625;2022;6;25;3275000;6885000;11.4;17.8;3;0;25335;7.62
;;;Parkano;1060;20220626;2022;6;26;3275000;6885000;11.1;17.8;3.2;0;26778;8.24
;;;Parkano;1060;20220627;2022;6;27;3275000;6885000;12.2;17.7;6.1;0.2;15753;10.03
;;;Parkano;1060;20220628;2022;6;28;3275000;6885000;11.7;15;9.7;0;6018;11.86
;;;Parkano;1060;20220629;2022;6;29;3275000;6885000;13.7;18.4;7;3.5;17410;10.41
;;;Parkano;1060;20220630;2022;6;30;3275000;6885000;10.1;15.9;9.7;14.4;6189;11.86
;;;Parkano;1060;20220701;2022;7;1;3275000;6885000;13.8;19.8;8.9;3.5;24362;12.66
;;;Parkano;1060;20220702;2022;7;2;3275000;6885000;14.8;19.9;10.9;0.2;26239;11.72
;;;Parkano;1060;20220703;2022;7;3;3275000;6885000;16.1;23.3;6;0;26200;10.39
;;;Parkano;1060;20220704;2022;7;4;3275000;6885000;18.4;24.8;9.3;0;28249;12.38
;;;Parkano;1060;20220705;2022;7;5;3275000;6885000;20.3;26.6;11.2;0;25259;14.76
;;;Parkano;1060;20220706;2022;7;6;3275000;6885000;22;27.9;14.3;0.3;26105;14.65
;;;Parkano;1060;20220707;2022;7;7;3275000;6885000;21.8;27.8;15.5;0;23143;16.29
;;;Parkano;1060;20220708;2022;7;8;3275000;6885000;17.7;24.7;14.5;0;19884;15.34
;;;Parkano;1060;20220709;2022;7;9;3275000;6885000;16.2;22.7;7.4;0;28716;10.39
;;;Parkano;1060;20220710;2022;7;10;3275000;6885000;16;21.2;8.5;0.2;18389;12.56
;;;Parkano;1060;20220711;2022;7;11;3275000;6885000;20.3;26.4;13.6;0.6;15344;17.09
;;;Parkano;1060;20220712;2022;7;12;3275000;6885000;19.5;25;16.6;2.4;14335;18.79
;;;Parkano;1060;20220713;2022;7;13;3275000;6885000;16.7;22.2;11.1;5;15967;16.18
;;;Parkano;1060;20220714;2022;7;14;3275000;6885000;17.1;20.4;14.5;8.2;13925;16.71
;;;Parkano;1060;20220715;2022;7;15;3275000;6885000;17.7;24;11;0;21762;15.2
;;;Parkano;1060;20220716;2022;7;16;3275000;6885000;19.1;24.9;11.3;0;23658;15.24
;;;Parkano;1060;20220717;2022;7;17;3275000;6885000;18.7;24.2;15.9;2;16518;18.3
;;;Parkano;1060;20220718;2022;7;18;3275000;6885000;20.2;26.6;13.8;0.2;19682;17.22
;;;Parkano;1060;20220719;2022;7;19;3275000;6885000;20.8;26.8;15;0;23419;14.24
;;;Parkano;1060;20220720;2022;7;20;3275000;6885000;21;27.6;12.4;0;25632;13.43
;;;Parkano;1060;20220721;2022;7;21;3275000;6885000;21.7;29.2;12;0.3;23952;15.29
;;;Parkano;1060;20220722;2022;7;22;3275000;6885000;23;29.8;14.8;0.1;23391;16.61
;;;Parkano;1060;20220723;2022;7;23;3275000;6885000;23.4;30;15.4;0;24070;15.34
;;;Parkano;1060;20220724;2022;7;24;3275000;6885000;23.3;31;14;0;23921;15.3
;;;Parkano;1060;20220725;2022;7;25;3275000;6885000;21.2;28.7;13.8;3.9;21777;16.96
;;;Parkano;1060;20220726;2022;7;26;3275000;6885000;21.7;26.9;15.8;0;18817;18.63
;;;Parkano;1060;20220727;2022;7;27;3275000;6885000;20.1;26.7;16.6;4.9;17511;19.39
;;;Parkano;1060;20220728;2022;7;28;3275000;6885000;20.3;27.9;13.6;6.8;19322;18.63
;;;Parkano;1060;20220729;2022;7;29;3275000;6885000;19.4;22.2;16.2;13.1;12878;19.3
;;;Parkano;1060;20220730;2022;7;30;3275000;6885000;19;23.7;14.2;0;19491;15.9
;;;Parkano;1060;20220731;2022;7;31;3275000;6885000;19.9;25.6;14.7;0;21473;15.77
;;;Parkano;1060;20220801;2022;8;1;3275000;6885000;21;26;14.1;0;17164;16.49
;;;Parkano;1060;20220802;2022;8;2;3275000;6885000;24.1;30.4;17.4;0;21960;18.13
;;;Parkano;1060;20220803;2022;8;3;3275000;6885000;23.6;29.6;16.7;0;22421;16.61
;;;Parkano;1060;20220804;2022;8;4;3275000;6885000;22.7;29.5;15.1;0;20154;15.23
;;;Parkano;1060;20220805;2022;8;5;3275000;6885000;19.8;28.2;16.4;10;13939;17.63
;;;Parkano;1060;20220806;2022;8;6;3275000;6885000;19.8;25;16;0.2;17296;18.04
;;;Parkano;1060;20220807;2022;8;7;3275000;6885000;19.4;25.7;14.4;0;14694;16.94
;;;Parkano;1060;20220808;2022;8;8;3275000;6885000;17.9;23.2;13.6;0.7;14560;17.14
;;;Parkano;1060;20220809;2022;8;9;3275000;6885000;18.3;24.9;10.8;0.4;14935;16.71
;;;Parkano;1060;20220810;2022;8;10;3275000;6885000;17.5;21.3;15.8;0.6;17354;14.09
;;;Parkano;1060;20220811;2022;8;11;3275000;6885000;14.7;18.5;11.1;1.8;14211;13.35
;;;Parkano;1060;20220812;2022;8;12;3275000;6885000;14.9;21.2;10.8;1.9;14514;14.02
;;;Parkano;1060;20220813;2022;8;13;3275000;6885000;14.2;20.1;9.4;1.8;15024;13.74
;;;Parkano;1060;20220814;2022;8;14;3275000;6885000;13.4;19.9;7;0;17343;10.73
;;;Parkano;1060;20220815;2022;8;15;3275000;6885000;13.2;18.2;6;0;16122;10.67
;;;Parkano;1060;20220816;2022;8;16;3275000;6885000;13.5;15.8;10.5;4;6718;14.1
;;;Parkano;1060;20220817;2022;8;17;3275000;6885000;13.4;17;11.2;4;12100;13.21
;;;Parkano;1060;20220818;2022;8;18;3275000;6885000;12.9;17.7;10;9.1;9515;12.58
;;;Parkano;1060;20220819;2022;8;19;3275000;6885000;13.1;17.3;11.3;5.9;10347;13.88
;;;Parkano;1060;20220820;2022;8;20;3275000;6885000;12.2;16.7;8.8;10.7;12021;12.74
;;;Parkano;1060;20220821;2022;8;21;3275000;6885000;12.7;16.6;9.7;6.7;8887;13
;;;Parkano;1060;20220822;2022;8;22;3275000;6885000;11.9;17.4;9.6;3.1;11812;12.02
;;;Parkano;1060;20220823;2022;8;23;3275000;6885000;10.7;15.9;5.3;6.1;9453;11.78
;;;Parkano;1060;20220824;2022;8;24;3275000;6885000;12.4;14;10.8;12.2;4514;13.92
;;;Parkano;1060;20220825;2022;8;25;3275000;6885000;13.2;17;12.2;4;8291;14.16
;;;Parkano;1060;20220826;2022;8;26;3275000;6885000;13.9;17.7;11.9;1.9;11461;13.74
;;;Parkano;1060;20220827;2022;8;27;3275000;6885000;11.3;14;9.8;0.1;7159;11.59
;;;Parkano;1060;20220828;2022;8;28;3275000;6885000;9.5;13.1;5.6;0;11487;9.17
;;;Parkano;1060;20220829;2022;8;29;3275000;6885000;10.2;14;7.1;0;10165;9.96
;;;Parkano;1060;20220830;2022;8;30;3275000;6885000;10.6;15.8;5.8;0;10482;10.39
;;;Parkano;1060;20220831;2022;8;31;3275000;6885000;11.8;16.1;9.9;0.1;5167;11.7
;;;Parkano;1060;20220901;2022;9;1;3275000;6885000;13.9;20.2;9.2;0.3;13045;13.66
;;;Parkano;1060;20220902;2022;9;2;3275000;6885000;13.8;20.3;9.1;0;13254;13.36
;;;Parkano;1060;20220903;2022;9;3;3275000;6885000;14.5;21.1;10.1;0;15010;12.96
;;;Parkano;1060;20220904;2022;9;4;3275000;6885000;11.6;15.7;9.1;0;9910;12.7
;;;Parkano;1060;20220905;2022;9;5;3275000;6885000;11;19.2;3.9;0;12517;11.12
;;;Parkano;1060;20220906;2022;9;6;3275000;6885000;13.6;21.2;5.2;0;12651;12.04
;;;Parkano;1060;20220907;2022;9;7;3275000;6885000;14.1;19.2;11.2;3.8;8187;14.56
;;;Parkano;1060;20220908;2022;9;8;3275000;6885000;13.6;19.2;9.8;0;10073;13.45
;;;Parkano;1060;20220909;2022;9;9;3275000;6885000;11.8;17;8.4;0;11063;12.77
;;;Parkano;1060;20220910;2022;9;10;3275000;6885000;12.6;15.8;9.5;0;6082;13.08
;;;Parkano;1060;20220911;2022;9;11;3275000;6885000;10.3;17.4;5;0;13647;9.4
;;;Parkano;1060;20220912;2022;9;12;3275000;6885000;10.2;18.6;1.6;0;10793;10.77
;;;Parkano;1060;20220913;2022;9;13;3275000;6885000;9.4;16.9;3.3;0;13401;8.74
;;;Parkano;1060;20220914;2022;9;14;3275000;6885000;8.5;17.4;0.4;0;12867;8.17
;;;Parkano;1060;20220915;2022;9;15;3275000;6885000;9.7;17.7;2.8;0;10098;10.39
;;;Parkano;1060;20220916;2022;9;16;3275000;6885000;10.8;16.2;5.4;0;9415;11.64
;;;Parkano;1060;20220917;2022;9;17;3275000;6885000;11.7;17;7.8;0;9256;11.52
;;;Parkano;1060;20220918;2022;9;18;3275000;6885000;9.6;15.8;3.8;0.1;7807;10.99
;;;Parkano;1060;20220919;2022;9;19;3275000;6885000;12.6;16.4;7.2;0;5180;12.81
;;;Parkano;1060;20220920;2022;9;20;3275000;6885000;5;11.6;2.8;0;4639;6.65
;;;Parkano;1060;20220921;2022;9;21;3275000;6885000;1.8;5.9;-1.9;0;12038;4.38
;;;Parkano;1060;20220922;2022;9;22;3275000;6885000;3;6.8;-0.9;0.2;7421;5.87
;;;Parkano;1060;20220923;2022;9;23;3275000;6885000;4.6;9.9;-0.9;0;4646;7.62
;;;Parkano;1060;20220924;2022;9;24;3275000;6885000;8.7;14.5;0.8;15.9;3968;10.34
;;;Parkano;1060;20220925;2022;9;25;3275000;6885000;9.1;12.3;6.3;0.2;9113;8.93
;;;Parkano;1060;20220926;2022;9;26;3275000;6885000;11.4;15.8;8;0;7872;10.28
;;;Parkano;1060;20220927;2022;9;27;3275000;6885000;9.4;13.7;5.1;0;8085;8.34
;;;Parkano;1060;20220928;2022;9;28;3275000;6885000;5.9;11;2.6;0;8121;7.07
;;;Parkano;1060;20220929;2022;9;29;3275000;6885000;3.1;11;-3.5;0;8997;6.9
;;;Parkano;1060;20220930;2022;9;30;3275000;6885000;8;11.6;2.7;0.4;4451;9.85
;;;Parkano;1060;20221001;2022;10;1;3275000;6885000;7.3;11.1;0.8;0.3;4422;10.19
;;;Parkano;1060;20221002;2022;10;2;3275000;6885000;11.1;13.1;9.3;0;4397;12.26
;;;Parkano;1060;20221003;2022;10;3;3275000;6885000;7.5;11.5;3.7;0;7511;8.76
;;;Parkano;1060;20221004;2022;10;4;3275000;6885000;3.2;5.8;-1.3;0;1810;6.67
;;;Parkano;1060;20221005;2022;10;5;3275000;6885000;6;8.5;4.2;0.2;4753;6.92
;;;Parkano;1060;20221006;2022;10;6;3275000;6885000;6.7;8.3;5.1;9.9;1024;9.1
;;;Parkano;1060;20221007;2022;10;7;3275000;6885000;9.4;11;8;9;3206;10.94
;;;Parkano;1060;20221008;2022;10;8;3275000;6885000;10.2;11;8.3;10.5;1646;12.14
;;;Parkano;1060;20221009;2022;10;9;3275000;6885000;8.4;10.5;7;0.5;1707;10.77
;;;Parkano;1060;20221010;2022;10;10;3275000;6885000;6.5;8.6;5.5;0.8;3118;9.22
;;;Parkano;1060;20221011;2022;10;11;3275000;6885000;5.8;7.3;4.8;0.4;1756;8.93
;;;Parkano;1060;20221012;2022;10;12;3275000;6885000;5.6;8.1;4.2;0;2425;8.45
;;;Parkano;1060;20221013;2022;10;13;3275000;6885000;-0.4;4.6;-2;0;2420;4.91
;;;Parkano;1060;20221014;2022;10;14;3275000;6885000;-0.4;3.2;-2.7;0;4220;4.76
;;;Parkano;1060;20221015;2022;10;15;3275000;6885000;-2;2.8;-6.4;0;4793;4.69
;;;Parkano;1060;20221016;2022;10;16;3275000;6885000;-0.8;2.4;-6.4;6;2616;5.01
;;;Parkano;1060;20221017;2022;10;17;3275000;6885000;5.8;8.4;1.2;5.3;971;9.15
;;;Parkano;1060;20221018;2022;10;18;3275000;6885000;2.9;7.4;1.6;0.3;1697;7.31
;;;Parkano;1060;20221019;2022;10;19;3275000;6885000;-1.1;1.7;-2.6;0;1157;4.56
;;;Parkano;1060;20221020;2022;10;20;3275000;6885000;-3.8;-1.3;-5.4;0;5177;3.14
;;;Parkano;1060;20221021;2022;10;21;3275000;6885000;-4.6;-2.2;-7.7;0;3398;3.35
;;;Parkano;1060;20221022;2022;10;22;3275000;6885000;-0.6;1.7;-3.6;1.4;1340;4.38
;;;Parkano;1060;20221023;2022;10;23;3275000;6885000;4.3;6.5;1.3;7.5;487;8.1
;;;Parkano;1060;20221024;2022;10;24;3275000;6885000;8.5;9.9;5.7;0.5;1167;10.28
;;;Parkano;1060;20221025;2022;10;25;3275000;6885000;9;11.5;5.7;2.5;1070;9.66
;;;Parkano;1060;20221026;2022;10;26;3275000;6885000;11.4;13.1;3.8;0.6;779;12.22
;;;Parkano;1060;20221027;2022;10;27;3275000;6885000;7.8;13.1;4.3;6.1;597;9.37
;;;Parkano;1060;20221028;2022;10;28;3275000;6885000;3.1;6.4;1.1;0;3895;6.93
;;;Parkano;1060;20221029;2022;10;29;3275000;6885000;1;4.3;-1.2;0;2102;6.28
;;;Parkano;1060;20221030;2022;10;30;3275000;6885000;-2.2;1.5;-5.6;6.9;3522;4.65
;;;Parkano;1060;20221031;2022;10;31;3275000;6885000;6.1;9.7;-1.1;5.7;373;9.57
;;;Parkano;1060;20221101;2022;11;1;3275000;6885000;9.4;10.2;9.2;7.7;273;11.58
;;;Parkano;1060;20221102;2022;11;2;3275000;6885000;8.7;10;7.1;14.4;327;10.89
;;;Parkano;1060;20221103;2022;11;3;3275000;6885000;-2.6;9.4;-5.7;0;1868;4.28
;;;Parkano;1060;20221104;2022;11;4;3275000;6885000;-3.9;-1.3;-7.9;7;900;4.12
;;;Parkano;1060;20221105;2022;11;5;3275000;6885000;-2.3;-1.3;-3;3.3;1136;5.06
;;;Parkano;1060;20221106;2022;11;6;3275000;6885000;-1.8;-0.8;-3;1;867;5.23
;;;Parkano;1060;20221107;2022;11;7;3275000;6885000;3.3;5.1;-1.2;0.7;651;7.73
;;;Parkano;1060;20221108;2022;11;8;3275000;6885000;4.8;6.2;3.5;13.5;325;8.35
;;;Parkano;1060;20221109;2022;11;9;3275000;6885000;6.5;7.9;3.7;5.4;522;9.56
;;;Parkano;1060;20221110;2022;11;10;3275000;6885000;2.4;6;-0.5;0.1;571;7.09
;;;Parkano;1060;20221111;2022;11;11;3275000;6885000;-0.8;0.1;-1.8;0.1;675;5.21
;;;Parkano;1060;20221112;2022;11;12;3275000;6885000;-0.3;0.8;-0.7;0;883;5.7
;;;Parkano;1060;20221113;2022;11;13;3275000;6885000;-1;0.5;-3.2;0;527;5.46
;;;Parkano;1060;20221114;2022;11;14;3275000;6885000;-0.6;0.4;-2.1;0;1089;5.72
;;;Parkano;1060;20221115;2022;11;15;3275000;6885000;-0.4;0.5;-1.4;0;418;5.38
;;;Parkano;1060;20221116;2022;11;16;3275000;6885000;-0.7;1;-2.1;0;446;5.52
;;;Parkano;1060;20221117;2022;11;17;3275000;6885000;-1.8;-0.5;-2.9;0;467;5.23
;;;Parkano;1060;20221118;2022;11;18;3275000;6885000;-3.1;-1.7;-3.9;0;379;4.48
;;;Parkano;1060;20221119;2022;11;19;3275000;6885000;-2.7;-2.1;-3.3;0;355;4.7
;;;Parkano;1060;20221120;2022;11;20;3275000;6885000;-2.9;-2.3;-3.9;0.4;588;4.69
;;;Parkano;1060;20221121;2022;11;21;3275000;6885000;-1.9;0.1;-5.3;0.5;605;5.29
;;;Parkano;1060;20221122;2022;11;22;3275000;6885000;0.9;2;-0.3;0.7;273;6.06
;;;Parkano;1060;20221123;2022;11;23;3275000;6885000;2.4;3.8;0.3;1.1;339;7.19
;;;Parkano;1060;20221124;2022;11;24;3275000;6885000;2.5;3.9;2.1;1.4;440;7.25
;;;Parkano;1060;20221125;2022;11;25;3275000;6885000;2.1;2.7;1.3;0.2;311;7
;;;Parkano;1060;20221126;2022;11;26;3275000;6885000;2;2.4;1.5;0.3;344;7
;;;Parkano;1060;20221127;2022;11;27;3275000;6885000;0.8;2.5;-0.4;0;387;6.36
;;;Parkano;1060;20221128;2022;11;28;3275000;6885000;-2.1;0;-3;0;663;5.1
;;;Parkano;1060;20221129;2022;11;29;3275000;6885000;-3.9;-2.1;-5.6;0.1;286;4.22
;;;Parkano;1060;20221130;2022;11;30;3275000;6885000;-0.5;2.1;-4.2;0.4;71;5.22
;;;Parkano;1060;20221201;2022;12;1;3275000;6885000;1.6;2.8;-0.7;0.1;889;6.4
;;;Parkano;1060;20221202;2022;12;2;3275000;6885000;2.6;5.8;-0.3;0;655;7
;;;Parkano;1060;20221203;2022;12;3;3275000;6885000;0.6;2.5;-1.8;3.9;212;6.36
;;;Parkano;1060;20221204;2022;12;4;3275000;6885000;0.5;2.5;-1.2;1.3;173;6.26
;;;Parkano;1060;20221205;2022;12;5;3275000;6885000;1;3.2;-2.2;9.3;404;6.37
;;;Parkano;1060;20221206;2022;12;6;3275000;6885000;2.7;4;1.6;0.5;252;7.08
;;;Parkano;1060;20221207;2022;12;7;3275000;6885000;1.2;2.3;-0.8;0;236;5.96
;;;Parkano;1060;20221208;2022;12;8;3275000;6885000;1.8;3.8;-0.7;5.5;177;6.21
;;;Parkano;1060;20221209;2022;12;9;3275000;6885000;2;3.2;0.4;5.7;268;6.75
;;;Parkano;1060;20221210;2022;12;10;3275000;6885000;1.2;2.8;0.5;1;235;6.45
;;;Parkano;1060;20221211;2022;12;11;3275000;6885000;-0.3;1.2;-2;0.6;308;5.91
;;;Parkano;1060;20221212;2022;12;12;3275000;6885000;-0.2;0.4;-2.3;0.1;432;5.85
;;;Parkano;1060;20221213;2022;12;13;3275000;6885000;2.2;3.3;-0.2;7.2;133;6.75
;;;Parkano;1060;20221214;2022;12;14;3275000;6885000;0.1;2.4;-0.9;2.1;542;5.86
;;;Parkano;1060;20221215;2022;12;15;3275000;6885000;-1.2;0.4;-3.1;0.1;294;5.57
;;;Parkano;1060;20221216;2022;12;16;3275000;6885000;-1.6;-0.5;-3.3;2.3;303;5.4
;;;Parkano;1060;20221217;2022;12;17;3275000;6885000;0.8;1.9;-0.7;5.1;190;6.45
;;;Parkano;1060;20221218;2022;12;18;3275000;6885000;-0.8;1.5;-1.8;0.1;438;5.37
;;;Parkano;1060;20221219;2022;12;19;3275000;6885000;-3.5;-1.3;-5.1;0;465;4.26
;;;Parkano;1060;20221220;2022;12;20;3275000;6885000;-5.1;-3.6;-7.4;0;255;3.86
;;;Parkano;1060;20221221;2022;12;21;3275000;6885000;-7.1;-5;-7.7;0.5;286;3.2
;;;Parkano;1060;20221222;2022;12;22;3275000;6885000;-9.5;-7.2;-12.6;2.2;306;2.79
;;;Parkano;1060;20221223;2022;12;23;3275000;6885000;-12;-9.3;-16.8;0.1;784;2.34
;;;Parkano;1060;20221224;2022;12;24;3275000;6885000;-6.4;-4;-10.1;0;859;3.62
;;;Parkano;1060;20221225;2022;12;25;3275000;6885000;-8.3;-6.1;-10.9;0;852;3.03
;;;Parkano;1060;20221226;2022;12;26;3275000;6885000;-13;-8.4;-17.4;0.2;314;2.16
;;;Parkano;1060;20221227;2022;12;27;3275000;6885000;-15.9;-9.7;-22.4;2.5;733;1.72
;;;Parkano;1060;20221228;2022;12;28;3275000;6885000;-1.2;1.3;-10.1;3.2;307;5.64
;;;Parkano;1060;20221229;2022;12;29;3275000;6885000;3.5;5.1;1.1;0;433;7.5
;;;Parkano;1060;20221230;2022;12;30;3275000;6885000;2.7;3.7;2;0;173;6.71
;;;Parkano;1060;20221231;2022;12;31;3275000;6885000;0;2.2;-0.6;0.4;113;5.74
;;;Parkano;1060;20230101;2023;1;1;3275000;6885000;-0.4;0;-0.8;0.3;131;5.4
;;;Parkano;1060;20230102;2023;1;2;3275000;6885000;0.4;0.9;0;2.8;89;6.25
;;;Parkano;1060;20230103;2023;1;3;3275000;6885000;1.1;2.3;0.1;0;199;6.65
;;;Parkano;1060;20230104;2023;1;4;3275000;6885000;0.6;1.9;-0.1;1.5;152;6.35
;;;Parkano;1060;20230105;2023;1;5;3275000;6885000;2.9;3.8;0.3;1.2;140;7.52
;;;Parkano;1060;20230106;2023;1;6;3275000;6885000;3.9;4.5;3.2;0.9;183;8.07
;;;Parkano;1060;20230107;2023;1;7;3275000;6885000;0.9;3.6;-0.2;0.5;269;6.55
;;;Parkano;1060;20230108;2023;1;8;3275000;6885000;-2.1;0.2;-4.5;0.7;301;5.16
;;;Parkano;1060;20230109;2023;1;9;3275000;6885000;-7.6;-4.4;-9.2;5.7;291;3.2
;;;Parkano;1060;20230110;2023;1;10;3275000;6885000;-12.2;-9.2;-13.4;0.5;505;2.11
;;;Parkano;1060;20230111;2023;1;11;3275000;6885000;-16.7;-11.4;-18.6;0;1647;1.48
;;;Parkano;1060;20230112;2023;1;12;3275000;6885000;-19.2;-16.6;-21.9;0;1475;1.17
;;;Parkano;1060;20230113;2023;1;13;3275000;6885000;-13.3;-9.9;-18.7;0;1316;1.97
;;;Parkano;1060;20230114;2023;1;14;3275000;6885000;-16.9;-13.7;-18.5;0;2261;1.45
;;;Parkano;1060;20230115;2023;1;15;3275000;6885000;-18.1;-14.5;-19.6;0;2306;1.3
;;;Parkano;1060;20230116;2023;1;16;3275000;6885000;-19.1;-15.5;-20.5;0;2316;1.2
;;;Parkano;1060;20230117;2023;1;17;3275000;6885000;-19.5;-13.8;-22.6;0;2471;1.15
;;;Parkano;1060;20230118;2023;1;18;3275000;6885000;-18.9;-14.9;-20.6;0;2304;1.21
;;;Parkano;1060;20230119;2023;1;19;3275000;6885000;-15.4;-12.1;-21.6;0.1;1349;1.75
;;;Parkano;1060;20230120;2023;1;20;3275000;6885000;-14.5;-9.6;-18.9;0;2057;1.88
;;;Parkano;1060;20230121;2023;1;21;3275000;6885000;-18.3;-15.4;-22.5;0;1949;1.3
;;;Parkano;1060;20230122;2023;1;22;3275000;6885000;-13.8;-10.2;-18.9;0;1050;1.99
;;;Parkano;1060;20230123;2023;1;23;3275000;6885000;-6.2;-5.1;-10.3;0.1;603;3.58
;;;Parkano;1060;20230124;2023;1;24;3275000;6885000;-6.7;-5.5;-7.5;0;823;3.29
;;;Parkano;1060;20230125;2023;1;25;3275000;6885000;-12.4;-7.2;-14;0.2;1685;2.15
;;;Parkano;1060;20230126;2023;1;26;3275000;6885000;-13.5;-11.5;-15.4;0;2516;1.91
;;;Parkano;1060;20230127;2023;1;27;3275000;6885000;-12.9;-9.4;-14.8;0;3019;2.05
;;;Parkano;1060;20230128;2023;1;28;3275000;6885000;-14.4;-11.3;-16.8;0;3751;1.81
;;;Parkano;1060;20230129;2023;1;29;3275000;6885000;-13.1;-11;-16.1;4.4;997;2
;;;Parkano;1060;20230130;2023;1;30;3275000;6885000;-7.7;-6.3;-11.1;0.1;480;3.24
;;;Parkano;1060;20230131;2023;1;31;3275000;6885000;-4.5;-3.6;-6.4;0.6;700;4.23
;;;Parkano;1060;20230201;2023;2;1;3275000;6885000;-0.3;0.5;-4.2;0;752;5.99
;;;Parkano;1060;20230202;2023;2;2;3275000;6885000;-0.2;0.8;-1.2;0;788;6
;;;Parkano;1060;20230203;2023;2;3;3275000;6885000;-3.2;-0.5;-4.5;0;673;4.46
;;;Parkano;1060;20230204;2023;2;4;3275000;6885000;-5.2;-4.4;-6.6;0;1285;3.9
;;;Parkano;1060;20230205;2023;2;5;3275000;6885000;-2.1;-0.4;-4.9;2.6;833;5.29
;;;Parkano;1060;20230206;2023;2;6;3275000;6885000;0.8;1.4;-0.4;3.1;477;6.4
;;;Parkano;1060;20230207;2023;2;7;3275000;6885000;1.2;2;0.4;0.9;1279;6.35
;;;Parkano;1060;20230208;2023;2;8;3275000;6885000;1;1.7;0.7;1.1;831;6.5
;;;Parkano;1060;20230209;2023;2;9;3275000;6885000;0.4;1.2;0;0.6;1027;6.25
;;;Parkano;1060;20230210;2023;2;10;3275000;6885000;-0.2;0.6;-0.6;0.7;1172;5.9
;;;Parkano;1060;20230211;2023;2;11;3275000;6885000;-0.3;0.1;-0.8;1.2;1243;5.65
;;;Parkano;1060;20230212;2023;2;12;3275000;6885000;-0.2;0.5;-1;0;887;5.88
;;;Parkano;1060;20230213;2023;2;13;3275000;6885000;-1;0;-1.3;1.2;742;5.15
;;;Parkano;1060;20230214;2023;2;14;3275000;6885000;0.4;1.3;-1.6;2.7;936;6.25
;;;Parkano;1060;20230215;2023;2;15;3275000;6885000;1.1;1.8;0.7;0.4;1170;6.59
;;;Parkano;1060;20230216;2023;2;16;3275000;6885000;0.3;1.3;-0.1;0.6;1749;6.16
;;;Parkano;1060;20230217;2023;2;17;3275000;6885000;-1.5;0.1;-2.5;0.1;1637;5.2
;;;Parkano;1060;20230218;2023;2;18;3275000;6885000;-4.7;-2.4;-5.1;0.1;1877;3.8
;;;Parkano;1060;20230219;2023;2;19;3275000;6885000;-3.8;-1.8;-6.2;8.1;2495;3.9
;;;Parkano;1060;20230220;2023;2;20;3275000;6885000;0.3;1.3;-2;3;1959;6.2
;;;Parkano;1060;20230221;2023;2;21;3275000;6885000;2.4;3.9;0.6;0.4;1653;6.85
;;;Parkano;1060;20230222;2023;2;22;3275000;6885000;4.7;7.1;2.7;0;1676;7.21
;;;Parkano;1060;20230223;2023;2;23;3275000;6885000;2.1;4.7;1.4;0;1577;6.11
;;;Parkano;1060;20230224;2023;2;24;3275000;6885000;-1;1.7;-2.7;0;2007;4.96
;;;Parkano;1060;20230225;2023;2;25;3275000;6885000;-0.6;0.1;-1.3;0;1375;4.97
;;;Parkano;1060;20230226;2023;2;26;3275000;6885000;-0.1;1.1;-1.1;0;1862;5.49
;;;Parkano;1060;20230227;2023;2;27;3275000;6885000;0.1;2.9;-1.3;0;4243;5.05
;;;Parkano;1060;20230228;2023;2;28;3275000;6885000;-0.8;0.2;-2.3;1.3;1216;5.44
;;;Parkano;1060;20230301;2023;3;1;3275000;6885000;0.1;0.6;-0.3;2.8;1450;6.11
;;;Parkano;1060;20230302;2023;3;2;3275000;6885000;-0.1;0.4;-1;0;1662;5.95
;;;Parkano;1060;20230303;2023;3;3;3275000;6885000;1.1;2.7;-0.1;0;3612;5.87
;;;Parkano;1060;20230304;2023;3;4;3275000;6885000;1;3.4;-1.3;0;3904;5.65
;;;Parkano;1060;20230305;2023;3;5;3275000;6885000;3.1;4.3;1.4;16.7;1565;7.16
;;;Parkano;1060;20230306;2023;3;6;3275000;6885000;3;5.1;1;0.6;7116;5.94
;;;Parkano;1060;20230307;2023;3;7;3275000;6885000;3.9;7.3;0.6;0;6567;6.05
;;;Parkano;1060;20230308;2023;3;8;3275000;6885000;3.7;6.4;2.2;0;4020;6.93
;;;Parkano;1060;20230309;2023;3;9;3275000;6885000;3.2;5.9;0.9;0;8022;5.24
;;;Parkano;1060;20230310;2023;3;10;3275000;6885000;4.8;9.1;1;0;4804;6.4
;;;Parkano;1060;20230311;2023;3;11;3275000;6885000;4.6;10.1;-0.1;0;8861;6.12
;;;Parkano;1060;20230312;2023;3;12;3275000;6885000;2.3;5.4;0.6;0.1;8897;4.68
;;;Parkano;1060;20230313;2023;3;13;3275000;6885000;-0.4;2.5;-1.6;0.7;6951;4.56
;;;Parkano;1060;20230314;2023;3;14;3275000;6885000;-3.7;-0.7;-4.9;0.2;7323;3.64
;;;Parkano;1060;20230315;2023;3;15;3275000;6885000;-6.8;-0.7;-12.9;0.2;11067;2.58
;;;Parkano;1060;20230316;2023;3;16;3275000;6885000;-3.4;0.4;-8.3;2.3;4939;4.27
;;;Parkano;1060;20230317;2023;3;17;3275000;6885000;-5.7;-2.3;-7.6;0.1;8043;3.22
;;;Parkano;1060;20230318;2023;3;18;3275000;6885000;-6.9;-2.8;-14.7;3.7;5506;3.43
;;;Parkano;1060;20230319;2023;3;19;3275000;6885000;4.7;7.7;-3.6;0;6781;6.41
;;;Parkano;1060;20230320;2023;3;20;3275000;6885000;2.3;6.3;-1.2;0;11500;5.76
;;;Parkano;1060;20230321;2023;3;21;3275000;6885000;0.8;2.6;-0.5;1.6;3377;6.15
;;;Parkano;1060;20230322;2023;3;22;3275000;6885000;2.5;8.2;-0.5;0;12957;5.48
;;;Parkano;1060;20230323;2023;3;23;3275000;6885000;1;7.4;-5.6;0;13711;4.32
;;;Parkano;1060;20230324;2023;3;24;3275000;6885000;0.7;8.2;-5;0;14610;3.23
;;;Parkano;1060;20230325;2023;3;25;3275000;6885000;1.2;11.1;-7.7;0;14259;3.41
;;;Parkano;1060;20230326;2023;3;26;3275000;6885000;2;8.6;-3.5;0;14429;4.37
;;;Parkano;1060;20230327;2023;3;27;3275000;6885000;3.1;10;-3.1;0;14416;5.13
;;;Parkano;1060;20230328;2023;3;28;3275000;6885000;1.3;5.3;-1.3;0.1;11295;4.31
;;;Parkano;1060;20230329;2023;3;29;3275000;6885000;-0.3;4.8;-4.9;0.2;14115;3.83
;;;Parkano;1060;20230330;2023;3;30;3275000;6885000;-1.3;2.2;-3.2;0;9982;3.71
;;;Parkano;1060;20230331;2023;3;31;3275000;6885000;-0.9;4.5;-6;0;13048;3.98
;;;Parkano;1060;20230401;2023;4;1;3275000;6885000;0;4.4;-2.4;0;12901;3.97
;;;Parkano;1060;20230402;2023;4;2;3275000;6885000;-1.1;4.8;-7.5;0;15829;3.3
;;;Parkano;1060;20230403;2023;4;3;3275000;6885000;2.1;8.2;-3.7;0;13561;4.75
;;;Parkano;1060;20230404;2023;4;4;3275000;6885000;3.2;8.3;-0.6;0;7743;5.69
;;;Parkano;1060;20230405;2023;4;5;3275000;6885000;2.1;7;-1.4;0;8645;5.81
;;;Parkano;1060;20230406;2023;4;6;3275000;6885000;1.9;8;-2.6;0;13890;3.64
;;;Parkano;1060;20230407;2023;4;7;3275000;6885000;0.7;6.3;-5.1;0;18577;2.54
;;;Parkano;1060;20230408;2023;4;8;3275000;6885000;1.3;6.8;-6.2;0.7;18002;2.91
;;;Parkano;1060;20230409;2023;4;9;3275000;6885000;2.4;3.9;0.4;2.1;2503;6.73
;;;Parkano;1060;20230410;2023;4;10;3275000;6885000;5.6;11;2.4;5.4;15273;6.73
;;;Parkano;1060;20230411;2023;4;11;3275000;6885000;4.2;7.2;2.4;3.4;5174;7.93
;;;Parkano;1060;20230412;2023;4;12;3275000;6885000;5;9.5;3;0;11791;6.9
;;;Parkano;1060;20230413;2023;4;13;3275000;6885000;2.8;7;-0.2;0;13098;5.04
;;;Parkano;1060;20230414;2023;4;14;3275000;6885000;2.4;8.4;-5.6;0;19444;4.01
;;;Parkano;1060;20230415;2023;4;15;3275000;6885000;5.8;12.1;0.7;1.2;12540;5.65
;;;Parkano;1060;20230416;2023;4;16;3275000;6885000;5.3;8;3.1;0.3;5209;8.04
;;;Parkano;1060;20230417;2023;4;17;3275000;6885000;5.9;11;1.9;0;15748;7.35
;;;Parkano;1060;20230418;2023;4;18;3275000;6885000;7.9;14.3;2;0;14822;7.3
;;;Parkano;1060;20230419;2023;4;19;3275000;6885000;10.7;17.9;3.9;0;16875;7.57
;;;Parkano;1060;20230420;2023;4;20;3275000;6885000;7;14;-0.5;0;21464;5.48
;;;Parkano;1060;20230421;2023;4;21;3275000;6885000;3.1;8.4;-1.8;0;22637;3.43
;;;Parkano;1060;20230422;2023;4;22;3275000;6885000;3.7;10.9;-5.4;0;22981;3.5
;;;Parkano;1060;20230423;2023;4;23;3275000;6885000;7.1;16.7;-2.7;0;22557;4.74
;;;Parkano;1060;20230424;2023;4;24;3275000;6885000;7.8;16.6;-3;0;22019;4.57
;;;Parkano;1060;20230425;2023;4;25;3275000;6885000;9;17.6;-1.7;0;17590;4.88
;;;Parkano;1060;20230426;2023;4;26;3275000;6885000;8.6;15.1;1.9;0;11448;5.82
;;;Parkano;1060;20230427;2023;4;27;3275000;6885000;5.7;10.6;3.9;0;16348;5.69
;;;Parkano;1060;20230428;2023;4;28;3275000;6885000;2.8;7.5;-2.3;0.6;16138;5.1
;;;Parkano;1060;20230429;2023;4;29;3275000;6885000;2;7.1;-1.9;0;16526;3.92
;;;Parkano;1060;20230430;2023;4;30;3275000;6885000;2.1;8.2;-4.5;0;17809;4.36
;;;Parkano;1060;20230501;2023;5;1;3275000;6885000;2.6;8.7;-3.3;0.1;16943;4.81
;;;Parkano;1060;20230502;2023;5;2;3275000;6885000;1.7;5.7;-0.7;2.8;12499;5.73
;;;Parkano;1060;20230503;2023;5;3;3275000;6885000;3.5;8.6;-0.1;0;23308;4.62
;;;Parkano;1060;20230504;2023;5;4;3275000;6885000;3;8.6;-3.1;0;19990;3.51
;;;Parkano;1060;20230505;2023;5;5;3275000;6885000;4.5;10.9;-4.3;0;21823;3.96
;;;Parkano;1060;20230506;2023;5;6;3275000;6885000;4.2;11;-0.8;4.9;13378;5.52
;;;Parkano;1060;20230507;2023;5;7;3275000;6885000;7.2;10.7;2.2;7.3;5234;9.65
;;;Parkano;1060;20230508;2023;5;8;3275000;6885000;7.1;10.5;4.3;2.4;8767;8.32
;;;Parkano;1060;20230509;2023;5;9;3275000;6885000;7.7;12.3;4.8;3.9;10170;9.57
;;;Parkano;1060;20230510;2023;5;10;3275000;6885000;8.7;13;6.5;1.4;10551;9.41
;;;Parkano;1060;20230511;2023;5;11;3275000;6885000;6.9;11.1;2.4;0;7991;8.2
;;;Parkano;1060;20230512;2023;5;12;3275000;6885000;5.6;9;3.8;0.2;22967;5.04
;;;Parkano;1060;20230513;2023;5;13;3275000;6885000;5.5;10.9;-2.4;0;18568;5.38
;;;Parkano;1060;20230514;2023;5;14;3275000;6885000;8.8;14.6;4.7;0.1;12686;7.98
;;;Parkano;1060;20230515;2023;5;15;3275000;6885000;13.3;20.1;3.5;0;26027;7.88
;;;Parkano;1060;20230516;2023;5;16;3275000;6885000;17.1;24.7;8.4;0;25449;8.69
;;;Parkano;1060;20230517;2023;5;17;3275000;6885000;18.4;27.7;11.1;8.4;17355;14.27
;;;Parkano;1060;20230518;2023;5;18;3275000;6885000;16.6;21.6;13.1;0;19168;13.26
;;;Parkano;1060;20230519;2023;5;19;3275000;6885000;15;21.8;7.2;0;17901;12
;;;Parkano;1060;20230520;2023;5;20;3275000;6885000;18.2;26;8.2;0;25968;11.74
;;;Parkano;1060;20230521;2023;5;21;3275000;6885000;21.8;28.2;13.7;0;24619;12.12
;;;Parkano;1060;20230522;2023;5;22;3275000;6885000;23.2;28.9;16.2;3.5;24281;12.91
;;;Parkano;1060;20230523;2023;5;23;3275000;6885000;19.4;26;14.5;5.7;15506;16.93
;;;Parkano;1060;20230524;2023;5;24;3275000;6885000;10.8;19.8;7.6;1.5;10863;11.67
;;;Parkano;1060;20230525;2023;5;25;3275000;6885000;5.2;9.3;2.9;0.3;10226;6.94
;;;Parkano;1060;20230526;2023;5;26;3275000;6885000;8;13;4;0;17441;7.04
;;;Parkano;1060;20230527;2023;5;27;3275000;6885000;8.8;13.1;4.8;6.9;12334;9.22
;;;Parkano;1060;20230528;2023;5;28;3275000;6885000;11.8;16.3;8.3;0.5;10701;11.95
;;;Parkano;1060;20230529;2023;5;29;3275000;6885000;9.9;14.5;8.1;8.4;10839;10.98
;;;Parkano;1060;20230530;2023;5;30;3275000;6885000;9.9;14.2;6.5;0;12888;10.6
;;;Parkano;1060;20230531;2023;5;31;3275000;6885000;12.2;18.4;3.5;0;28696;9.29
;;;Parkano;1060;20230601;2023;6;1;3275000;6885000;14.6;20.3;7.2;0.7;17685;12.82
;;;Parkano;1060;20230602;2023;6;2;3275000;6885000;17.8;24.4;13.8;1.3;16029;17
;;;Parkano;1060;20230603;2023;6;3;3275000;6885000;21.6;27.6;13.3;0;21408;14.04
;;;Parkano;1060;20230604;2023;6;4;3275000;6885000;17.9;24.4;13.7;1.5;18030;15.01
;;;Parkano;1060;20230605;2023;6;5;3275000;6885000;15.5;21.8;12.6;0.5;14061;14.89
;;;Parkano;1060;20230606;2023;6;6;3275000;6885000;15.5;22.1;8.4;0;22119;12.12
;;;Parkano;1060;20230607;2023;6;7;3275000;6885000;14.9;23.3;6.9;2.2;21053;13.24
;;;Parkano;1060;20230608;2023;6;8;3275000;6885000;14.1;19;12;0;15562;12.65
;;;Parkano;1060;20230609;2023;6;9;3275000;6885000;15.8;22.9;6.2;10.7;25322;10.78
;;;Parkano;1060;20230610;2023;6;10;3275000;6885000;13.1;19.2;12;17.2;5427;14.36
;;;Parkano;1060;20230611;2023;6;11;3275000;6885000;10.5;14.1;8.1;1.9;7704;11.94
;;;Parkano;1060;20230612;2023;6;12;3275000;6885000;10.8;15.5;6.8;0;27860;7.41
;;;Parkano;1060;20230613;2023;6;13;3275000;6885000;12;18.7;2.8;0;28886;7.32
;;;Parkano;1060;20230614;2023;6;14;3275000;6885000;9.4;15.3;6.6;2.8;18043;8.1
;;;Parkano;1060;20230615;2023;6;15;3275000;6885000;6.8;11;1.7;0.5;25736;5.86
;;;Parkano;1060;20230616;2023;6;16;3275000;6885000;11.2;15.4;6.1;0.2;18824;9.08
;;;Parkano;1060;20230617;2023;6;17;3275000;6885000;11.2;15.3;7.8;0;16575;8.94
;;;Parkano;1060;20230618;2023;6;18;3275000;6885000;7;11.7;3.8;1.7;17604;8.06
;;;Parkano;1060;20230619;2023;6;19;3275000;6885000;6.7;10.8;2;3.4;18770;7.61
;;;Parkano;1060;20230620;2023;6;20;3275000;6885000;7.2;11;3.8;11;12936;8.97
;;;Parkano;1060;20230621;2023;6;21;3275000;6885000;9.6;14.8;6.4;3.1;13685;10.65
;;;Parkano;1060;20230622;2023;6;22;3275000;6885000;11.3;17;7.1;2.1;18694;9.92
;;;Parkano;1060;20230623;2023;6;23;3275000;6885000;9.6;13.4;5.4;0;17011;7.71
;;;Parkano;1060;20230624;2023;6;24;3275000;6885000;10.6;16.6;3;0;25510;7.27
;;;Parkano;1060;20230625;2023;6;25;3275000;6885000;11.4;17.8;3;0;25335;7.62
;;;Parkano;1060;20230626;2023;6;26;3275000;6885000;11.1;17.8;3.2;0;26778;8.24
;;;Parkano;1060;20230627;2023;6;27;3275000;6885000;12.2;17.7;6.1;0.2;15753;10.03
;;;Parkano;1060;20230628;2023;6;28;3275000;6885000;11.7;15;9.7;0;6018;11.86
;;;Parkano;1060;20230629;2023;6;29;3275000;6885000;13.7;18.4;7;3.5;17410;10.41
;;;Parkano;1060;20230630;2023;6;30;3275000;6885000;10.1;15.9;9.7;14.4;6189;11.86
;;;Parkano;1060;20230701;2023;7;1;3275000;6885000;13.8;19.8;8.9;3.5;24362;12.66
;;;Parkano;1060;20230702;2023;7;2;3275000;6885000;14.8;19.9;10.9;0.2;26239;11.72
;;;Parkano;1060;20230703;2023;7;3;3275000;6885000;16.1;23.3;6;0;26200;10.39
;;;Parkano;1060;20230704;2023;7;4;3275000;6885000;18.4;24.8;9.3;0;28249;12.38
;;;Parkano;1060;20230705;2023;7;5;3275000;6885000;20.3;26.6;11.2;0;25259;14.76
;;;Parkano;1060;20230706;2023;7;6;3275000;6885000;22;27.9;14.3;0.3;26105;14.65
;;;Parkano;1060;20230707;2023;7;7;3275000;6885000;21.8;27.8;15.5;0;23143;16.29
;;;Parkano;1060;20230708;2023;7;8;3275000;6885000;17.7;24.7;14.5;0;19884;15.34
;;;Parkano;1060;20230709;2023;7;9;3275000;6885000;16.2;22.7;7.4;0;28716;10.39
;;;Parkano;1060;20230710;2023;7;10;3275000;6885000;16;21.2;8.5;0.2;18389;12.56
;;;Parkano;1060;20230711;2023;7;11;3275000;6885000;20.3;26.4;13.6;0.6;15344;17.09
;;;Parkano;1060;20230712;2023;7;12;3275000;6885000;19.5;25;16.6;2.4;14335;18.79
;;;Parkano;1060;20230713;2023;7;13;3275000;6885000;16.7;22.2;11.1;5;15967;16.18
;;;Parkano;1060;20230714;2023;7;14;3275000;6885000;17.1;20.4;14.5;8.2;13925;16.71
;;;Parkano;1060;20230715;2023;7;15;3275000;6885000;17.7;24;11;0;21762;15.2
;;;Parkano;1060;20230716;2023;7;16;3275000;6885000;19.1;24.9;11.3;0;23658;15.24
;;;Parkano;1060;20230717;2023;7;17;3275000;6885000;18.7;24.2;15.9;2;16518;18.3
;;;Parkano;1060;20230718;2023;7;18;3275000;6885000;20.2;26.6;13.8;0.2;19682;17.22
;;;Parkano;1060;20230719;2023;7;19;3275000;6885000;20.8;26.8;15;0;23419;14.24
;;;Parkano;1060;20230720;2023;7;20;3275000;6885000;21;27.6;12.4;0;25632;13.43
;;;Parkano;1060;20230721;2023;7;21;3275000;6885000;21.7;29.2;12;0.3;23952;15.29
;;;Parkano;1060;20230722;2023;7;22;3275000;6885000;23;29.8;14.8;0.1;23391;16.61
;;;Parkano;1060;20230723;2023;7;23;3275000;6885000;23.4;30;15.4;0;24070;15.34
;;;Parkano;1060;20230724;2023;7;24;3275000;6885000;23.3;31;14;0;23921;15.3
;;;Parkano;1060;20230725;2023;7;25;3275000;6885000;21.2;28.7;13.8;3.9;21777;16.96
;;;Parkano;1060;20230726;2023;7;26;3275000;6885000;21.7;26.9;15.8;0;18817;18.63
;;;Parkano;1060;20230727;2023;7;27;3275000;6885000;20.1;26.7;16.6;4.9;17511;19.39
;;;Parkano;1060;20230728;2023;7;28;3275000;6885000;20.3;27.9;13.6;6.8;19322;18.63
;;;Parkano;1060;20230729;2023;7;29;3275000;6885000;19.4;22.2;16.2;13.1;12878;19.3
;;;Parkano;1060;20230730;2023;7;30;3275000;6885000;19;23.7;14.2;0;19491;15.9
;;;Parkano;1060;20230731;2023;7;31;3275000;6885000;19.9;25.6;14.7;0;21473;15.77
;;;Parkano;1060;20230801;2023;8;1;3275000;6885000;21;26;14.1;0;17164;16.49
;;;Parkano;1060;20230802;2023;8;2;3275000;6885000;24.1;30.4;17.4;0;21960;18.13
;;;Parkano;1060;20230803;2023;8;3;3275000;6885000;23.6;29.6;16.7;0;22421;16.61
;;;Parkano;1060;20230804;2023;8;4;3275000;6885000;22.7;29.5;15.1;0;20154;15.23
;;;Parkano;1060;20230805;2023;8;5;3275000;6885000;19.8;28.2;16.4;10;13939;17.63
;;;Parkano;1060;20230806;2023;8;6;3275000;6885000;19.8;25;16;0.2;17296;18.04
;;;Parkano;1060;20230807;2023;8;7;3275000;6885000;19.4;25.7;14.4;0;14694;16.94
;;;Parkano;1060;20230808;2023;8;8;3275000;6885000;17.9;23.2;13.6;0.7;14560;17.14
;;;Parkano;1060;20230809;2023;8;9;3275000;6885000;18.3;24.9;10.8;0.4;14935;16.71
;;;Parkano;1060;20230810;2023;8;10;3275000;6885000;17.5;21.3;15.8;0.6;17354;14.09
;;;Parkano;1060;20230811;2023;8;11;3275000;6885000;14.7;18.5;11.1;1.8;14211;13.35
;;;Parkano;1060;20230812;2023;8;12;3275000;6885000;14.9;21.2;10.8;1.9;14514;14.02
;;;Parkano;1060;20230813;2023;8;13;3275000;6885000;14.2;20.1;9.4;1.8;15024;13.74
;;;Parkano;1060;20230814;2023;8;14;3275000;6885000;13.4;19.9;7;0;17343;10.73
;;;Parkano;1060;20230815;2023;8;15;3275000;6885000;13.2;18.2;6;0;16122;10.67
;;;Parkano;1060;20230816;2023;8;16;3275000;6885000;13.5;15.8;10.5;4;6718;14.1
;;;Parkano;1060;20230817;2023;8;17;3275000;6885000;13.4;17;11.2;4;12100;13.21
;;;Parkano;1060;20230818;2023;8;18;3275000;6885000;12.9;17.7;10;9.1;9515;12.58
;;;Parkano;1060;20230819;2023;8;19;3275000;6885000;13.1;17.3;11.3;5.9;10347;13.88
;;;Parkano;1060;20230820;2023;8;20;3275000;6885000;12.2;16.7;8.8;10.7;12021;12.74
;;;Parkano;1060;20230821;2023;8;21;3275000;6885000;12.7;16.6;9.7;6.7;8887;13
;;;Parkano;1060;20230822;2023;8;22;3275000;6885000;11.9;17.4;9.6;3.1;11812;12.02
;;;Parkano;1060;20230823;2023;8;23;3275000;6885000;10.7;15.9;5.3;6.1;9453;11.78
;;;Parkano;1060;20230824;2023;8;24;3275000;6885000;12.4;14;10.8;12.2;4514;13.92
;;;Parkano;1060;20230825;2023;8;25;3275000;6885000;13.2;17;12.2;4;8291;14.16
;;;Parkano;1060;20230826;2023;8;26;3275000;6885000;13.9;17.7;11.9;1.9;11461;13.74
;;;Parkano;1060;20230827;2023;8;27;3275000;6885000;11.3;14;9.8;0.1;7159;11.59
;;;Parkano;1060;20230828;2023;8;28;3275000;6885000;9.5;13.1;5.6;0;11487;9.17
;;;Parkano;1060;20230829;2023;8;29;3275000;6885000;10.2;14;7.1;0;10165;9.96
;;;Parkano;1060;20230830;2023;8;30;3275000;6885000;10.6;15.8;5.8;0;10482;10.39
;;;Parkano;1060;20230831;2023;8;31;3275000;6885000;11.8;16.1;9.9;0.1;5167;11.7
;;;Parkano;1060;20230901;2023;9;1;3275000;6885000;13.9;20.2;9.2;0.3;13045;13.66
;;;Parkano;1060;20230902;2023;9;2;3275000;6885000;13.8;20.3;9.1;0;13254;13.36
;;;Parkano;1060;20230903;2023;9;3;3275000;6885000;14.5;21.1;10.1;0;15010;12.96
;;;Parkano;1060;20230904;2023;9;4;3275000;6885000;11.6;15.7;9.1;0;9910;12.7
;;;Parkano;1060;20230905;2023;9;5;3275000;6885000;11;19.2;3.9;0;12517;11.12
;;;Parkano;1060;20230906;2023;9;6;3275000;6885000;13.6;21.2;5.2;0;12651;12.04
;;;Parkano;1060;20230907;2023;9;7;3275000;6885000;14.1;19.2;11.2;3.8;8187;14.56
;;;Parkano;1060;20230908;2023;9;8;3275000;6885000;13.6;19.2;9.8;0;10073;13.45
;;;Parkano;1060;20230909;2023;9;9;3275000;6885000;11.8;17;8.4;0;11063;12.77
;;;Parkano;1060;20230910;2023;9;10;3275000;6885000;12.6;15.8;9.5;0;6082;13.08
;;;Parkano;1060;20230911;2023;9;11;3275000;6885000;10.3;17.4;5;0;13647;9.4
;;;Parkano;1060;20230912;2023;9;12;3275000;6885000;10.2;18.6;1.6;0;10793;10.77
;;;Parkano;1060;20230913;2023;9;13;3275000;6885000;9.4;16.9;3.3;0;13401;8.74
;;;Parkano;1060;20230914;2023;9;14;3275000;6885000;8.5;17.4;0.4;0;12867;8.17
;;;Parkano;1060;20230915;2023;9;15;3275000;6885000;9.7;17.7;2.8;0;10098;10.39
;;;Parkano;1060;20230916;2023;9;16;3275000;6885000;10.8;16.2;5.4;0;9415;11.64
;;;Parkano;1060;20230917;2023;9;17;3275000;6885000;11.7;17;7.8;0;9256;11.52
;;;Parkano;1060;20230918;2023;9;18;3275000;6885000;9.6;15.8;3.8;0.1;7807;10.99
;;;Parkano;1060;20230919;2023;9;19;3275000;6885000;12.6;16.4;7.2;0;5180;12.81
;;;Parkano;1060;20230920;2023;9;20;3275000;6885000;5;11.6;2.8;0;4639;6.65
;;;Parkano;1060;20230921;2023;9;21;3275000;6885000;1.8;5.9;-1.9;0;12038;4.38
;;;Parkano;1060;20230922;2023;9;22;3275000;6885000;3;6.8;-0.9;0.2;7421;5.87
;;;Parkano;1060;20230923;2023;9;23;3275000;6885000;4.6;9.9;-0.9;0;4646;7.62
;;;Parkano;1060;20230924;2023;9;24;3275000;6885000;8.7;14.5;0.8;15.9;3968;10.34
;;;Parkano;1060;20230925;2023;9;25;3275000;6885000;9.1;12.3;6.3;0.2;9113;8.93
;;;Parkano;1060;20230926;2023;9;26;3275000;6885000;11.4;15.8;8;0;7872;10.28
;;;Parkano;1060;20230927;2023;9;27;3275000;6885000;9.4;13.7;5.1;0;8085;8.34
;;;Parkano;1060;20230928;2023;9;28;3275000;6885000;5.9;11;2.6;0;8121;7.07
;;;Parkano;1060;20230929;2023;9;29;3275000;6885000;3.1;11;-3.5;0;8997;6.9
;;;Parkano;1060;20230930;2023;9;30;3275000;6885000;8;11.6;2.7;0.4;4451;9.85
;;;Parkano;1060;20231001;2023;10;1;3275000;6885000;7.3;11.1;0.8;0.3;4422;10.19
;;;Parkano;1060;20231002;2023;10;2;3275000;6885000;11.1;13.1;9.3;0;4397;12.26
;;;Parkano;1060;20231003;2023;10;3;3275000;6885000;7.5;11.5;3.7;0;7511;8.76
;;;Parkano;1060;20231004;2023;10;4;3275000;6885000;3.2;5.8;-1.3;0;1810;6.67
;;;Parkano;1060;20231005;2023;10;5;3275000;6885000;6;8.5;4.2;0.2;4753;6.92
;;;Parkano;1060;20231006;2023;10;6;3275000;6885000;6.7;8.3;5.1;9.9;1024;9.1
;;;Parkano;1060;20231007;2023;10;7;3275000;6885000;9.4;11;8;9;3206;10.94
;;;Parkano;1060;20231008;2023;10;8;3275000;6885000;10.2;11;8.3;10.5;1646;12.14
;;;Parkano;1060;20231009;2023;10;9;3275000;6885000;8.4;10.5;7;0.5;1707;10.77
;;;Parkano;1060;20231010;2023;10;10;3275000;6885000;6.5;8.6;5.5;0.8;3118;9.22
;;;Parkano;1060;20231011;2023;10;11;3275000;6885000;5.8;7.3;4.8;0.4;1756;8.93
;;;Parkano;1060;20231012;2023;10;12;3275000;6885000;5.6;8.1;4.2;0;2425;8.45
;;;Parkano;1060;20231013;2023;10;13;3275000;6885000;-0.4;4.6;-2;0;2420;4.91
;;;Parkano;1060;20231014;2023;10;14;3275000;6885000;-0.4;3.2;-2.7;0;4220;4.76
;;;Parkano;1060;20231015;2023;10;15;3275000;6885000;-2;2.8;-6.4;0;4793;4.69
;;;Parkano;1060;20231016;2023;10;16;3275000;6885000;-0.8;2.4;-6.4;6;2616;5.01
;;;Parkano;1060;20231017;2023;10;17;3275000;6885000;5.8;8.4;1.2;5.3;971;9.15
;;;Parkano;1060;20231018;2023;10;18;3275000;6885000;2.9;7.4;1.6;0.3;1697;7.31
;;;Parkano;1060;20231019;2023;10;19;3275000;6885000;-1.1;1.7;-2.6;0;1157;4.56
;;;Parkano;1060;20231020;2023;10;20;3275000;6885000;-3.8;-1.3;-5.4;0;5177;3.14
;;;Parkano;1060;20231021;2023;10;21;3275000;6885000;-4.6;-2.2;-7.7;0;3398;3.35
;;;Parkano;1060;20231022;2023;10;22;3275000;6885000;-0.6;1.7;-3.6;1.4;1340;4.38
;;;Parkano;1060;20231023;2023;10;23;3275000;6885000;4.3;6.5;1.3;7.5;487;8.1
;;;Parkano;1060;20231024;2023;10;24;3275000;6885000;8.5;9.9;5.7;0.5;1167;10.28
;;;Parkano;1060;20231025;2023;10;25;3275000;6885000;9;11.5;5.7;2.5;1070;9.66
;;;Parkano;1060;20231026;2023;10;26;3275000;6885000;11.4;13.1;3.8;0.6;779;12.22
;;;Parkano;1060;20231027;2023;10;27;3275000;6885000;7.8;13.1;4.3;6.1;597;9.37
;;;Parkano;1060;20231028;2023;10;28;3275000;6885000;3.1;6.4;1.1;0;3895;6.93
;;;Parkano;1060;20231029;2023;10;29;3275000;6885000;1;4.3;-1.2;0;2102;6.28
;;;Parkano;1060;20231030;2023;10;30;3275000;6885000;-2.2;1.5;-5.6;6.9;3522;4.65
;;;Parkano;1060;20231031;2023;10;31;3275000;6885000;6.1;9.7;-1.1;5.7;373;9.57
;;;Parkano;1060;20231101;2023;11;1;3275000;6885000;9.4;10.2;9.2;7.7;273;11.58
;;;Parkano;1060;20231102;2023;11;2;3275000;6885000;8.7;10;7.1;14.4;327;10.89
;;;Parkano;1060;20231103;2023;11;3;3275000;6885000;-2.6;9.4;-5.7;0;1868;4.28
;;;Parkano;1060;20231104;2023;11;4;3275000;6885000;-3.9;-1.3;-7.9;7;900;4.12
;;;Parkano;1060;20231105;2023;11;5;3275000;6885000;-2.3;-1.3;-3;3.3;1136;5.06
;;;Parkano;1060;20231106;2023;11;6;3275000;6885000;-1.8;-0.8;-3;1;867;5.23
;;;Parkano;1060;20231107;2023;11;7;3275000;6885000;3.3;5.1;-1.2;0.7;651;7.73
;;;Parkano;1060;20231108;2023;11;8;3275000;6885000;4.8;6.2;3.5;13.5;325;8.35
;;;Parkano;1060;20231109;2023;11;9;3275000;6885000;6.5;7.9;3.7;5.4;522;9.56
;;;Parkano;1060;20231110;2023;11;10;3275000;6885000;2.4;6;-0.5;0.1;571;7.09
;;;Parkano;1060;20231111;2023;11;11;3275000;6885000;-0.8;0.1;-1.8;0.1;675;5.21
;;;Parkano;1060;20231112;2023;11;12;3275000;6885000;-0.3;0.8;-0.7;0;883;5.7
;;;Parkano;1060;20231113;2023;11;13;3275000;6885000;-1;0.5;-3.2;0;527;5.46
;;;Parkano;1060;20231114;2023;11;14;3275000;6885000;-0.6;0.4;-2.1;0;1089;5.72
;;;Parkano;1060;20231115;2023;11;15;3275000;6885000;-0.4;0.5;-1.4;0;418;5.38
;;;Parkano;1060;20231116;2023;11;16;3275000;6885000;-0.7;1;-2.1;0;446;5.52
;;;Parkano;1060;20231117;2023;11;17;3275000;6885000;-1.8;-0.5;-2.9;0;467;5.23
;;;Parkano;1060;20231118;2023;11;18;3275000;6885000;-3.1;-1.7;-3.9;0;379;4.48
;;;Parkano;1060;20231119;2023;11;19;3275000;6885000;-2.7;-2.1;-3.3;0;355;4.7
;;;Parkano;1060;20231120;2023;11;20;3275000;6885000;-2.9;-2.3;-3.9;0.4;588;4.69
;;;Parkano;1060;20231121;2023;11;21;3275000;6885000;-1.9;0.1;-5.3;0.5;605;5.29
;;;Parkano;1060;20231122;2023;11;22;3275000;6885000;0.9;2;-0.3;0.7;273;6.06
;;;Parkano;1060;20231123;2023;11;23;3275000;6885000;2.4;3.8;0.3;1.1;339;7.19
;;;Parkano;1060;20231124;2023;11;24;3275000;6885000;2.5;3.9;2.1;1.4;440;7.25
;;;Parkano;1060;20231125;2023;11;25;3275000;6885000;2.1;2.7;1.3;0.2;311;7
;;;Parkano;1060;20231126;2023;11;26;3275000;6885000;2;2.4;1.5;0.3;344;7
;;;Parkano;1060;20231127;2023;11;27;3275000;6885000;0.8;2.5;-0.4;0;387;6.36
;;;Parkano;1060;20231128;2023;11;28;3275000;6885000;-2.1;0;-3;0;663;5.1
;;;Parkano;1060;20231129;2023;11;29;3275000;6885000;-3.9;-2.1;-5.6;0.1;286;4.22
;;;Parkano;1060;20231130;2023;11;30;3275000;6885000;-0.5;2.1;-4.2;0.4;71;5.22
;;;Parkano;1060;20231201;2023;12;1;3275000;6885000;1.6;2.8;-0.7;0.1;889;6.4
;;;Parkano;1060;20231202;2023;12;2;3275000;6885000;2.6;5.8;-0.3;0;655;7
;;;Parkano;1060;20231203;2023;12;3;3275000;6885000;0.6;2.5;-1.8;3.9;212;6.36
;;;Parkano;1060;20231204;2023;12;4;3275000;6885000;0.5;2.5;-1.2;1.3;173;6.26
;;;Parkano;1060;20231205;2023;12;5;3275000;6885000;1;3.2;-2.2;9.3;404;6.37
;;;Parkano;1060;20231206;2023;12;6;3275000;6885000;2.7;4;1.6;0.5;252;7.08
;;;Parkano;1060;20231207;2023;12;7;3275000;6885000;1.2;2.3;-0.8;0;236;5.96
;;;Parkano;1060;20231208;2023;12;8;3275000;6885000;1.8;3.8;-0.7;5.5;177;6.21
;;;Parkano;1060;20231209;2023;12;9;3275000;6885000;2;3.2;0.4;5.7;268;6.75
;;;Parkano;1060;20231210;2023;12;10;3275000;6885000;1.2;2.8;0.5;1;235;6.45
;;;Parkano;1060;20231211;2023;12;11;3275000;6885000;-0.3;1.2;-2;0.6;308;5.91
;;;Parkano;1060;20231212;2023;12;12;3275000;6885000;-0.2;0.4;-2.3;0.1;432;5.85
;;;Parkano;1060;20231213;2023;12;13;3275000;6885000;2.2;3.3;-0.2;7.2;133;6.75
;;;Parkano;1060;20231214;2023;12;14;3275000;6885000;0.1;2.4;-0.9;2.1;542;5.86
;;;Parkano;1060;20231215;2023;12;15;3275000;6885000;-1.2;0.4;-3.1;0.1;294;5.57
;;;Parkano;1060;20231216;2023;12;16;3275000;6885000;-1.6;-0.5;-3.3;2.3;303;5.4
;;;Parkano;1060;20231217;2023;12;17;3275000;6885000;0.8;1.9;-0.7;5.1;190;6.45
;;;Parkano;1060;20231218;2023;12;18;3275000;6885000;-0.8;1.5;-1.8;0.1;438;5.37
;;;Parkano;1060;20231219;2023;12;19;3275000;6885000;-3.5;-1.3;-5.1;0;465;4.26
;;;Parkano;1060;20231220;2023;12;20;3275000;6885000;-5.1;-3.6;-7.4;0;255;3.86
;;;Parkano;1060;20231221;2023;12;21;3275000;6885000;-7.1;-5;-7.7;0.5;286;3.2
;;;Parkano;1060;20231222;2023;12;22;3275000;6885000;-9.5;-7.2;-12.6;2.2;306;2.79
;;;Parkano;1060;20231223;2023;12;23;3275000;6885000;-12;-9.3;-16.8;0.1;784;2.34
;;;Parkano;1060;20231224;2023;12;24;3275000;6885000;-6.4;-4;-10.1;0;859;3.62
;;;Parkano;1060;20231225;2023;12;25;3275000;6885000;-8.3;-6.1;-10.9;0;852;3.03
;;;Parkano;1060;20231226;2023;12;26;3275000;6885000;-13;-8.4;-17.4;0.2;314;2.16
;;;Parkano;1060;20231227;2023;12;27;3275000;6885000;-15.9;-9.7;-22.4;2.5;733;1.72
;;;Parkano;1060;20231228;2023;12;28;3275000;6885000;-1.2;1.3;-10.1;3.2;307;5.64
;;;Parkano;1060;20231229;2023;12;29;3275000;6885000;3.5;5.1;1.1;0;433;7.5
