OmaTunniste;OmaIta;OmaPohjoinen;Kunta;siteid;aika;vuosi;kk;paiva;longitude;latitude;t_mean;t_max;t_min;rainfall;radiation;hpa
;;;Parkano;1060;20080101;2008;1;1;3275000;6885000;-0.4;0.2;-1.8;0.4;162;5.57
;;;Parkano;1060;20080102;2008;1;2;3275000;6885000;-3.6;-0.3;-6.6;0;314;4.1
;;;Parkano;1060;20080103;2008;1;3;3275000;6885000;-6.1;-4.7;-8.5;0;328;3.32
;;;Parkano;1060;20080104;2008;1;4;3275000;6885000;-7.7;-6.1;-9;0;1101;2.66
;;;Parkano;1060;20080105;2008;1;5;3275000;6885000;-8;-7;-9;0;745;1.92
;;;Parkano;1060;20080106;2008;1;6;3275000;6885000;-6;-4.7;-8.2;1.2;576;2.65
;;;Parkano;1060;20080107;2008;1;7;3275000;6885000;-5.5;-4.8;-6.1;5.4;325;3.75
;;;Parkano;1060;20080108;2008;1;8;3275000;6885000;-3.6;-2.1;-5;2.9;210;4.46
;;;Parkano;1060;20080109;2008;1;9;3275000;6885000;-3.6;-2.5;-4.7;2.7;273;4.45
;;;Parkano;1060;20080110;2008;1;10;3275000;6885000;0.4;1;-3.5;2.4;324;6.1
;;;Parkano;1060;20080111;2008;1;11;3275000;6885000;1.8;3.4;0;8;183;6.67
;;;Parkano;1060;20080112;2008;1;12;3275000;6885000;1;2.1;0.1;9.1;327;6.24
;;;Parkano;1060;20080113;2008;1;13;3275000;6885000;0.8;3.2;-1.2;2.6;244;6.25
;;;Parkano;1060;20080114;2008;1;14;3275000;6885000;0.9;3;-1.1;2.2;276;6.39
;;;Parkano;1060;20080115;2008;1;15;3275000;6885000;2.5;3.2;1;1.6;130;7.05
;;;Parkano;1060;20080116;2008;1;16;3275000;6885000;1.9;3.1;1.3;7.9;156;6.78
;;;Parkano;1060;20080117;2008;1;17;3275000;6885000;2.8;4.2;1;3.7;300;6.81
;;;Parkano;1060;20080118;2008;1;18;3275000;6885000;2.3;3.4;1.6;5.3;252;6.81
;;;Parkano;1060;20080119;2008;1;19;3275000;6885000;1.2;1.9;0.6;5.7;301;6.44
;;;Parkano;1060;20080120;2008;1;20;3275000;6885000;-0.1;1.8;-0.5;2;654;5.72
;;;Parkano;1060;20080121;2008;1;21;3275000;6885000;-2.6;-0.4;-4.2;0.9;442;4.89
;;;Parkano;1060;20080122;2008;1;22;3275000;6885000;-2.7;-2.1;-3.6;0.1;507;4.59
;;;Parkano;1060;20080123;2008;1;23;3275000;6885000;-3.7;-2;-6;0.1;835;4.09
;;;Parkano;1060;20080124;2008;1;24;3275000;6885000;-1.6;2.5;-7.4;4.6;369;5.21
;;;Parkano;1060;20080125;2008;1;25;3275000;6885000;0;2.6;-0.9;0.8;1607;5.69
;;;Parkano;1060;20080126;2008;1;26;3275000;6885000;-1.2;0.1;-3.2;0.7;1097;5.37
;;;Parkano;1060;20080127;2008;1;27;3275000;6885000;-4.5;-2.2;-6.7;0;2153;4.09
;;;Parkano;1060;20080128;2008;1;28;3275000;6885000;-5.1;-0.5;-13.5;0.1;781;4.02
;;;Parkano;1060;20080129;2008;1;29;3275000;6885000;0.8;2.5;-1.6;0;658;6.28
;;;Parkano;1060;20080130;2008;1;30;3275000;6885000;-1.9;2.4;-3.2;2.3;568;5.12
;;;Parkano;1060;20080131;2008;1;31;3275000;6885000;-3.5;-0.8;-7.9;0;2519;4.47
;;;Parkano;1060;20080201;2008;2;1;3275000;6885000;-0.1;0.5;-3.7;2.7;737;5.61
;;;Parkano;1060;20080202;2008;2;2;3275000;6885000;0.6;1.6;-0.3;12.4;834;6.24
;;;Parkano;1060;20080203;2008;2;3;3275000;6885000;-3.1;0.5;-5.9;1.2;1784;4.64
;;;Parkano;1060;20080204;2008;2;4;3275000;6885000;-3.2;-0.8;-6.7;0.1;1026;4.68
;;;Parkano;1060;20080205;2008;2;5;3275000;6885000;-0.4;0.6;-1.7;0;703;5.84
;;;Parkano;1060;20080206;2008;2;6;3275000;6885000;0.1;0.5;-0.5;1.5;866;5.9
;;;Parkano;1060;20080207;2008;2;7;3275000;6885000;0.3;0.8;-0.1;2.8;905;6.01
;;;Parkano;1060;20080208;2008;2;8;3275000;6885000;0.2;1.2;-0.4;0.9;1656;6.06
;;;Parkano;1060;20080209;2008;2;9;3275000;6885000;1.4;2.5;-0.8;0.8;1012;6.68
;;;Parkano;1060;20080210;2008;2;10;3275000;6885000;1.2;1.9;0.9;0;950;6.57
;;;Parkano;1060;20080211;2008;2;11;3275000;6885000;0.1;1.6;-1.2;0;1558;6.15
;;;Parkano;1060;20080212;2008;2;12;3275000;6885000;-2.4;0.1;-4.2;0.3;2705;5.08
;;;Parkano;1060;20080213;2008;2;13;3275000;6885000;-0.7;1.6;-2.2;0;3235;4.65
;;;Parkano;1060;20080214;2008;2;14;3275000;6885000;-4;-1.7;-5.5;0;3489;3.02
;;;Parkano;1060;20080215;2008;2;15;3275000;6885000;-7.2;-4.8;-8.4;0.1;4205;2.43
;;;Parkano;1060;20080216;2008;2;16;3275000;6885000;-8;-1.9;-16.7;2.5;2492;2.95
;;;Parkano;1060;20080217;2008;2;17;3275000;6885000;-0.8;1.5;-2.3;0;3363;5.28
;;;Parkano;1060;20080218;2008;2;18;3275000;6885000;-2.3;1.8;-7.8;0.5;3027;4.53
;;;Parkano;1060;20080219;2008;2;19;3275000;6885000;-5.7;-0.7;-10;0.8;5137;3.31
;;;Parkano;1060;20080220;2008;2;20;3275000;6885000;-1;1.9;-6.7;0;2749;5.3
;;;Parkano;1060;20080221;2008;2;21;3275000;6885000;-0.5;0.5;-1.9;10.1;1490;5.69
;;;Parkano;1060;20080222;2008;2;22;3275000;6885000;1.6;3.7;0;2.6;3467;6.08
;;;Parkano;1060;20080223;2008;2;23;3275000;6885000;-0.7;2.2;-2.8;1.8;5568;4.94
;;;Parkano;1060;20080224;2008;2;24;3275000;6885000;-0.6;2.7;-4.1;4.2;1655;5.58
;;;Parkano;1060;20080225;2008;2;25;3275000;6885000;0.9;2.8;-0.9;0.3;4220;5.38
;;;Parkano;1060;20080226;2008;2;26;3275000;6885000;-0.1;2.4;-3;4;5528;4.88
;;;Parkano;1060;20080227;2008;2;27;3275000;6885000;0.9;1.9;0.3;3.6;1828;6.41
;;;Parkano;1060;20080228;2008;2;28;3275000;6885000;-2.7;1.1;-4.2;0.4;2809;4.78
;;;Parkano;1060;20080229;2008;2;29;3275000;6885000;-3.8;0.4;-10.3;0;5754;4.3
;;;Parkano;1060;20080301;2008;3;1;3275000;6885000;-0.9;0.3;-4.2;0;2923;5.03
;;;Parkano;1060;20080302;2008;3;2;3275000;6885000;-2;0.2;-3.2;0;3035;4.45
;;;Parkano;1060;20080303;2008;3;3;3275000;6885000;-5.2;-2.7;-7;7.4;2824;3.87
;;;Parkano;1060;20080304;2008;3;4;3275000;6885000;-6.2;-4;-7.2;0.8;4152;3.42
;;;Parkano;1060;20080305;2008;3;5;3275000;6885000;-8;-2.5;-13.3;1.5;7339;2.83
;;;Parkano;1060;20080306;2008;3;6;3275000;6885000;-1.7;0.4;-10.2;2.5;3948;5.18
;;;Parkano;1060;20080307;2008;3;7;3275000;6885000;-1.8;0.5;-2.7;0.5;3006;5.07
;;;Parkano;1060;20080308;2008;3;8;3275000;6885000;-1.9;-0.1;-3.9;2.8;3317;5.05
;;;Parkano;1060;20080309;2008;3;9;3275000;6885000;1;1.4;0.1;7.2;2479;6.37
;;;Parkano;1060;20080310;2008;3;10;3275000;6885000;3;4.2;0.7;0.9;2820;7.37
;;;Parkano;1060;20080311;2008;3;11;3275000;6885000;3.2;5.4;2.1;0.1;4174;7.07
;;;Parkano;1060;20080312;2008;3;12;3275000;6885000;1.9;3.8;0.7;0;2205;6.3
;;;Parkano;1060;20080313;2008;3;13;3275000;6885000;0.5;1.5;-0.2;2.8;2583;5.85
;;;Parkano;1060;20080314;2008;3;14;3275000;6885000;0.2;1.4;-0.4;0.4;2747;6.03
;;;Parkano;1060;20080315;2008;3;15;3275000;6885000;-2.5;0.3;-3.5;0.5;3176;4.5
;;;Parkano;1060;20080316;2008;3;16;3275000;6885000;-1.8;0.1;-3.5;0.4;5082;4.7
;;;Parkano;1060;20080317;2008;3;17;3275000;6885000;-0.7;1.3;-2.5;1.6;3624;5.19
;;;Parkano;1060;20080318;2008;3;18;3275000;6885000;-1;0.6;-4.9;1.4;5712;5
;;;Parkano;1060;20080319;2008;3;19;3275000;6885000;-2.7;-0.4;-3.4;0.5;6521;4.07
;;;Parkano;1060;20080320;2008;3;20;3275000;6885000;-6.7;-2.8;-9.3;0;9952;2.78
;;;Parkano;1060;20080321;2008;3;21;3275000;6885000;-10.4;-4.4;-16.7;0;12247;1.79
;;;Parkano;1060;20080322;2008;3;22;3275000;6885000;-9.9;-3.4;-17.4;0.1;12309;1.62
;;;Parkano;1060;20080323;2008;3;23;3275000;6885000;-7.8;-3.6;-12.4;0.1;7625;2.48
;;;Parkano;1060;20080324;2008;3;24;3275000;6885000;-8.7;-2.6;-14;0;11035;2.43
;;;Parkano;1060;20080325;2008;3;25;3275000;6885000;-3.7;1.8;-12.6;0.4;11884;3.13
;;;Parkano;1060;20080326;2008;3;26;3275000;6885000;-4;-1.9;-5;5.5;4034;3.27
;;;Parkano;1060;20080327;2008;3;27;3275000;6885000;-3.5;-0.6;-5.2;4.1;8716;4.08
;;;Parkano;1060;20080328;2008;3;28;3275000;6885000;-0.7;3.6;-5.3;0;13715;3.79
;;;Parkano;1060;20080329;2008;3;29;3275000;6885000;2.2;6.3;-2.7;0;12291;4.34
;;;Parkano;1060;20080330;2008;3;30;3275000;6885000;3.2;6;1.1;0.1;4872;6.21
;;;Parkano;1060;20080331;2008;3;31;3275000;6885000;5.6;11.3;1;0;11653;6.58
;;;Parkano;1060;20080401;2008;4;1;3275000;6885000;5.1;9.5;3.5;0;9498;6.64
;;;Parkano;1060;20080402;2008;4;2;3275000;6885000;4.9;12.6;-1.8;0;11510;5.54
;;;Parkano;1060;20080403;2008;4;3;3275000;6885000;4;11.1;-2.7;0;10221;4.7
;;;Parkano;1060;20080404;2008;4;4;3275000;6885000;1.4;6.8;-0.5;0;8427;5.87
;;;Parkano;1060;20080405;2008;4;5;3275000;6885000;2.8;5.8;1;1;4669;6.81
;;;Parkano;1060;20080406;2008;4;6;3275000;6885000;3.1;6;0.2;2.5;7261;6.94
;;;Parkano;1060;20080407;2008;4;7;3275000;6885000;3.8;4.8;3;3.2;1935;7.8
;;;Parkano;1060;20080408;2008;4;8;3275000;6885000;2.9;4.6;1.9;8.4;2751;7.44
;;;Parkano;1060;20080409;2008;4;9;3275000;6885000;1.1;2.4;0.4;3.4;2245;6.63
;;;Parkano;1060;20080410;2008;4;10;3275000;6885000;0.9;3.6;-0.7;1.1;6705;6.34
;;;Parkano;1060;20080411;2008;4;11;3275000;6885000;1.3;3.2;0.3;0;4942;6.28
;;;Parkano;1060;20080412;2008;4;12;3275000;6885000;2.8;7.2;-1.1;2.2;10846;5.77
;;;Parkano;1060;20080413;2008;4;13;3275000;6885000;0.2;4.8;-0.4;11;2565;5.82
;;;Parkano;1060;20080414;2008;4;14;3275000;6885000;-0.6;2.4;-2.1;0.7;10237;5.38
;;;Parkano;1060;20080415;2008;4;15;3275000;6885000;2.4;7.2;-1.9;0.7;8381;6.66
;;;Parkano;1060;20080416;2008;4;16;3275000;6885000;4;9.7;-1.6;0;14381;5.98
;;;Parkano;1060;20080417;2008;4;17;3275000;6885000;4.1;9.5;-2.3;0;19894;4.42
;;;Parkano;1060;20080418;2008;4;18;3275000;6885000;4;10.5;-2;0;17793;4.93
;;;Parkano;1060;20080419;2008;4;19;3275000;6885000;3;6.7;0.4;0;19531;4.23
;;;Parkano;1060;20080420;2008;4;20;3275000;6885000;2.4;8.4;-5;0;15179;4.23
;;;Parkano;1060;20080421;2008;4;21;3275000;6885000;4.1;9.9;-1.6;0;12104;4.8
;;;Parkano;1060;20080422;2008;4;22;3275000;6885000;4.2;10.7;-4.5;0;21063;4.03
;;;Parkano;1060;20080423;2008;4;23;3275000;6885000;4.5;12.1;-3.8;0;20646;4.96
;;;Parkano;1060;20080424;2008;4;24;3275000;6885000;4.5;12.1;-2.7;0;19261;4.96
;;;Parkano;1060;20080425;2008;4;25;3275000;6885000;6.5;14.9;-3.6;0;20571;5.06
;;;Parkano;1060;20080426;2008;4;26;3275000;6885000;8.5;16.4;-0.4;0;20734;5.81
;;;Parkano;1060;20080427;2008;4;27;3275000;6885000;8.3;13.6;2.7;0;9353;8.34
;;;Parkano;1060;20080428;2008;4;28;3275000;6885000;9.7;14;4.5;0.2;6654;10.26
;;;Parkano;1060;20080429;2008;4;29;3275000;6885000;11.9;18.5;6.3;0;13493;10.05
;;;Parkano;1060;20080430;2008;4;30;3275000;6885000;14.5;21;5.7;0;19124;9.06
;;;Parkano;1060;20080501;2008;5;1;3275000;6885000;13.6;19.2;6.5;0;13065;9.26
;;;Parkano;1060;20080502;2008;5;2;3275000;6885000;15.5;21.4;9.3;0;15037;9.38
;;;Parkano;1060;20080503;2008;5;3;3275000;6885000;15.7;23.2;7.8;0;19767;8.99
;;;Parkano;1060;20080504;2008;5;4;3275000;6885000;12.5;18.8;5.3;0;21793;9.37
;;;Parkano;1060;20080505;2008;5;5;3275000;6885000;6.3;13.6;5;0.1;14429;6.68
;;;Parkano;1060;20080506;2008;5;6;3275000;6885000;3.8;11.3;-3.3;0.6;20505;5.25
;;;Parkano;1060;20080507;2008;5;7;3275000;6885000;7.4;12.5;2.4;1.7;10951;8.76
;;;Parkano;1060;20080508;2008;5;8;3275000;6885000;9;14.4;1.4;0.1;16008;7.77
;;;Parkano;1060;20080509;2008;5;9;3275000;6885000;12.5;19.1;5.9;0;21757;8.97
;;;Parkano;1060;20080510;2008;5;10;3275000;6885000;12.4;19.8;4.8;0;22649;8.19
;;;Parkano;1060;20080511;2008;5;11;3275000;6885000;12.9;22.3;2.9;0.2;20034;7.97
;;;Parkano;1060;20080512;2008;5;12;3275000;6885000;6.1;14.1;2.9;0;20819;5.15
;;;Parkano;1060;20080513;2008;5;13;3275000;6885000;3.3;7.9;-3;0.3;21712;4.14
;;;Parkano;1060;20080514;2008;5;14;3275000;6885000;3.3;8.8;-5.3;0;17659;4.71
;;;Parkano;1060;20080515;2008;5;15;3275000;6885000;3.7;9.5;-2.6;0.1;20340;4.73
;;;Parkano;1060;20080516;2008;5;16;3275000;6885000;4.6;10.2;-2.4;0.1;19954;4.73
;;;Parkano;1060;20080517;2008;5;17;3275000;6885000;5.4;11.2;-1.5;2.7;20642;4.36
;;;Parkano;1060;20080518;2008;5;18;3275000;6885000;4;9.3;1.5;0.3;8831;5.82
;;;Parkano;1060;20080519;2008;5;19;3275000;6885000;4.4;9.8;-2;0.1;18249;5.11
;;;Parkano;1060;20080520;2008;5;20;3275000;6885000;5.4;12.6;-2.9;1.1;18304;5.72
;;;Parkano;1060;20080521;2008;5;21;3275000;6885000;7.3;12.2;1.5;1.5;15979;7.55
;;;Parkano;1060;20080522;2008;5;22;3275000;6885000;9.2;15.1;0.3;0.2;19017;6.92
;;;Parkano;1060;20080523;2008;5;23;3275000;6885000;10.9;16.1;5.5;0;18835;6.9
;;;Parkano;1060;20080524;2008;5;24;3275000;6885000;11.1;17.3;2.6;0.2;24732;6.13
;;;Parkano;1060;20080525;2008;5;25;3275000;6885000;12;18.6;3.7;0;23751;6.07
;;;Parkano;1060;20080526;2008;5;26;3275000;6885000;9.7;16.6;4.8;0;21178;6.74
;;;Parkano;1060;20080527;2008;5;27;3275000;6885000;7.2;12.4;0.5;0;20032;5.41
;;;Parkano;1060;20080528;2008;5;28;3275000;6885000;10;17.3;-1.1;0;27265;6.42
;;;Parkano;1060;20080529;2008;5;29;3275000;6885000;13;19.9;2.6;0;27692;7.49
;;;Parkano;1060;20080530;2008;5;30;3275000;6885000;14.6;23.6;4.5;0.1;27012;7.64
;;;Parkano;1060;20080531;2008;5;31;3275000;6885000;15.7;24.4;5;0;28299;7.27
;;;Parkano;1060;20080601;2008;6;1;3275000;6885000;17.4;25;4.6;0.4;22301;9.1
;;;Parkano;1060;20080602;2008;6;2;3275000;6885000;14.8;22.2;12.6;0;18743;10.3
;;;Parkano;1060;20080603;2008;6;3;3275000;6885000;15.2;20.8;8.5;0;26897;8.64
;;;Parkano;1060;20080604;2008;6;4;3275000;6885000;16;23.7;5.3;0;27487;8.43
;;;Parkano;1060;20080605;2008;6;5;3275000;6885000;17;24.2;5.7;0;27953;7.63
;;;Parkano;1060;20080606;2008;6;6;3275000;6885000;18.2;26;8.3;0;24667;10.24
;;;Parkano;1060;20080607;2008;6;7;3275000;6885000;15.6;21.1;8.9;0;27861;7.81
;;;Parkano;1060;20080608;2008;6;8;3275000;6885000;16.3;22.6;9.1;9.5;21616;11.66
;;;Parkano;1060;20080609;2008;6;9;3275000;6885000;11.8;19.1;9.9;0.6;9975;11.38
;;;Parkano;1060;20080610;2008;6;10;3275000;6885000;11.1;15.6;8.6;4.6;7334;11.77
;;;Parkano;1060;20080611;2008;6;11;3275000;6885000;7.7;11.3;5.5;0.9;8304;9.08
;;;Parkano;1060;20080612;2008;6;12;3275000;6885000;8.1;12.2;4.8;0.4;14745;7.75
;;;Parkano;1060;20080613;2008;6;13;3275000;6885000;10.1;15.4;4;0.4;18089;8.96
;;;Parkano;1060;20080614;2008;6;14;3275000;6885000;13;18.6;2.9;5.8;20830;9.08
;;;Parkano;1060;20080615;2008;6;15;3275000;6885000;11.3;15.2;9.8;0.6;10567;12.05
;;;Parkano;1060;20080616;2008;6;16;3275000;6885000;11.9;17.2;6.4;7.1;21405;11.4
;;;Parkano;1060;20080617;2008;6;17;3275000;6885000;11;13.6;7.8;12.5;9515;12.31
;;;Parkano;1060;20080618;2008;6;18;3275000;6885000;12;14.9;10.2;0.9;9826;12.74
;;;Parkano;1060;20080619;2008;6;19;3275000;6885000;14.2;18.7;8;0.5;25649;11.12
;;;Parkano;1060;20080620;2008;6;20;3275000;6885000;14.1;19;11.1;5.2;13469;12.93
;;;Parkano;1060;20080621;2008;6;21;3275000;6885000;12.7;16.2;10;5;18292;11.66
;;;Parkano;1060;20080622;2008;6;22;3275000;6885000;13.4;18;8.6;0.5;22937;11.34
;;;Parkano;1060;20080623;2008;6;23;3275000;6885000;11.6;16.6;7.7;10.9;5546;12.87
;;;Parkano;1060;20080624;2008;6;24;3275000;6885000;12.2;15.2;10.5;2.6;10947;12.77
;;;Parkano;1060;20080625;2008;6;25;3275000;6885000;10.6;13.4;7.5;0.3;16152;8.13
;;;Parkano;1060;20080626;2008;6;26;3275000;6885000;11;14.4;6.7;0.2;23869;8
;;;Parkano;1060;20080627;2008;6;27;3275000;6885000;14.4;20.4;7.7;0.2;27013;8.18
;;;Parkano;1060;20080628;2008;6;28;3275000;6885000;13.2;22;5.2;8.5;20933;10.78
;;;Parkano;1060;20080629;2008;6;29;3275000;6885000;13.4;16.8;10.9;3.7;11722;13.04
;;;Parkano;1060;20080630;2008;6;30;3275000;6885000;13.9;19.4;8.8;3.2;17065;13.66
;;;Parkano;1060;20080701;2008;7;1;3275000;6885000;15.5;20.4;9.8;2.7;16822;14.21
;;;Parkano;1060;20080702;2008;7;2;3275000;6885000;14.7;18.7;12.5;0.2;22480;11.07
;;;Parkano;1060;20080703;2008;7;3;3275000;6885000;16.2;21.9;8.3;0;18931;13.72
;;;Parkano;1060;20080704;2008;7;4;3275000;6885000;20.5;26.3;13.9;0.1;27463;12.65
;;;Parkano;1060;20080705;2008;7;5;3275000;6885000;11.9;23;6.1;0.1;19756;9.32
;;;Parkano;1060;20080706;2008;7;6;3275000;6885000;10;14.8;0.3;0.1;19319;8.83
;;;Parkano;1060;20080707;2008;7;7;3275000;6885000;9.4;13.9;3.7;0.1;14864;8.87
;;;Parkano;1060;20080708;2008;7;8;3275000;6885000;12.7;19;4.5;0.1;24080;8.93
;;;Parkano;1060;20080709;2008;7;9;3275000;6885000;11.1;18;9.2;1.5;8574;11.37
;;;Parkano;1060;20080710;2008;7;10;3275000;6885000;12.7;18.6;9.3;0.1;15143;12.29
;;;Parkano;1060;20080711;2008;7;11;3275000;6885000;13.3;20.6;4.3;23.1;18295;12.83
;;;Parkano;1060;20080712;2008;7;12;3275000;6885000;16.1;19.4;13.8;1.2;15303;15.65
;;;Parkano;1060;20080713;2008;7;13;3275000;6885000;16;21;10.9;4.7;18899;14.12
;;;Parkano;1060;20080714;2008;7;14;3275000;6885000;16.9;20.5;12.3;0;21015;12.54
;;;Parkano;1060;20080715;2008;7;15;3275000;6885000;16.7;20.6;13.1;1.4;20437;13.98
;;;Parkano;1060;20080716;2008;7;16;3275000;6885000;16.2;20.2;14.5;1.5;16349;15.15
;;;Parkano;1060;20080717;2008;7;17;3275000;6885000;14.6;18.6;11.3;2.1;17631;13.27
;;;Parkano;1060;20080718;2008;7;18;3275000;6885000;13.6;18.3;8.7;7.2;19523;13.28
;;;Parkano;1060;20080719;2008;7;19;3275000;6885000;15.2;19.2;10.9;2.8;16025;15.09
;;;Parkano;1060;20080720;2008;7;20;3275000;6885000;17.1;22.5;10.1;0.3;16816;14.02
;;;Parkano;1060;20080721;2008;7;21;3275000;6885000;13.9;19.2;13.2;30.6;4242;14.97
;;;Parkano;1060;20080722;2008;7;22;3275000;6885000;13.4;14.1;12.7;4.9;5069;14.9
;;;Parkano;1060;20080723;2008;7;23;3275000;6885000;15.6;19.7;11.8;0;25640;12.85
;;;Parkano;1060;20080724;2008;7;24;3275000;6885000;17.3;22.4;11.3;0;26139;13.63
;;;Parkano;1060;20080725;2008;7;25;3275000;6885000;19.3;26.1;10.4;0;24814;14.76
;;;Parkano;1060;20080726;2008;7;26;3275000;6885000;19.7;26.6;11.2;0.1;24925;13.82
;;;Parkano;1060;20080727;2008;7;27;3275000;6885000;17.6;23.9;10.8;0;25699;11.06
;;;Parkano;1060;20080728;2008;7;28;3275000;6885000;16.3;22.1;8.1;0;22875;11.58
;;;Parkano;1060;20080729;2008;7;29;3275000;6885000;16.5;21.8;9.7;0;25330;10.76
;;;Parkano;1060;20080730;2008;7;30;3275000;6885000;16.2;23;7.3;0.1;25118;10.48
;;;Parkano;1060;20080731;2008;7;31;3275000;6885000;17.3;24.8;7.8;0.2;22914;13.18
;;;Parkano;1060;20080801;2008;8;1;3275000;6885000;15;22.1;12.9;0;17302;13.49
;;;Parkano;1060;20080802;2008;8;2;3275000;6885000;12;18.5;3.8;0;22222;9.27
;;;Parkano;1060;20080803;2008;8;3;3275000;6885000;12.9;17.9;7.6;0.7;11637;11.79
;;;Parkano;1060;20080804;2008;8;4;3275000;6885000;12.5;16.7;9.4;0;15110;10.39
;;;Parkano;1060;20080805;2008;8;5;3275000;6885000;12.4;17.7;7.5;0;19852;8.66
;;;Parkano;1060;20080806;2008;8;6;3275000;6885000;11.3;14.8;6.8;0;11312;8.79
;;;Parkano;1060;20080807;2008;8;7;3275000;6885000;11.8;16.9;2.9;15.8;10607;10.6
;;;Parkano;1060;20080808;2008;8;8;3275000;6885000;13.5;15.4;11.3;9.2;3457;15.34
;;;Parkano;1060;20080809;2008;8;9;3275000;6885000;13.8;18.6;10.8;3.5;14760;12.21
;;;Parkano;1060;20080810;2008;8;10;3275000;6885000;12.4;16.5;8.7;7.1;13180;12.21
;;;Parkano;1060;20080811;2008;8;11;3275000;6885000;13.7;17.3;8.8;8.9;9056;14.14
;;;Parkano;1060;20080812;2008;8;12;3275000;6885000;16.2;20.3;12.8;0.6;14786;14.8
;;;Parkano;1060;20080813;2008;8;13;3275000;6885000;15.4;18.9;11.1;3.9;6752;15.94
;;;Parkano;1060;20080814;2008;8;14;3275000;6885000;14.9;18.9;13.1;5;12900;14.52
;;;Parkano;1060;20080815;2008;8;15;3275000;6885000;15;18.7;12.6;0.1;15236;13.92
;;;Parkano;1060;20080816;2008;8;16;3275000;6885000;11.9;16.2;7.2;4.6;6758;12.69
;;;Parkano;1060;20080817;2008;8;17;3275000;6885000;14.1;16.7;12.1;11.1;6914;14.5
;;;Parkano;1060;20080818;2008;8;18;3275000;6885000;16.4;19.6;14.3;3.1;7976;16.92
;;;Parkano;1060;20080819;2008;8;19;3275000;6885000;13.9;16.5;13.1;1.6;6313;15.09
;;;Parkano;1060;20080820;2008;8;20;3275000;6885000;14.9;18.5;12.8;8.9;7455;15.96
;;;Parkano;1060;20080821;2008;8;21;3275000;6885000;14.7;17.6;10.7;16.6;7930;15.99
;;;Parkano;1060;20080822;2008;8;22;3275000;6885000;13.7;15.8;13.2;1.9;8342;14.31
;;;Parkano;1060;20080823;2008;8;23;3275000;6885000;13.2;17.1;10;0;16291;11.51
;;;Parkano;1060;20080824;2008;8;24;3275000;6885000;11.9;18.5;5.6;0.1;14864;10.88
;;;Parkano;1060;20080825;2008;8;25;3275000;6885000;12.2;17.8;6.7;0;14293;11.38
;;;Parkano;1060;20080826;2008;8;26;3275000;6885000;11.5;15.1;8.3;0;9100;11.37
;;;Parkano;1060;20080827;2008;8;27;3275000;6885000;11.8;16.1;6.8;0.1;11966;11.53
;;;Parkano;1060;20080828;2008;8;28;3275000;6885000;10.6;13.4;9.8;27.6;3630;12.49
;;;Parkano;1060;20080829;2008;8;29;3275000;6885000;9.7;13.3;8.1;0;10114;9.72
;;;Parkano;1060;20080830;2008;8;30;3275000;6885000;9.4;14.7;6.1;2.6;10614;10.12
;;;Parkano;1060;20080831;2008;8;31;3275000;6885000;6.5;11.2;2.3;0;16181;7.18
;;;Parkano;1060;20080901;2008;9;1;3275000;6885000;8.4;15.6;0.4;0;11456;9.02
;;;Parkano;1060;20080902;2008;9;2;3275000;6885000;6;10.8;0.9;4.8;6248;8.57
;;;Parkano;1060;20080903;2008;9;3;3275000;6885000;12.2;14.8;7.8;9.9;3795;14.04
;;;Parkano;1060;20080904;2008;9;4;3275000;6885000;12.8;15.5;11.4;1.7;10345;12.55
;;;Parkano;1060;20080905;2008;9;5;3275000;6885000;12.9;15.4;10.4;17.4;7651;13.44
;;;Parkano;1060;20080906;2008;9;6;3275000;6885000;12;14.5;10.3;0.1;9472;12.35
;;;Parkano;1060;20080907;2008;9;7;3275000;6885000;10.8;15.9;6.5;0;12594;10.17
;;;Parkano;1060;20080908;2008;9;8;3275000;6885000;8.8;15.5;2.2;0;11326;8.2
;;;Parkano;1060;20080909;2008;9;9;3275000;6885000;10.3;13.4;4.3;0;8437;9.06
;;;Parkano;1060;20080910;2008;9;10;3275000;6885000;8;12.8;3.6;0;12598;8.18
;;;Parkano;1060;20080911;2008;9;11;3275000;6885000;5.9;10.5;0.8;0;12489;6.99
;;;Parkano;1060;20080912;2008;9;12;3275000;6885000;4.8;10.1;-1.1;0;11600;6.75
;;;Parkano;1060;20080913;2008;9;13;3275000;6885000;5.6;8.3;2.5;0;5417;7.03
;;;Parkano;1060;20080914;2008;9;14;3275000;6885000;5.7;7.3;2.7;0;3775;7.25
;;;Parkano;1060;20080915;2008;9;15;3275000;6885000;5.9;7.2;4.8;0;3390;7.37
;;;Parkano;1060;20080916;2008;9;16;3275000;6885000;5.5;6.4;4.9;0;2086;7.32
;;;Parkano;1060;20080917;2008;9;17;3275000;6885000;4.5;5.7;3.8;0.2;2369;7.18
;;;Parkano;1060;20080918;2008;9;18;3275000;6885000;6.1;8.4;3.9;0.1;5118;8.14
;;;Parkano;1060;20080919;2008;9;19;3275000;6885000;7;10;3.3;0.5;6174;8.08
;;;Parkano;1060;20080920;2008;9;20;3275000;6885000;7.9;10.3;5.8;1.7;3572;10.15
;;;Parkano;1060;20080921;2008;9;21;3275000;6885000;8.1;13.1;4.5;0;5630;9.97
;;;Parkano;1060;20080922;2008;9;22;3275000;6885000;6.3;12.5;0.3;0;6875;8.92
;;;Parkano;1060;20080923;2008;9;23;3275000;6885000;8.3;16.1;2.6;0;9459;9.73
;;;Parkano;1060;20080924;2008;9;24;3275000;6885000;7.6;14.4;1.8;0;9076;9.35
;;;Parkano;1060;20080925;2008;9;25;3275000;6885000;8.1;15;3.6;0.1;9597;9.36
;;;Parkano;1060;20080926;2008;9;26;3275000;6885000;7.5;12.5;1.6;0;4737;9.8
;;;Parkano;1060;20080927;2008;9;27;3275000;6885000;7.9;12.9;0.1;0.3;4461;9.25
;;;Parkano;1060;20080928;2008;9;28;3275000;6885000;8.7;11.6;5.3;0.1;7044;8.32
;;;Parkano;1060;20080929;2008;9;29;3275000;6885000;5.6;10;3.4;0;8530;7.22
;;;Parkano;1060;20080930;2008;9;30;3275000;6885000;4.4;11.1;-0.8;0;8138;6.99
;;;Parkano;1060;20081001;2008;10;1;3275000;6885000;6.6;8.5;1.5;5.3;2156;9.27
;;;Parkano;1060;20081002;2008;10;2;3275000;6885000;7.2;8.2;6.5;2.9;1718;9.44
;;;Parkano;1060;20081003;2008;10;3;3275000;6885000;5.3;7.7;2.5;0.4;2752;8.26
;;;Parkano;1060;20081004;2008;10;4;3275000;6885000;6.6;9.5;3.8;0;3958;9.16
;;;Parkano;1060;20081005;2008;10;5;3275000;6885000;7.6;9.5;2.9;15.2;3110;9.47
;;;Parkano;1060;20081006;2008;10;6;3275000;6885000;7.3;9.3;4;0.1;5182;8.52
;;;Parkano;1060;20081007;2008;10;7;3275000;6885000;6;9.5;3.7;0;7911;7.56
;;;Parkano;1060;20081008;2008;10;8;3275000;6885000;3.7;10.1;-1.8;0;6788;7.34
;;;Parkano;1060;20081009;2008;10;9;3275000;6885000;5.2;8.4;-0.1;1.8;2685;8.58
;;;Parkano;1060;20081010;2008;10;10;3275000;6885000;7.9;11.7;4.6;0.3;5981;9.47
;;;Parkano;1060;20081011;2008;10;11;3275000;6885000;8.9;11.3;4.9;7.4;1598;11.1
;;;Parkano;1060;20081012;2008;10;12;3275000;6885000;7.6;11.5;3.7;0.1;6807;8.99
;;;Parkano;1060;20081013;2008;10;13;3275000;6885000;6.5;8.8;2.5;0.4;3633;8.85
;;;Parkano;1060;20081014;2008;10;14;3275000;6885000;7.6;10.7;4.2;0.3;4597;9.31
;;;Parkano;1060;20081015;2008;10;15;3275000;6885000;5.2;9.5;1.9;0;4940;7.94
;;;Parkano;1060;20081016;2008;10;16;3275000;6885000;5.3;8.9;-0.5;17.1;873;8.93
;;;Parkano;1060;20081017;2008;10;17;3275000;6885000;4.6;8.7;3;2.1;2060;8.16
;;;Parkano;1060;20081018;2008;10;18;3275000;6885000;3.8;6.2;0.6;1;4253;7.23
;;;Parkano;1060;20081019;2008;10;19;3275000;6885000;5.2;7.8;0.3;2.5;1672;8.79
;;;Parkano;1060;20081020;2008;10;20;3275000;6885000;6;9.1;0;0.9;3047;8.79
;;;Parkano;1060;20081021;2008;10;21;3275000;6885000;9.4;10.4;7;14.5;619;10.97
;;;Parkano;1060;20081022;2008;10;22;3275000;6885000;6.7;8.9;5.1;0.1;2937;8.04
;;;Parkano;1060;20081023;2008;10;23;3275000;6885000;4.5;7.4;1;2.2;4392;7.52
;;;Parkano;1060;20081024;2008;10;24;3275000;6885000;8.1;9.5;3.6;3.7;426;10.04
;;;Parkano;1060;20081025;2008;10;25;3275000;6885000;8.4;9.8;6.9;17.5;2823;9.25
;;;Parkano;1060;20081026;2008;10;26;3275000;6885000;7.7;8.7;6.4;18.6;507;9.87
;;;Parkano;1060;20081027;2008;10;27;3275000;6885000;6.4;8.4;4.5;1.9;2065;9.08
;;;Parkano;1060;20081028;2008;10;28;3275000;6885000;3.3;5.8;1.9;6.4;2037;7.42
;;;Parkano;1060;20081029;2008;10;29;3275000;6885000;2.5;5;1.1;0;2590;7.05
;;;Parkano;1060;20081030;2008;10;30;3275000;6885000;1.5;2.9;-0.4;15.2;1257;6.76
;;;Parkano;1060;20081031;2008;10;31;3275000;6885000;1.7;3.4;0.8;5;541;6.78
;;;Parkano;1060;20081101;2008;11;1;3275000;6885000;-0.3;1.1;-2.1;0.1;1887;5.7
;;;Parkano;1060;20081102;2008;11;2;3275000;6885000;0.3;2.5;-2.9;0.1;3239;6.08
;;;Parkano;1060;20081103;2008;11;3;3275000;6885000;3.3;6.1;1.1;0;2053;7.25
;;;Parkano;1060;20081104;2008;11;4;3275000;6885000;4.4;7.2;2;0;2160;8.04
;;;Parkano;1060;20081105;2008;11;5;3275000;6885000;2.6;6.4;-0.1;0;2827;6.27
;;;Parkano;1060;20081106;2008;11;6;3275000;6885000;-2.1;2.1;-4.9;0;3910;4.77
;;;Parkano;1060;20081107;2008;11;7;3275000;6885000;0.4;2.9;-4;0;1914;5.96
;;;Parkano;1060;20081108;2008;11;8;3275000;6885000;0.7;1.8;-0.5;8.5;273;6.26
;;;Parkano;1060;20081109;2008;11;9;3275000;6885000;4.8;6.1;1.7;8.3;236;8.59
;;;Parkano;1060;20081110;2008;11;10;3275000;6885000;5.8;7.4;4.6;12.1;1356;8.43
;;;Parkano;1060;20081111;2008;11;11;3275000;6885000;3.9;6.6;2.9;1.8;654;7.6
;;;Parkano;1060;20081112;2008;11;12;3275000;6885000;3.5;4.7;2.2;12.1;558;7.67
;;;Parkano;1060;20081113;2008;11;13;3275000;6885000;3.9;4.7;2.7;5;477;8.02
;;;Parkano;1060;20081114;2008;11;14;3275000;6885000;1.8;4.1;0.4;1.5;583;6.79
;;;Parkano;1060;20081115;2008;11;15;3275000;6885000;3.1;3.9;2.2;8.1;457;7.6
;;;Parkano;1060;20081116;2008;11;16;3275000;6885000;-0.1;2.1;-1.6;0.6;521;5.7
;;;Parkano;1060;20081117;2008;11;17;3275000;6885000;-1.3;0;-3.3;0;2395;4.79
;;;Parkano;1060;20081118;2008;11;18;3275000;6885000;1.6;3.7;-1.4;6.1;465;6.29
;;;Parkano;1060;20081119;2008;11;19;3275000;6885000;-1;1.6;-3.2;4.3;1380;5.32
;;;Parkano;1060;20081120;2008;11;20;3275000;6885000;-3.7;-0.8;-6.4;0.9;976;4.59
;;;Parkano;1060;20081121;2008;11;21;3275000;6885000;-3;-1.1;-7.5;1;701;4.68
;;;Parkano;1060;20081122;2008;11;22;3275000;6885000;-3.3;-2;-3.9;0.1;650;4.58
;;;Parkano;1060;20081123;2008;11;23;3275000;6885000;-5;-3.2;-7.3;7.7;355;3.97
;;;Parkano;1060;20081124;2008;11;24;3275000;6885000;-1.5;-0.6;-3.4;0.1;889;4.71
;;;Parkano;1060;20081125;2008;11;25;3275000;6885000;-1.3;-0.3;-2.2;0;531;5.16
;;;Parkano;1060;20081126;2008;11;26;3275000;6885000;-1.7;0.3;-3.5;3.4;328;5.14
;;;Parkano;1060;20081127;2008;11;27;3275000;6885000;-0.5;2.2;-5.7;1;340;5.8
;;;Parkano;1060;20081128;2008;11;28;3275000;6885000;3;5.7;-0.2;0;1003;6.91
;;;Parkano;1060;20081129;2008;11;29;3275000;6885000;2;2.7;-0.5;0.6;404;6.95
;;;Parkano;1060;20081130;2008;11;30;3275000;6885000;1.2;2.8;0.3;7.1;247;6.5
;;;Parkano;1060;20081201;2008;12;1;3275000;6885000;2.6;3;0.5;1.6;127;7.23
;;;Parkano;1060;20081202;2008;12;2;3275000;6885000;2.1;3.1;0.6;2.5;244;6.99
;;;Parkano;1060;20081203;2008;12;3;3275000;6885000;2.6;3.9;1.5;2.4;179;7.1
;;;Parkano;1060;20081204;2008;12;4;3275000;6885000;0.9;2.3;-0.4;4.2;147;6.25
;;;Parkano;1060;20081205;2008;12;5;3275000;6885000;-0.3;0.3;-1.3;0.5;281;5.84
;;;Parkano;1060;20081206;2008;12;6;3275000;6885000;-2.2;-0.9;-3.1;0;121;4.85
;;;Parkano;1060;20081207;2008;12;7;3275000;6885000;-3.8;-2.5;-4.9;0;208;4.43
;;;Parkano;1060;20081208;2008;12;8;3275000;6885000;-0.9;0.7;-4.5;5.4;247;5.61
;;;Parkano;1060;20081209;2008;12;9;3275000;6885000;0.5;1.4;0.1;1.2;196;6.32
;;;Parkano;1060;20081210;2008;12;10;3275000;6885000;-0.8;0.4;-2.1;1.1;182;5.67
;;;Parkano;1060;20081211;2008;12;11;3275000;6885000;-3;-1.3;-5;1.1;284;4.66
;;;Parkano;1060;20081212;2008;12;12;3275000;6885000;0.3;0.5;-1.8;1.4;116;5.96
;;;Parkano;1060;20081213;2008;12;13;3275000;6885000;0.9;2.3;-0.8;0.3;125;6.34
;;;Parkano;1060;20081214;2008;12;14;3275000;6885000;0.1;1.4;-1.3;0;163;5.99
;;;Parkano;1060;20081215;2008;12;15;3275000;6885000;-3.3;-0.5;-4.7;0;855;4.65
;;;Parkano;1060;20081216;2008;12;16;3275000;6885000;-2.3;-1.5;-5.2;0;133;4.85
;;;Parkano;1060;20081217;2008;12;17;3275000;6885000;-1.6;-0.7;-3;2.1;116;5.27
;;;Parkano;1060;20081218;2008;12;18;3275000;6885000;0.8;2.2;-1.4;1.8;223;6.13
;;;Parkano;1060;20081219;2008;12;19;3275000;6885000;2.8;3.4;1.9;8.7;135;7.35
;;;Parkano;1060;20081220;2008;12;20;3275000;6885000;0.9;2.5;0.1;1;231;6.3
;;;Parkano;1060;20081221;2008;12;21;3275000;6885000;0.6;1.5;-0.2;7.4;225;6.23
;;;Parkano;1060;20081222;2008;12;22;3275000;6885000;-0.5;-0.1;-0.8;3.7;183;5.84
;;;Parkano;1060;20081223;2008;12;23;3275000;6885000;-1.9;-0.4;-2.3;0.4;297;4.78
;;;Parkano;1060;20081224;2008;12;24;3275000;6885000;-3.4;-1.8;-4.6;0;323;4.12
;;;Parkano;1060;20081225;2008;12;25;3275000;6885000;-4.6;-2.8;-6.7;0.1;326;4.1
;;;Parkano;1060;20081226;2008;12;26;3275000;6885000;0.6;1.4;-3;0;688;6.38
;;;Parkano;1060;20081227;2008;12;27;3275000;6885000;-0.8;1.6;-3.3;0;637;5.54
;;;Parkano;1060;20081228;2008;12;28;3275000;6885000;-5.9;-2.5;-9.8;0;1166;3.77
;;;Parkano;1060;20081229;2008;12;29;3275000;6885000;-1.7;-0.4;-3.7;0;774;5.38
;;;Parkano;1060;20081230;2008;12;30;3275000;6885000;-0.4;0.5;-3.8;0;358;5.82
;;;Parkano;1060;20081231;2008;12;31;3275000;6885000;-0.3;1.9;-1.8;0.1;664;4.99
;;;Parkano;1060;20090101;2009;1;1;3275000;6885000;-0.4;0.2;-1.8;0.4;162;5.57
;;;Parkano;1060;20090102;2009;1;2;3275000;6885000;-3.6;-0.3;-6.6;0;314;4.1
;;;Parkano;1060;20090103;2009;1;3;3275000;6885000;-6.1;-4.7;-8.5;0;328;3.32
;;;Parkano;1060;20090104;2009;1;4;3275000;6885000;-7.7;-6.1;-9;0;1101;2.66
;;;Parkano;1060;20090105;2009;1;5;3275000;6885000;-8;-7;-9;0;745;1.92
;;;Parkano;1060;20090106;2009;1;6;3275000;6885000;-6;-4.7;-8.2;1.2;576;2.65
;;;Parkano;1060;20090107;2009;1;7;3275000;6885000;-5.5;-4.8;-6.1;5.4;325;3.75
;;;Parkano;1060;20090108;2009;1;8;3275000;6885000;-3.6;-2.1;-5;2.9;210;4.46
;;;Parkano;1060;20090109;2009;1;9;3275000;6885000;-3.6;-2.5;-4.7;2.7;273;4.45
;;;Parkano;1060;20090110;2009;1;10;3275000;6885000;0.4;1;-3.5;2.4;324;6.1
;;;Parkano;1060;20090111;2009;1;11;3275000;6885000;1.8;3.4;0;8;183;6.67
;;;Parkano;1060;20090112;2009;1;12;3275000;6885000;1;2.1;0.1;9.1;327;6.24
;;;Parkano;1060;20090113;2009;1;13;3275000;6885000;0.8;3.2;-1.2;2.6;244;6.25
;;;Parkano;1060;20090114;2009;1;14;3275000;6885000;0.9;3;-1.1;2.2;276;6.39
;;;Parkano;1060;20090115;2009;1;15;3275000;6885000;2.5;3.2;1;1.6;130;7.05
;;;Parkano;1060;20090116;2009;1;16;3275000;6885000;1.9;3.1;1.3;7.9;156;6.78
;;;Parkano;1060;20090117;2009;1;17;3275000;6885000;2.8;4.2;1;3.7;300;6.81
;;;Parkano;1060;20090118;2009;1;18;3275000;6885000;2.3;3.4;1.6;5.3;252;6.81
;;;Parkano;1060;20090119;2009;1;19;3275000;6885000;1.2;1.9;0.6;5.7;301;6.44
;;;Parkano;1060;20090120;2009;1;20;3275000;6885000;-0.1;1.8;-0.5;2;654;5.72
;;;Parkano;1060;20090121;2009;1;21;3275000;6885000;-2.6;-0.4;-4.2;0.9;442;4.89
;;;Parkano;1060;20090122;2009;1;22;3275000;6885000;-2.7;-2.1;-3.6;0.1;507;4.59
;;;Parkano;1060;20090123;2009;1;23;3275000;6885000;-3.7;-2;-6;0.1;835;4.09
;;;Parkano;1060;20090124;2009;1;24;3275000;6885000;-1.6;2.5;-7.4;4.6;369;5.21
;;;Parkano;1060;20090125;2009;1;25;3275000;6885000;0;2.6;-0.9;0.8;1607;5.69
;;;Parkano;1060;20090126;2009;1;26;3275000;6885000;-1.2;0.1;-3.2;0.7;1097;5.37
;;;Parkano;1060;20090127;2009;1;27;3275000;6885000;-4.5;-2.2;-6.7;0;2153;4.09
;;;Parkano;1060;20090128;2009;1;28;3275000;6885000;-5.1;-0.5;-13.5;0.1;781;4.02
;;;Parkano;1060;20090129;2009;1;29;3275000;6885000;0.8;2.5;-1.6;0;658;6.28
;;;Parkano;1060;20090130;2009;1;30;3275000;6885000;-1.9;2.4;-3.2;2.3;568;5.12
;;;Parkano;1060;20090131;2009;1;31;3275000;6885000;-3.5;-0.8;-7.9;0;2519;4.47
;;;Parkano;1060;20090201;2009;2;1;3275000;6885000;-0.1;0.5;-3.7;2.7;737;5.61
;;;Parkano;1060;20090202;2009;2;2;3275000;6885000;0.6;1.6;-0.3;12.4;834;6.24
;;;Parkano;1060;20090203;2009;2;3;3275000;6885000;-3.1;0.5;-5.9;1.2;1784;4.64
;;;Parkano;1060;20090204;2009;2;4;3275000;6885000;-3.2;-0.8;-6.7;0.1;1026;4.68
;;;Parkano;1060;20090205;2009;2;5;3275000;6885000;-0.4;0.6;-1.7;0;703;5.84
;;;Parkano;1060;20090206;2009;2;6;3275000;6885000;0.1;0.5;-0.5;1.5;866;5.9
;;;Parkano;1060;20090207;2009;2;7;3275000;6885000;0.3;0.8;-0.1;2.8;905;6.01
;;;Parkano;1060;20090208;2009;2;8;3275000;6885000;0.2;1.2;-0.4;0.9;1656;6.06
;;;Parkano;1060;20090209;2009;2;9;3275000;6885000;1.4;2.5;-0.8;0.8;1012;6.68
;;;Parkano;1060;20090210;2009;2;10;3275000;6885000;1.2;1.9;0.9;0;950;6.57
;;;Parkano;1060;20090211;2009;2;11;3275000;6885000;0.1;1.6;-1.2;0;1558;6.15
;;;Parkano;1060;20090212;2009;2;12;3275000;6885000;-2.4;0.1;-4.2;0.3;2705;5.08
;;;Parkano;1060;20090213;2009;2;13;3275000;6885000;-0.7;1.6;-2.2;0;3235;4.65
;;;Parkano;1060;20090214;2009;2;14;3275000;6885000;-4;-1.7;-5.5;0;3489;3.02
;;;Parkano;1060;20090215;2009;2;15;3275000;6885000;-7.2;-4.8;-8.4;0.1;4205;2.43
;;;Parkano;1060;20090216;2009;2;16;3275000;6885000;-8;-1.9;-16.7;2.5;2492;2.95
;;;Parkano;1060;20090217;2009;2;17;3275000;6885000;-0.8;1.5;-2.3;0;3363;5.28
;;;Parkano;1060;20090218;2009;2;18;3275000;6885000;-2.3;1.8;-7.8;0.5;3027;4.53
;;;Parkano;1060;20090219;2009;2;19;3275000;6885000;-5.7;-0.7;-10;0.8;5137;3.31
;;;Parkano;1060;20090220;2009;2;20;3275000;6885000;-1;1.9;-6.7;0;2749;5.3
;;;Parkano;1060;20090221;2009;2;21;3275000;6885000;-0.5;0.5;-1.9;10.1;1490;5.69
;;;Parkano;1060;20090222;2009;2;22;3275000;6885000;1.6;3.7;0;2.6;3467;6.08
;;;Parkano;1060;20090223;2009;2;23;3275000;6885000;-0.7;2.2;-2.8;1.8;5568;4.94
;;;Parkano;1060;20090224;2009;2;24;3275000;6885000;-0.6;2.7;-4.1;4.2;1655;5.58
;;;Parkano;1060;20090225;2009;2;25;3275000;6885000;0.9;2.8;-0.9;0.3;4220;5.38
;;;Parkano;1060;20090226;2009;2;26;3275000;6885000;-0.1;2.4;-3;4;5528;4.88
;;;Parkano;1060;20090227;2009;2;27;3275000;6885000;0.9;1.9;0.3;3.6;1828;6.41
;;;Parkano;1060;20090228;2009;2;28;3275000;6885000;-2.7;1.1;-4.2;0.4;2809;4.78
;;;Parkano;1060;20090301;2009;3;1;3275000;6885000;-3.8;0.4;-10.3;0;5754;4.3
;;;Parkano;1060;20090302;2009;3;2;3275000;6885000;-0.9;0.3;-4.2;0;2923;5.03
;;;Parkano;1060;20090303;2009;3;3;3275000;6885000;-2;0.2;-3.2;0;3035;4.45
;;;Parkano;1060;20090304;2009;3;4;3275000;6885000;-5.2;-2.7;-7;7.4;2824;3.87
;;;Parkano;1060;20090305;2009;3;5;3275000;6885000;-6.2;-4;-7.2;0.8;4152;3.42
;;;Parkano;1060;20090306;2009;3;6;3275000;6885000;-8;-2.5;-13.3;1.5;7339;2.83
;;;Parkano;1060;20090307;2009;3;7;3275000;6885000;-1.7;0.4;-10.2;2.5;3948;5.18
;;;Parkano;1060;20090308;2009;3;8;3275000;6885000;-1.8;0.5;-2.7;0.5;3006;5.07
;;;Parkano;1060;20090309;2009;3;9;3275000;6885000;-1.9;-0.1;-3.9;2.8;3317;5.05
;;;Parkano;1060;20090310;2009;3;10;3275000;6885000;1;1.4;0.1;7.2;2479;6.37
;;;Parkano;1060;20090311;2009;3;11;3275000;6885000;3;4.2;0.7;0.9;2820;7.37
;;;Parkano;1060;20090312;2009;3;12;3275000;6885000;3.2;5.4;2.1;0.1;4174;7.07
;;;Parkano;1060;20090313;2009;3;13;3275000;6885000;1.9;3.8;0.7;0;2205;6.3
;;;Parkano;1060;20090314;2009;3;14;3275000;6885000;0.5;1.5;-0.2;2.8;2583;5.85
;;;Parkano;1060;20090315;2009;3;15;3275000;6885000;0.2;1.4;-0.4;0.4;2747;6.03
;;;Parkano;1060;20090316;2009;3;16;3275000;6885000;-2.5;0.3;-3.5;0.5;3176;4.5
;;;Parkano;1060;20090317;2009;3;17;3275000;6885000;-1.8;0.1;-3.5;0.4;5082;4.7
;;;Parkano;1060;20090318;2009;3;18;3275000;6885000;-0.7;1.3;-2.5;1.6;3624;5.19
;;;Parkano;1060;20090319;2009;3;19;3275000;6885000;-1;0.6;-4.9;1.4;5712;5
;;;Parkano;1060;20090320;2009;3;20;3275000;6885000;-2.7;-0.4;-3.4;0.5;6521;4.07
;;;Parkano;1060;20090321;2009;3;21;3275000;6885000;-6.7;-2.8;-9.3;0;9952;2.78
;;;Parkano;1060;20090322;2009;3;22;3275000;6885000;-10.4;-4.4;-16.7;0;12247;1.79
;;;Parkano;1060;20090323;2009;3;23;3275000;6885000;-9.9;-3.4;-17.4;0.1;12309;1.62
;;;Parkano;1060;20090324;2009;3;24;3275000;6885000;-7.8;-3.6;-12.4;0.1;7625;2.48
;;;Parkano;1060;20090325;2009;3;25;3275000;6885000;-8.7;-2.6;-14;0;11035;2.43
;;;Parkano;1060;20090326;2009;3;26;3275000;6885000;-3.7;1.8;-12.6;0.4;11884;3.13
;;;Parkano;1060;20090327;2009;3;27;3275000;6885000;-4;-1.9;-5;5.5;4034;3.27
;;;Parkano;1060;20090328;2009;3;28;3275000;6885000;-3.5;-0.6;-5.2;4.1;8716;4.08
;;;Parkano;1060;20090329;2009;3;29;3275000;6885000;-0.7;3.6;-5.3;0;13715;3.79
;;;Parkano;1060;20090330;2009;3;30;3275000;6885000;2.2;6.3;-2.7;0;12291;4.34
;;;Parkano;1060;20090331;2009;3;31;3275000;6885000;3.2;6;1.1;0.1;4872;6.21
;;;Parkano;1060;20090401;2009;4;1;3275000;6885000;5.6;11.3;1;0;11653;6.58
;;;Parkano;1060;20090402;2009;4;2;3275000;6885000;5.1;9.5;3.5;0;9498;6.64
;;;Parkano;1060;20090403;2009;4;3;3275000;6885000;4.9;12.6;-1.8;0;11510;5.54
;;;Parkano;1060;20090404;2009;4;4;3275000;6885000;4;11.1;-2.7;0;10221;4.7
;;;Parkano;1060;20090405;2009;4;5;3275000;6885000;1.4;6.8;-0.5;0;8427;5.87
;;;Parkano;1060;20090406;2009;4;6;3275000;6885000;2.8;5.8;1;1;4669;6.81
;;;Parkano;1060;20090407;2009;4;7;3275000;6885000;3.1;6;0.2;2.5;7261;6.94
;;;Parkano;1060;20090408;2009;4;8;3275000;6885000;3.8;4.8;3;3.2;1935;7.8
;;;Parkano;1060;20090409;2009;4;9;3275000;6885000;2.9;4.6;1.9;8.4;2751;7.44
;;;Parkano;1060;20090410;2009;4;10;3275000;6885000;1.1;2.4;0.4;3.4;2245;6.63
;;;Parkano;1060;20090411;2009;4;11;3275000;6885000;0.9;3.6;-0.7;1.1;6705;6.34
;;;Parkano;1060;20090412;2009;4;12;3275000;6885000;1.3;3.2;0.3;0;4942;6.28
;;;Parkano;1060;20090413;2009;4;13;3275000;6885000;2.8;7.2;-1.1;2.2;10846;5.77
;;;Parkano;1060;20090414;2009;4;14;3275000;6885000;0.2;4.8;-0.4;11;2565;5.82
;;;Parkano;1060;20090415;2009;4;15;3275000;6885000;-0.6;2.4;-2.1;0.7;10237;5.38
;;;Parkano;1060;20090416;2009;4;16;3275000;6885000;2.4;7.2;-1.9;0.7;8381;6.66
;;;Parkano;1060;20090417;2009;4;17;3275000;6885000;4;9.7;-1.6;0;14381;5.98
;;;Parkano;1060;20090418;2009;4;18;3275000;6885000;4.1;9.5;-2.3;0;19894;4.42
;;;Parkano;1060;20090419;2009;4;19;3275000;6885000;4;10.5;-2;0;17793;4.93
;;;Parkano;1060;20090420;2009;4;20;3275000;6885000;3;6.7;0.4;0;19531;4.23
;;;Parkano;1060;20090421;2009;4;21;3275000;6885000;2.4;8.4;-5;0;15179;4.23
;;;Parkano;1060;20090422;2009;4;22;3275000;6885000;4.1;9.9;-1.6;0;12104;4.8
;;;Parkano;1060;20090423;2009;4;23;3275000;6885000;4.2;10.7;-4.5;0;21063;4.03
;;;Parkano;1060;20090424;2009;4;24;3275000;6885000;4.5;12.1;-3.8;0;20646;4.96
;;;Parkano;1060;20090425;2009;4;25;3275000;6885000;4.5;12.1;-2.7;0;19261;4.96
;;;Parkano;1060;20090426;2009;4;26;3275000;6885000;6.5;14.9;-3.6;0;20571;5.06
;;;Parkano;1060;20090427;2009;4;27;3275000;6885000;8.5;16.4;-0.4;0;20734;5.81
;;;Parkano;1060;20090428;2009;4;28;3275000;6885000;8.3;13.6;2.7;0;9353;8.34
;;;Parkano;1060;20090429;2009;4;29;3275000;6885000;9.7;14;4.5;0.2;6654;10.26
;;;Parkano;1060;20090430;2009;4;30;3275000;6885000;11.9;18.5;6.3;0;13493;10.05
;;;Parkano;1060;20090501;2009;5;1;3275000;6885000;14.5;21;5.7;0;19124;9.06
;;;Parkano;1060;20090502;2009;5;2;3275000;6885000;13.6;19.2;6.5;0;13065;9.26
;;;Parkano;1060;20090503;2009;5;3;3275000;6885000;15.5;21.4;9.3;0;15037;9.38
;;;Parkano;1060;20090504;2009;5;4;3275000;6885000;15.7;23.2;7.8;0;19767;8.99
;;;Parkano;1060;20090505;2009;5;5;3275000;6885000;12.5;18.8;5.3;0;21793;9.37
;;;Parkano;1060;20090506;2009;5;6;3275000;6885000;6.3;13.6;5;0.1;14429;6.68
;;;Parkano;1060;20090507;2009;5;7;3275000;6885000;3.8;11.3;-3.3;0.6;20505;5.25
;;;Parkano;1060;20090508;2009;5;8;3275000;6885000;7.4;12.5;2.4;1.7;10951;8.76
;;;Parkano;1060;20090509;2009;5;9;3275000;6885000;9;14.4;1.4;0.1;16008;7.77
;;;Parkano;1060;20090510;2009;5;10;3275000;6885000;12.5;19.1;5.9;0;21757;8.97
;;;Parkano;1060;20090511;2009;5;11;3275000;6885000;12.4;19.8;4.8;0;22649;8.19
;;;Parkano;1060;20090512;2009;5;12;3275000;6885000;12.9;22.3;2.9;0.2;20034;7.97
;;;Parkano;1060;20090513;2009;5;13;3275000;6885000;6.1;14.1;2.9;0;20819;5.15
;;;Parkano;1060;20090514;2009;5;14;3275000;6885000;3.3;7.9;-3;0.3;21712;4.14
;;;Parkano;1060;20090515;2009;5;15;3275000;6885000;3.3;8.8;-5.3;0;17659;4.71
;;;Parkano;1060;20090516;2009;5;16;3275000;6885000;3.7;9.5;-2.6;0.1;20340;4.73
;;;Parkano;1060;20090517;2009;5;17;3275000;6885000;4.6;10.2;-2.4;0.1;19954;4.73
;;;Parkano;1060;20090518;2009;5;18;3275000;6885000;5.4;11.2;-1.5;2.7;20642;4.36
;;;Parkano;1060;20090519;2009;5;19;3275000;6885000;4;9.3;1.5;0.3;8831;5.82
;;;Parkano;1060;20090520;2009;5;20;3275000;6885000;4.4;9.8;-2;0.1;18249;5.11
;;;Parkano;1060;20090521;2009;5;21;3275000;6885000;5.4;12.6;-2.9;1.1;18304;5.72
;;;Parkano;1060;20090522;2009;5;22;3275000;6885000;7.3;12.2;1.5;1.5;15979;7.55
;;;Parkano;1060;20090523;2009;5;23;3275000;6885000;9.2;15.1;0.3;0.2;19017;6.92
;;;Parkano;1060;20090524;2009;5;24;3275000;6885000;10.9;16.1;5.5;0;18835;6.9
;;;Parkano;1060;20090525;2009;5;25;3275000;6885000;11.1;17.3;2.6;0.2;24732;6.13
;;;Parkano;1060;20090526;2009;5;26;3275000;6885000;12;18.6;3.7;0;23751;6.07
;;;Parkano;1060;20090527;2009;5;27;3275000;6885000;9.7;16.6;4.8;0;21178;6.74
;;;Parkano;1060;20090528;2009;5;28;3275000;6885000;7.2;12.4;0.5;0;20032;5.41
;;;Parkano;1060;20090529;2009;5;29;3275000;6885000;10;17.3;-1.1;0;27265;6.42
;;;Parkano;1060;20090530;2009;5;30;3275000;6885000;13;19.9;2.6;0;27692;7.49
;;;Parkano;1060;20090531;2009;5;31;3275000;6885000;14.6;23.6;4.5;0.1;27012;7.64
;;;Parkano;1060;20090601;2009;6;1;3275000;6885000;15.7;24.4;5;0;28299;7.27
;;;Parkano;1060;20090602;2009;6;2;3275000;6885000;17.4;25;4.6;0.4;22301;9.1
;;;Parkano;1060;20090603;2009;6;3;3275000;6885000;14.8;22.2;12.6;0;18743;10.3
;;;Parkano;1060;20090604;2009;6;4;3275000;6885000;15.2;20.8;8.5;0;26897;8.64
;;;Parkano;1060;20090605;2009;6;5;3275000;6885000;16;23.7;5.3;0;27487;8.43
;;;Parkano;1060;20090606;2009;6;6;3275000;6885000;17;24.2;5.7;0;27953;7.63
;;;Parkano;1060;20090607;2009;6;7;3275000;6885000;18.2;26;8.3;0;24667;10.24
;;;Parkano;1060;20090608;2009;6;8;3275000;6885000;15.6;21.1;8.9;0;27861;7.81
;;;Parkano;1060;20090609;2009;6;9;3275000;6885000;16.3;22.6;9.1;9.5;21616;11.66
;;;Parkano;1060;20090610;2009;6;10;3275000;6885000;11.8;19.1;9.9;0.6;9975;11.38
;;;Parkano;1060;20090611;2009;6;11;3275000;6885000;11.1;15.6;8.6;4.6;7334;11.77
;;;Parkano;1060;20090612;2009;6;12;3275000;6885000;7.7;11.3;5.5;0.9;8304;9.08
;;;Parkano;1060;20090613;2009;6;13;3275000;6885000;8.1;12.2;4.8;0.4;14745;7.75
;;;Parkano;1060;20090614;2009;6;14;3275000;6885000;10.1;15.4;4;0.4;18089;8.96
;;;Parkano;1060;20090615;2009;6;15;3275000;6885000;13;18.6;2.9;5.8;20830;9.08
;;;Parkano;1060;20090616;2009;6;16;3275000;6885000;11.3;15.2;9.8;0.6;10567;12.05
;;;Parkano;1060;20090617;2009;6;17;3275000;6885000;11.9;17.2;6.4;7.1;21405;11.4
;;;Parkano;1060;20090618;2009;6;18;3275000;6885000;11;13.6;7.8;12.5;9515;12.31
;;;Parkano;1060;20090619;2009;6;19;3275000;6885000;12;14.9;10.2;0.9;9826;12.74
;;;Parkano;1060;20090620;2009;6;20;3275000;6885000;14.2;18.7;8;0.5;25649;11.12
;;;Parkano;1060;20090621;2009;6;21;3275000;6885000;14.1;19;11.1;5.2;13469;12.93
;;;Parkano;1060;20090622;2009;6;22;3275000;6885000;12.7;16.2;10;5;18292;11.66
;;;Parkano;1060;20090623;2009;6;23;3275000;6885000;13.4;18;8.6;0.5;22937;11.34
;;;Parkano;1060;20090624;2009;6;24;3275000;6885000;11.6;16.6;7.7;10.9;5546;12.87
;;;Parkano;1060;20090625;2009;6;25;3275000;6885000;12.2;15.2;10.5;2.6;10947;12.77
;;;Parkano;1060;20090626;2009;6;26;3275000;6885000;10.6;13.4;7.5;0.3;16152;8.13
;;;Parkano;1060;20090627;2009;6;27;3275000;6885000;11;14.4;6.7;0.2;23869;8
;;;Parkano;1060;20090628;2009;6;28;3275000;6885000;14.4;20.4;7.7;0.2;27013;8.18
;;;Parkano;1060;20090629;2009;6;29;3275000;6885000;13.2;22;5.2;8.5;20933;10.78
;;;Parkano;1060;20090630;2009;6;30;3275000;6885000;13.4;16.8;10.9;3.7;11722;13.04
;;;Parkano;1060;20090701;2009;7;1;3275000;6885000;13.9;19.4;8.8;3.2;17065;13.66
;;;Parkano;1060;20090702;2009;7;2;3275000;6885000;15.5;20.4;9.8;2.7;16822;14.21
;;;Parkano;1060;20090703;2009;7;3;3275000;6885000;14.7;18.7;12.5;0.2;22480;11.07
;;;Parkano;1060;20090704;2009;7;4;3275000;6885000;16.2;21.9;8.3;0;18931;13.72
;;;Parkano;1060;20090705;2009;7;5;3275000;6885000;20.5;26.3;13.9;0.1;27463;12.65
;;;Parkano;1060;20090706;2009;7;6;3275000;6885000;11.9;23;6.1;0.1;19756;9.32
;;;Parkano;1060;20090707;2009;7;7;3275000;6885000;10;14.8;0.3;0.1;19319;8.83
;;;Parkano;1060;20090708;2009;7;8;3275000;6885000;9.4;13.9;3.7;0.1;14864;8.87
;;;Parkano;1060;20090709;2009;7;9;3275000;6885000;12.7;19;4.5;0.1;24080;8.93
;;;Parkano;1060;20090710;2009;7;10;3275000;6885000;11.1;18;9.2;1.5;8574;11.37
;;;Parkano;1060;20090711;2009;7;11;3275000;6885000;12.7;18.6;9.3;0.1;15143;12.29
;;;Parkano;1060;20090712;2009;7;12;3275000;6885000;13.3;20.6;4.3;23.1;18295;12.83
;;;Parkano;1060;20090713;2009;7;13;3275000;6885000;16.1;19.4;13.8;1.2;15303;15.65
;;;Parkano;1060;20090714;2009;7;14;3275000;6885000;16;21;10.9;4.7;18899;14.12
;;;Parkano;1060;20090715;2009;7;15;3275000;6885000;16.9;20.5;12.3;0;21015;12.54
;;;Parkano;1060;20090716;2009;7;16;3275000;6885000;16.7;20.6;13.1;1.4;20437;13.98
;;;Parkano;1060;20090717;2009;7;17;3275000;6885000;16.2;20.2;14.5;1.5;16349;15.15
;;;Parkano;1060;20090718;2009;7;18;3275000;6885000;14.6;18.6;11.3;2.1;17631;13.27
;;;Parkano;1060;20090719;2009;7;19;3275000;6885000;13.6;18.3;8.7;7.2;19523;13.28
;;;Parkano;1060;20090720;2009;7;20;3275000;6885000;15.2;19.2;10.9;2.8;16025;15.09
;;;Parkano;1060;20090721;2009;7;21;3275000;6885000;17.1;22.5;10.1;0.3;16816;14.02
;;;Parkano;1060;20090722;2009;7;22;3275000;6885000;13.9;19.2;13.2;30.6;4242;14.97
;;;Parkano;1060;20090723;2009;7;23;3275000;6885000;13.4;14.1;12.7;4.9;5069;14.9
;;;Parkano;1060;20090724;2009;7;24;3275000;6885000;15.6;19.7;11.8;0;25640;12.85
;;;Parkano;1060;20090725;2009;7;25;3275000;6885000;17.3;22.4;11.3;0;26139;13.63
;;;Parkano;1060;20090726;2009;7;26;3275000;6885000;19.3;26.1;10.4;0;24814;14.76
;;;Parkano;1060;20090727;2009;7;27;3275000;6885000;19.7;26.6;11.2;0.1;24925;13.82
;;;Parkano;1060;20090728;2009;7;28;3275000;6885000;17.6;23.9;10.8;0;25699;11.06
;;;Parkano;1060;20090729;2009;7;29;3275000;6885000;16.3;22.1;8.1;0;22875;11.58
;;;Parkano;1060;20090730;2009;7;30;3275000;6885000;16.5;21.8;9.7;0;25330;10.76
;;;Parkano;1060;20090731;2009;7;31;3275000;6885000;16.2;23;7.3;0.1;25118;10.48
;;;Parkano;1060;20090801;2009;8;1;3275000;6885000;17.3;24.8;7.8;0.2;22914;13.18
;;;Parkano;1060;20090802;2009;8;2;3275000;6885000;15;22.1;12.9;0;17302;13.49
;;;Parkano;1060;20090803;2009;8;3;3275000;6885000;12;18.5;3.8;0;22222;9.27
;;;Parkano;1060;20090804;2009;8;4;3275000;6885000;12.9;17.9;7.6;0.7;11637;11.79
;;;Parkano;1060;20090805;2009;8;5;3275000;6885000;12.5;16.7;9.4;0;15110;10.39
;;;Parkano;1060;20090806;2009;8;6;3275000;6885000;12.4;17.7;7.5;0;19852;8.66
;;;Parkano;1060;20090807;2009;8;7;3275000;6885000;11.3;14.8;6.8;0;11312;8.79
;;;Parkano;1060;20090808;2009;8;8;3275000;6885000;11.8;16.9;2.9;15.8;10607;10.6
;;;Parkano;1060;20090809;2009;8;9;3275000;6885000;13.5;15.4;11.3;9.2;3457;15.34
;;;Parkano;1060;20090810;2009;8;10;3275000;6885000;13.8;18.6;10.8;3.5;14760;12.21
;;;Parkano;1060;20090811;2009;8;11;3275000;6885000;12.4;16.5;8.7;7.1;13180;12.21
;;;Parkano;1060;20090812;2009;8;12;3275000;6885000;13.7;17.3;8.8;8.9;9056;14.14
;;;Parkano;1060;20090813;2009;8;13;3275000;6885000;16.2;20.3;12.8;0.6;14786;14.8
;;;Parkano;1060;20090814;2009;8;14;3275000;6885000;15.4;18.9;11.1;3.9;6752;15.94
;;;Parkano;1060;20090815;2009;8;15;3275000;6885000;14.9;18.9;13.1;5;12900;14.52
;;;Parkano;1060;20090816;2009;8;16;3275000;6885000;15;18.7;12.6;0.1;15236;13.92
;;;Parkano;1060;20090817;2009;8;17;3275000;6885000;11.9;16.2;7.2;4.6;6758;12.69
;;;Parkano;1060;20090818;2009;8;18;3275000;6885000;14.1;16.7;12.1;11.1;6914;14.5
;;;Parkano;1060;20090819;2009;8;19;3275000;6885000;16.4;19.6;14.3;3.1;7976;16.92
;;;Parkano;1060;20090820;2009;8;20;3275000;6885000;13.9;16.5;13.1;1.6;6313;15.09
;;;Parkano;1060;20090821;2009;8;21;3275000;6885000;14.9;18.5;12.8;8.9;7455;15.96
;;;Parkano;1060;20090822;2009;8;22;3275000;6885000;14.7;17.6;10.7;16.6;7930;15.99
;;;Parkano;1060;20090823;2009;8;23;3275000;6885000;13.7;15.8;13.2;1.9;8342;14.31
;;;Parkano;1060;20090824;2009;8;24;3275000;6885000;13.2;17.1;10;0;16291;11.51
;;;Parkano;1060;20090825;2009;8;25;3275000;6885000;11.9;18.5;5.6;0.1;14864;10.88
;;;Parkano;1060;20090826;2009;8;26;3275000;6885000;12.2;17.8;6.7;0;14293;11.38
;;;Parkano;1060;20090827;2009;8;27;3275000;6885000;11.5;15.1;8.3;0;9100;11.37
;;;Parkano;1060;20090828;2009;8;28;3275000;6885000;11.8;16.1;6.8;0.1;11966;11.53
;;;Parkano;1060;20090829;2009;8;29;3275000;6885000;10.6;13.4;9.8;27.6;3630;12.49
;;;Parkano;1060;20090830;2009;8;30;3275000;6885000;9.7;13.3;8.1;0;10114;9.72
;;;Parkano;1060;20090831;2009;8;31;3275000;6885000;9.4;14.7;6.1;2.6;10614;10.12
;;;Parkano;1060;20090901;2009;9;1;3275000;6885000;6.5;11.2;2.3;0;16181;7.18
;;;Parkano;1060;20090902;2009;9;2;3275000;6885000;8.4;15.6;0.4;0;11456;9.02
;;;Parkano;1060;20090903;2009;9;3;3275000;6885000;6;10.8;0.9;4.8;6248;8.57
;;;Parkano;1060;20090904;2009;9;4;3275000;6885000;12.2;14.8;7.8;9.9;3795;14.04
;;;Parkano;1060;20090905;2009;9;5;3275000;6885000;12.8;15.5;11.4;1.7;10345;12.55
;;;Parkano;1060;20090906;2009;9;6;3275000;6885000;12.9;15.4;10.4;17.4;7651;13.44
;;;Parkano;1060;20090907;2009;9;7;3275000;6885000;12;14.5;10.3;0.1;9472;12.35
;;;Parkano;1060;20090908;2009;9;8;3275000;6885000;10.8;15.9;6.5;0;12594;10.17
;;;Parkano;1060;20090909;2009;9;9;3275000;6885000;8.8;15.5;2.2;0;11326;8.2
;;;Parkano;1060;20090910;2009;9;10;3275000;6885000;10.3;13.4;4.3;0;8437;9.06
;;;Parkano;1060;20090911;2009;9;11;3275000;6885000;8;12.8;3.6;0;12598;8.18
;;;Parkano;1060;20090912;2009;9;12;3275000;6885000;5.9;10.5;0.8;0;12489;6.99
;;;Parkano;1060;20090913;2009;9;13;3275000;6885000;4.8;10.1;-1.1;0;11600;6.75
;;;Parkano;1060;20090914;2009;9;14;3275000;6885000;5.6;8.3;2.5;0;5417;7.03
;;;Parkano;1060;20090915;2009;9;15;3275000;6885000;5.7;7.3;2.7;0;3775;7.25
;;;Parkano;1060;20090916;2009;9;16;3275000;6885000;5.9;7.2;4.8;0;3390;7.37
;;;Parkano;1060;20090917;2009;9;17;3275000;6885000;5.5;6.4;4.9;0;2086;7.32
;;;Parkano;1060;20090918;2009;9;18;3275000;6885000;4.5;5.7;3.8;0.2;2369;7.18
;;;Parkano;1060;20090919;2009;9;19;3275000;6885000;6.1;8.4;3.9;0.1;5118;8.14
;;;Parkano;1060;20090920;2009;9;20;3275000;6885000;7;10;3.3;0.5;6174;8.08
;;;Parkano;1060;20090921;2009;9;21;3275000;6885000;7.9;10.3;5.8;1.7;3572;10.15
;;;Parkano;1060;20090922;2009;9;22;3275000;6885000;8.1;13.1;4.5;0;5630;9.97
;;;Parkano;1060;20090923;2009;9;23;3275000;6885000;6.3;12.5;0.3;0;6875;8.92
;;;Parkano;1060;20090924;2009;9;24;3275000;6885000;8.3;16.1;2.6;0;9459;9.73
;;;Parkano;1060;20090925;2009;9;25;3275000;6885000;7.6;14.4;1.8;0;9076;9.35
;;;Parkano;1060;20090926;2009;9;26;3275000;6885000;8.1;15;3.6;0.1;9597;9.36
;;;Parkano;1060;20090927;2009;9;27;3275000;6885000;7.5;12.5;1.6;0;4737;9.8
;;;Parkano;1060;20090928;2009;9;28;3275000;6885000;7.9;12.9;0.1;0.3;4461;9.25
;;;Parkano;1060;20090929;2009;9;29;3275000;6885000;8.7;11.6;5.3;0.1;7044;8.32
;;;Parkano;1060;20090930;2009;9;30;3275000;6885000;5.6;10;3.4;0;8530;7.22
;;;Parkano;1060;20091001;2009;10;1;3275000;6885000;4.4;11.1;-0.8;0;8138;6.99
;;;Parkano;1060;20091002;2009;10;2;3275000;6885000;6.6;8.5;1.5;5.3;2156;9.27
;;;Parkano;1060;20091003;2009;10;3;3275000;6885000;7.2;8.2;6.5;2.9;1718;9.44
;;;Parkano;1060;20091004;2009;10;4;3275000;6885000;5.3;7.7;2.5;0.4;2752;8.26
;;;Parkano;1060;20091005;2009;10;5;3275000;6885000;6.6;9.5;3.8;0;3958;9.16
;;;Parkano;1060;20091006;2009;10;6;3275000;6885000;7.6;9.5;2.9;15.2;3110;9.47
;;;Parkano;1060;20091007;2009;10;7;3275000;6885000;7.3;9.3;4;0.1;5182;8.52
;;;Parkano;1060;20091008;2009;10;8;3275000;6885000;6;9.5;3.7;0;7911;7.56
;;;Parkano;1060;20091009;2009;10;9;3275000;6885000;3.7;10.1;-1.8;0;6788;7.34
;;;Parkano;1060;20091010;2009;10;10;3275000;6885000;5.2;8.4;-0.1;1.8;2685;8.58
;;;Parkano;1060;20091011;2009;10;11;3275000;6885000;7.9;11.7;4.6;0.3;5981;9.47
;;;Parkano;1060;20091012;2009;10;12;3275000;6885000;8.9;11.3;4.9;7.4;1598;11.1
;;;Parkano;1060;20091013;2009;10;13;3275000;6885000;7.6;11.5;3.7;0.1;6807;8.99
;;;Parkano;1060;20091014;2009;10;14;3275000;6885000;6.5;8.8;2.5;0.4;3633;8.85
;;;Parkano;1060;20091015;2009;10;15;3275000;6885000;7.6;10.7;4.2;0.3;4597;9.31
;;;Parkano;1060;20091016;2009;10;16;3275000;6885000;5.2;9.5;1.9;0;4940;7.94
;;;Parkano;1060;20091017;2009;10;17;3275000;6885000;5.3;8.9;-0.5;17.1;873;8.93
;;;Parkano;1060;20091018;2009;10;18;3275000;6885000;4.6;8.7;3;2.1;2060;8.16
;;;Parkano;1060;20091019;2009;10;19;3275000;6885000;3.8;6.2;0.6;1;4253;7.23
;;;Parkano;1060;20091020;2009;10;20;3275000;6885000;5.2;7.8;0.3;2.5;1672;8.79
;;;Parkano;1060;20091021;2009;10;21;3275000;6885000;6;9.1;0;0.9;3047;8.79
;;;Parkano;1060;20091022;2009;10;22;3275000;6885000;9.4;10.4;7;14.5;619;10.97
;;;Parkano;1060;20091023;2009;10;23;3275000;6885000;6.7;8.9;5.1;0.1;2937;8.04
;;;Parkano;1060;20091024;2009;10;24;3275000;6885000;4.5;7.4;1;2.2;4392;7.52
;;;Parkano;1060;20091025;2009;10;25;3275000;6885000;8.1;9.5;3.6;3.7;426;10.04
;;;Parkano;1060;20091026;2009;10;26;3275000;6885000;8.4;9.8;6.9;17.5;2823;9.25
;;;Parkano;1060;20091027;2009;10;27;3275000;6885000;7.7;8.7;6.4;18.6;507;9.87
;;;Parkano;1060;20091028;2009;10;28;3275000;6885000;6.4;8.4;4.5;1.9;2065;9.08
;;;Parkano;1060;20091029;2009;10;29;3275000;6885000;3.3;5.8;1.9;6.4;2037;7.42
;;;Parkano;1060;20091030;2009;10;30;3275000;6885000;2.5;5;1.1;0;2590;7.05
;;;Parkano;1060;20091031;2009;10;31;3275000;6885000;1.5;2.9;-0.4;15.2;1257;6.76
;;;Parkano;1060;20091101;2009;11;1;3275000;6885000;1.7;3.4;0.8;5;541;6.78
;;;Parkano;1060;20091102;2009;11;2;3275000;6885000;-0.3;1.1;-2.1;0.1;1887;5.7
;;;Parkano;1060;20091103;2009;11;3;3275000;6885000;0.3;2.5;-2.9;0.1;3239;6.08
;;;Parkano;1060;20091104;2009;11;4;3275000;6885000;3.3;6.1;1.1;0;2053;7.25
;;;Parkano;1060;20091105;2009;11;5;3275000;6885000;4.4;7.2;2;0;2160;8.04
;;;Parkano;1060;20091106;2009;11;6;3275000;6885000;2.6;6.4;-0.1;0;2827;6.27
;;;Parkano;1060;20091107;2009;11;7;3275000;6885000;-2.1;2.1;-4.9;0;3910;4.77
;;;Parkano;1060;20091108;2009;11;8;3275000;6885000;0.4;2.9;-4;0;1914;5.96
;;;Parkano;1060;20091109;2009;11;9;3275000;6885000;0.7;1.8;-0.5;8.5;273;6.26
;;;Parkano;1060;20091110;2009;11;10;3275000;6885000;4.8;6.1;1.7;8.3;236;8.59
;;;Parkano;1060;20091111;2009;11;11;3275000;6885000;5.8;7.4;4.6;12.1;1356;8.43
;;;Parkano;1060;20091112;2009;11;12;3275000;6885000;3.9;6.6;2.9;1.8;654;7.6
;;;Parkano;1060;20091113;2009;11;13;3275000;6885000;3.5;4.7;2.2;12.1;558;7.67
;;;Parkano;1060;20091114;2009;11;14;3275000;6885000;3.9;4.7;2.7;5;477;8.02
;;;Parkano;1060;20091115;2009;11;15;3275000;6885000;1.8;4.1;0.4;1.5;583;6.79
;;;Parkano;1060;20091116;2009;11;16;3275000;6885000;3.1;3.9;2.2;8.1;457;7.6
;;;Parkano;1060;20091117;2009;11;17;3275000;6885000;-0.1;2.1;-1.6;0.6;521;5.7
;;;Parkano;1060;20091118;2009;11;18;3275000;6885000;-1.3;0;-3.3;0;2395;4.79
;;;Parkano;1060;20091119;2009;11;19;3275000;6885000;1.6;3.7;-1.4;6.1;465;6.29
;;;Parkano;1060;20091120;2009;11;20;3275000;6885000;-1;1.6;-3.2;4.3;1380;5.32
;;;Parkano;1060;20091121;2009;11;21;3275000;6885000;-3.7;-0.8;-6.4;0.9;976;4.59
;;;Parkano;1060;20091122;2009;11;22;3275000;6885000;-3;-1.1;-7.5;1;701;4.68
;;;Parkano;1060;20091123;2009;11;23;3275000;6885000;-3.3;-2;-3.9;0.1;650;4.58
;;;Parkano;1060;20091124;2009;11;24;3275000;6885000;-5;-3.2;-7.3;7.7;355;3.97
;;;Parkano;1060;20091125;2009;11;25;3275000;6885000;-1.5;-0.6;-3.4;0.1;889;4.71
;;;Parkano;1060;20091126;2009;11;26;3275000;6885000;-1.3;-0.3;-2.2;0;531;5.16
;;;Parkano;1060;20091127;2009;11;27;3275000;6885000;-1.7;0.3;-3.5;3.4;328;5.14
;;;Parkano;1060;20091128;2009;11;28;3275000;6885000;-0.5;2.2;-5.7;1;340;5.8
;;;Parkano;1060;20091129;2009;11;29;3275000;6885000;3;5.7;-0.2;0;1003;6.91
;;;Parkano;1060;20091130;2009;11;30;3275000;6885000;2;2.7;-0.5;0.6;404;6.95
;;;Parkano;1060;20091201;2009;12;1;3275000;6885000;1.2;2.8;0.3;7.1;247;6.5
;;;Parkano;1060;20091202;2009;12;2;3275000;6885000;2.6;3;0.5;1.6;127;7.23
;;;Parkano;1060;20091203;2009;12;3;3275000;6885000;2.1;3.1;0.6;2.5;244;6.99
;;;Parkano;1060;20091204;2009;12;4;3275000;6885000;2.6;3.9;1.5;2.4;179;7.1
;;;Parkano;1060;20091205;2009;12;5;3275000;6885000;0.9;2.3;-0.4;4.2;147;6.25
;;;Parkano;1060;20091206;2009;12;6;3275000;6885000;-0.3;0.3;-1.3;0.5;281;5.84
;;;Parkano;1060;20091207;2009;12;7;3275000;6885000;-2.2;-0.9;-3.1;0;121;4.85
;;;Parkano;1060;20091208;2009;12;8;3275000;6885000;-3.8;-2.5;-4.9;0;208;4.43
;;;Parkano;1060;20091209;2009;12;9;3275000;6885000;-0.9;0.7;-4.5;5.4;247;5.61
;;;Parkano;1060;20091210;2009;12;10;3275000;6885000;0.5;1.4;0.1;1.2;196;6.32
;;;Parkano;1060;20091211;2009;12;11;3275000;6885000;-0.8;0.4;-2.1;1.1;182;5.67
;;;Parkano;1060;20091212;2009;12;12;3275000;6885000;-3;-1.3;-5;1.1;284;4.66
;;;Parkano;1060;20091213;2009;12;13;3275000;6885000;0.3;0.5;-1.8;1.4;116;5.96
;;;Parkano;1060;20091214;2009;12;14;3275000;6885000;0.9;2.3;-0.8;0.3;125;6.34
;;;Parkano;1060;20091215;2009;12;15;3275000;6885000;0.1;1.4;-1.3;0;163;5.99
;;;Parkano;1060;20091216;2009;12;16;3275000;6885000;-3.3;-0.5;-4.7;0;855;4.65
;;;Parkano;1060;20091217;2009;12;17;3275000;6885000;-2.3;-1.5;-5.2;0;133;4.85
;;;Parkano;1060;20091218;2009;12;18;3275000;6885000;-1.6;-0.7;-3;2.1;116;5.27
;;;Parkano;1060;20091219;2009;12;19;3275000;6885000;0.8;2.2;-1.4;1.8;223;6.13
;;;Parkano;1060;20091220;2009;12;20;3275000;6885000;2.8;3.4;1.9;8.7;135;7.35
;;;Parkano;1060;20091221;2009;12;21;3275000;6885000;0.9;2.5;0.1;1;231;6.3
;;;Parkano;1060;20091222;2009;12;22;3275000;6885000;0.6;1.5;-0.2;7.4;225;6.23
;;;Parkano;1060;20091223;2009;12;23;3275000;6885000;-0.5;-0.1;-0.8;3.7;183;5.84
;;;Parkano;1060;20091224;2009;12;24;3275000;6885000;-1.9;-0.4;-2.3;0.4;297;4.78
;;;Parkano;1060;20091225;2009;12;25;3275000;6885000;-3.4;-1.8;-4.6;0;323;4.12
;;;Parkano;1060;20091226;2009;12;26;3275000;6885000;-4.6;-2.8;-6.7;0.1;326;4.1
;;;Parkano;1060;20091227;2009;12;27;3275000;6885000;0.6;1.4;-3;0;688;6.38
;;;Parkano;1060;20091228;2009;12;28;3275000;6885000;-0.8;1.6;-3.3;0;637;5.54
;;;Parkano;1060;20091229;2009;12;29;3275000;6885000;-5.9;-2.5;-9.8;0;1166;3.77
;;;Parkano;1060;20091230;2009;12;30;3275000;6885000;-1.7;-0.4;-3.7;0;774;5.38
;;;Parkano;1060;20091231;2009;12;31;3275000;6885000;-0.4;0.5;-3.8;0;358;5.82
;;;Parkano;1060;20100101;2010;1;1;3275000;6885000;-0.3;1.9;-1.8;0.1;664;4.99
;;;Parkano;1060;20100102;2010;1;2;3275000;6885000;-0.4;0.2;-1.8;0.4;162;5.57
;;;Parkano;1060;20100103;2010;1;3;3275000;6885000;-3.6;-0.3;-6.6;0;314;4.1
;;;Parkano;1060;20100104;2010;1;4;3275000;6885000;-6.1;-4.7;-8.5;0;328;3.32
;;;Parkano;1060;20100105;2010;1;5;3275000;6885000;-7.7;-6.1;-9;0;1101;2.66
;;;Parkano;1060;20100106;2010;1;6;3275000;6885000;-8;-7;-9;0;745;1.92
;;;Parkano;1060;20100107;2010;1;7;3275000;6885000;-6;-4.7;-8.2;1.2;576;2.65
;;;Parkano;1060;20100108;2010;1;8;3275000;6885000;-5.5;-4.8;-6.1;5.4;325;3.75
;;;Parkano;1060;20100109;2010;1;9;3275000;6885000;-3.6;-2.1;-5;2.9;210;4.46
;;;Parkano;1060;20100110;2010;1;10;3275000;6885000;-3.6;-2.5;-4.7;2.7;273;4.45
;;;Parkano;1060;20100111;2010;1;11;3275000;6885000;0.4;1;-3.5;2.4;324;6.1
;;;Parkano;1060;20100112;2010;1;12;3275000;6885000;1.8;3.4;0;8;183;6.67
;;;Parkano;1060;20100113;2010;1;13;3275000;6885000;1;2.1;0.1;9.1;327;6.24
;;;Parkano;1060;20100114;2010;1;14;3275000;6885000;0.8;3.2;-1.2;2.6;244;6.25
;;;Parkano;1060;20100115;2010;1;15;3275000;6885000;0.9;3;-1.1;2.2;276;6.39
;;;Parkano;1060;20100116;2010;1;16;3275000;6885000;2.5;3.2;1;1.6;130;7.05
;;;Parkano;1060;20100117;2010;1;17;3275000;6885000;1.9;3.1;1.3;7.9;156;6.78
;;;Parkano;1060;20100118;2010;1;18;3275000;6885000;2.8;4.2;1;3.7;300;6.81
;;;Parkano;1060;20100119;2010;1;19;3275000;6885000;2.3;3.4;1.6;5.3;252;6.81
;;;Parkano;1060;20100120;2010;1;20;3275000;6885000;1.2;1.9;0.6;5.7;301;6.44
;;;Parkano;1060;20100121;2010;1;21;3275000;6885000;-0.1;1.8;-0.5;2;654;5.72
;;;Parkano;1060;20100122;2010;1;22;3275000;6885000;-2.6;-0.4;-4.2;0.9;442;4.89
;;;Parkano;1060;20100123;2010;1;23;3275000;6885000;-2.7;-2.1;-3.6;0.1;507;4.59
;;;Parkano;1060;20100124;2010;1;24;3275000;6885000;-3.7;-2;-6;0.1;835;4.09
;;;Parkano;1060;20100125;2010;1;25;3275000;6885000;-1.6;2.5;-7.4;4.6;369;5.21
;;;Parkano;1060;20100126;2010;1;26;3275000;6885000;0;2.6;-0.9;0.8;1607;5.69
;;;Parkano;1060;20100127;2010;1;27;3275000;6885000;-1.2;0.1;-3.2;0.7;1097;5.37
;;;Parkano;1060;20100128;2010;1;28;3275000;6885000;-4.5;-2.2;-6.7;0;2153;4.09
;;;Parkano;1060;20100129;2010;1;29;3275000;6885000;-5.1;-0.5;-13.5;0.1;781;4.02
;;;Parkano;1060;20100130;2010;1;30;3275000;6885000;0.8;2.5;-1.6;0;658;6.28
;;;Parkano;1060;20100131;2010;1;31;3275000;6885000;-1.9;2.4;-3.2;2.3;568;5.12
;;;Parkano;1060;20100201;2010;2;1;3275000;6885000;-3.5;-0.8;-7.9;0;2519;4.47
;;;Parkano;1060;20100202;2010;2;2;3275000;6885000;-0.1;0.5;-3.7;2.7;737;5.61
;;;Parkano;1060;20100203;2010;2;3;3275000;6885000;0.6;1.6;-0.3;12.4;834;6.24
;;;Parkano;1060;20100204;2010;2;4;3275000;6885000;-3.1;0.5;-5.9;1.2;1784;4.64
;;;Parkano;1060;20100205;2010;2;5;3275000;6885000;-3.2;-0.8;-6.7;0.1;1026;4.68
;;;Parkano;1060;20100206;2010;2;6;3275000;6885000;-0.4;0.6;-1.7;0;703;5.84
;;;Parkano;1060;20100207;2010;2;7;3275000;6885000;0.1;0.5;-0.5;1.5;866;5.9
;;;Parkano;1060;20100208;2010;2;8;3275000;6885000;0.3;0.8;-0.1;2.8;905;6.01
;;;Parkano;1060;20100209;2010;2;9;3275000;6885000;0.2;1.2;-0.4;0.9;1656;6.06
;;;Parkano;1060;20100210;2010;2;10;3275000;6885000;1.4;2.5;-0.8;0.8;1012;6.68
;;;Parkano;1060;20100211;2010;2;11;3275000;6885000;1.2;1.9;0.9;0;950;6.57
;;;Parkano;1060;20100212;2010;2;12;3275000;6885000;0.1;1.6;-1.2;0;1558;6.15
;;;Parkano;1060;20100213;2010;2;13;3275000;6885000;-2.4;0.1;-4.2;0.3;2705;5.08
;;;Parkano;1060;20100214;2010;2;14;3275000;6885000;-0.7;1.6;-2.2;0;3235;4.65
;;;Parkano;1060;20100215;2010;2;15;3275000;6885000;-4;-1.7;-5.5;0;3489;3.02
;;;Parkano;1060;20100216;2010;2;16;3275000;6885000;-7.2;-4.8;-8.4;0.1;4205;2.43
;;;Parkano;1060;20100217;2010;2;17;3275000;6885000;-8;-1.9;-16.7;2.5;2492;2.95
;;;Parkano;1060;20100218;2010;2;18;3275000;6885000;-0.8;1.5;-2.3;0;3363;5.28
;;;Parkano;1060;20100219;2010;2;19;3275000;6885000;-2.3;1.8;-7.8;0.5;3027;4.53
;;;Parkano;1060;20100220;2010;2;20;3275000;6885000;-5.7;-0.7;-10;0.8;5137;3.31
;;;Parkano;1060;20100221;2010;2;21;3275000;6885000;-1;1.9;-6.7;0;2749;5.3
;;;Parkano;1060;20100222;2010;2;22;3275000;6885000;-0.5;0.5;-1.9;10.1;1490;5.69
;;;Parkano;1060;20100223;2010;2;23;3275000;6885000;1.6;3.7;0;2.6;3467;6.08
;;;Parkano;1060;20100224;2010;2;24;3275000;6885000;-0.7;2.2;-2.8;1.8;5568;4.94
;;;Parkano;1060;20100225;2010;2;25;3275000;6885000;-0.6;2.7;-4.1;4.2;1655;5.58
;;;Parkano;1060;20100226;2010;2;26;3275000;6885000;0.9;2.8;-0.9;0.3;4220;5.38
;;;Parkano;1060;20100227;2010;2;27;3275000;6885000;-0.1;2.4;-3;4;5528;4.88
;;;Parkano;1060;20100228;2010;2;28;3275000;6885000;0.9;1.9;0.3;3.6;1828;6.41
;;;Parkano;1060;20100301;2010;3;1;3275000;6885000;-2.7;1.1;-4.2;0.4;2809;4.78
;;;Parkano;1060;20100302;2010;3;2;3275000;6885000;-3.8;0.4;-10.3;0;5754;4.3
;;;Parkano;1060;20100303;2010;3;3;3275000;6885000;-0.9;0.3;-4.2;0;2923;5.03
;;;Parkano;1060;20100304;2010;3;4;3275000;6885000;-2;0.2;-3.2;0;3035;4.45
;;;Parkano;1060;20100305;2010;3;5;3275000;6885000;-5.2;-2.7;-7;7.4;2824;3.87
;;;Parkano;1060;20100306;2010;3;6;3275000;6885000;-6.2;-4;-7.2;0.8;4152;3.42
;;;Parkano;1060;20100307;2010;3;7;3275000;6885000;-8;-2.5;-13.3;1.5;7339;2.83
;;;Parkano;1060;20100308;2010;3;8;3275000;6885000;-1.7;0.4;-10.2;2.5;3948;5.18
;;;Parkano;1060;20100309;2010;3;9;3275000;6885000;-1.8;0.5;-2.7;0.5;3006;5.07
;;;Parkano;1060;20100310;2010;3;10;3275000;6885000;-1.9;-0.1;-3.9;2.8;3317;5.05
;;;Parkano;1060;20100311;2010;3;11;3275000;6885000;1;1.4;0.1;7.2;2479;6.37
;;;Parkano;1060;20100312;2010;3;12;3275000;6885000;3;4.2;0.7;0.9;2820;7.37
;;;Parkano;1060;20100313;2010;3;13;3275000;6885000;3.2;5.4;2.1;0.1;4174;7.07
;;;Parkano;1060;20100314;2010;3;14;3275000;6885000;1.9;3.8;0.7;0;2205;6.3
;;;Parkano;1060;20100315;2010;3;15;3275000;6885000;0.5;1.5;-0.2;2.8;2583;5.85
;;;Parkano;1060;20100316;2010;3;16;3275000;6885000;0.2;1.4;-0.4;0.4;2747;6.03
;;;Parkano;1060;20100317;2010;3;17;3275000;6885000;-2.5;0.3;-3.5;0.5;3176;4.5
;;;Parkano;1060;20100318;2010;3;18;3275000;6885000;-1.8;0.1;-3.5;0.4;5082;4.7
;;;Parkano;1060;20100319;2010;3;19;3275000;6885000;-0.7;1.3;-2.5;1.6;3624;5.19
;;;Parkano;1060;20100320;2010;3;20;3275000;6885000;-1;0.6;-4.9;1.4;5712;5
;;;Parkano;1060;20100321;2010;3;21;3275000;6885000;-2.7;-0.4;-3.4;0.5;6521;4.07
;;;Parkano;1060;20100322;2010;3;22;3275000;6885000;-6.7;-2.8;-9.3;0;9952;2.78
;;;Parkano;1060;20100323;2010;3;23;3275000;6885000;-10.4;-4.4;-16.7;0;12247;1.79
;;;Parkano;1060;20100324;2010;3;24;3275000;6885000;-9.9;-3.4;-17.4;0.1;12309;1.62
;;;Parkano;1060;20100325;2010;3;25;3275000;6885000;-7.8;-3.6;-12.4;0.1;7625;2.48
;;;Parkano;1060;20100326;2010;3;26;3275000;6885000;-8.7;-2.6;-14;0;11035;2.43
;;;Parkano;1060;20100327;2010;3;27;3275000;6885000;-3.7;1.8;-12.6;0.4;11884;3.13
;;;Parkano;1060;20100328;2010;3;28;3275000;6885000;-4;-1.9;-5;5.5;4034;3.27
;;;Parkano;1060;20100329;2010;3;29;3275000;6885000;-3.5;-0.6;-5.2;4.1;8716;4.08
;;;Parkano;1060;20100330;2010;3;30;3275000;6885000;-0.7;3.6;-5.3;0;13715;3.79
;;;Parkano;1060;20100331;2010;3;31;3275000;6885000;2.2;6.3;-2.7;0;12291;4.34
;;;Parkano;1060;20100401;2010;4;1;3275000;6885000;3.2;6;1.1;0.1;4872;6.21
;;;Parkano;1060;20100402;2010;4;2;3275000;6885000;5.6;11.3;1;0;11653;6.58
;;;Parkano;1060;20100403;2010;4;3;3275000;6885000;5.1;9.5;3.5;0;9498;6.64
;;;Parkano;1060;20100404;2010;4;4;3275000;6885000;4.9;12.6;-1.8;0;11510;5.54
;;;Parkano;1060;20100405;2010;4;5;3275000;6885000;4;11.1;-2.7;0;10221;4.7
;;;Parkano;1060;20100406;2010;4;6;3275000;6885000;1.4;6.8;-0.5;0;8427;5.87
;;;Parkano;1060;20100407;2010;4;7;3275000;6885000;2.8;5.8;1;1;4669;6.81
;;;Parkano;1060;20100408;2010;4;8;3275000;6885000;3.1;6;0.2;2.5;7261;6.94
;;;Parkano;1060;20100409;2010;4;9;3275000;6885000;3.8;4.8;3;3.2;1935;7.8
;;;Parkano;1060;20100410;2010;4;10;3275000;6885000;2.9;4.6;1.9;8.4;2751;7.44
;;;Parkano;1060;20100411;2010;4;11;3275000;6885000;1.1;2.4;0.4;3.4;2245;6.63
;;;Parkano;1060;20100412;2010;4;12;3275000;6885000;0.9;3.6;-0.7;1.1;6705;6.34
;;;Parkano;1060;20100413;2010;4;13;3275000;6885000;1.3;3.2;0.3;0;4942;6.28
;;;Parkano;1060;20100414;2010;4;14;3275000;6885000;2.8;7.2;-1.1;2.2;10846;5.77
;;;Parkano;1060;20100415;2010;4;15;3275000;6885000;0.2;4.8;-0.4;11;2565;5.82
;;;Parkano;1060;20100416;2010;4;16;3275000;6885000;-0.6;2.4;-2.1;0.7;10237;5.38
;;;Parkano;1060;20100417;2010;4;17;3275000;6885000;2.4;7.2;-1.9;0.7;8381;6.66
;;;Parkano;1060;20100418;2010;4;18;3275000;6885000;4;9.7;-1.6;0;14381;5.98
;;;Parkano;1060;20100419;2010;4;19;3275000;6885000;4.1;9.5;-2.3;0;19894;4.42
;;;Parkano;1060;20100420;2010;4;20;3275000;6885000;4;10.5;-2;0;17793;4.93
;;;Parkano;1060;20100421;2010;4;21;3275000;6885000;3;6.7;0.4;0;19531;4.23
;;;Parkano;1060;20100422;2010;4;22;3275000;6885000;2.4;8.4;-5;0;15179;4.23
;;;Parkano;1060;20100423;2010;4;23;3275000;6885000;4.1;9.9;-1.6;0;12104;4.8
;;;Parkano;1060;20100424;2010;4;24;3275000;6885000;4.2;10.7;-4.5;0;21063;4.03
;;;Parkano;1060;20100425;2010;4;25;3275000;6885000;4.5;12.1;-3.8;0;20646;4.96
;;;Parkano;1060;20100426;2010;4;26;3275000;6885000;4.5;12.1;-2.7;0;19261;4.96
;;;Parkano;1060;20100427;2010;4;27;3275000;6885000;6.5;14.9;-3.6;0;20571;5.06
;;;Parkano;1060;20100428;2010;4;28;3275000;6885000;8.5;16.4;-0.4;0;20734;5.81
;;;Parkano;1060;20100429;2010;4;29;3275000;6885000;8.3;13.6;2.7;0;9353;8.34
;;;Parkano;1060;20100430;2010;4;30;3275000;6885000;9.7;14;4.5;0.2;6654;10.26
;;;Parkano;1060;20100501;2010;5;1;3275000;6885000;11.9;18.5;6.3;0;13493;10.05
;;;Parkano;1060;20100502;2010;5;2;3275000;6885000;14.5;21;5.7;0;19124;9.06
;;;Parkano;1060;20100503;2010;5;3;3275000;6885000;13.6;19.2;6.5;0;13065;9.26
;;;Parkano;1060;20100504;2010;5;4;3275000;6885000;15.5;21.4;9.3;0;15037;9.38
;;;Parkano;1060;20100505;2010;5;5;3275000;6885000;15.7;23.2;7.8;0;19767;8.99
;;;Parkano;1060;20100506;2010;5;6;3275000;6885000;12.5;18.8;5.3;0;21793;9.37
;;;Parkano;1060;20100507;2010;5;7;3275000;6885000;6.3;13.6;5;0.1;14429;6.68
;;;Parkano;1060;20100508;2010;5;8;3275000;6885000;3.8;11.3;-3.3;0.6;20505;5.25
;;;Parkano;1060;20100509;2010;5;9;3275000;6885000;7.4;12.5;2.4;1.7;10951;8.76
;;;Parkano;1060;20100510;2010;5;10;3275000;6885000;9;14.4;1.4;0.1;16008;7.77
;;;Parkano;1060;20100511;2010;5;11;3275000;6885000;12.5;19.1;5.9;0;21757;8.97
;;;Parkano;1060;20100512;2010;5;12;3275000;6885000;12.4;19.8;4.8;0;22649;8.19
;;;Parkano;1060;20100513;2010;5;13;3275000;6885000;12.9;22.3;2.9;0.2;20034;7.97
;;;Parkano;1060;20100514;2010;5;14;3275000;6885000;6.1;14.1;2.9;0;20819;5.15
;;;Parkano;1060;20100515;2010;5;15;3275000;6885000;3.3;7.9;-3;0.3;21712;4.14
;;;Parkano;1060;20100516;2010;5;16;3275000;6885000;3.3;8.8;-5.3;0;17659;4.71
;;;Parkano;1060;20100517;2010;5;17;3275000;6885000;3.7;9.5;-2.6;0.1;20340;4.73
;;;Parkano;1060;20100518;2010;5;18;3275000;6885000;4.6;10.2;-2.4;0.1;19954;4.73
;;;Parkano;1060;20100519;2010;5;19;3275000;6885000;5.4;11.2;-1.5;2.7;20642;4.36
;;;Parkano;1060;20100520;2010;5;20;3275000;6885000;4;9.3;1.5;0.3;8831;5.82
;;;Parkano;1060;20100521;2010;5;21;3275000;6885000;4.4;9.8;-2;0.1;18249;5.11
;;;Parkano;1060;20100522;2010;5;22;3275000;6885000;5.4;12.6;-2.9;1.1;18304;5.72
;;;Parkano;1060;20100523;2010;5;23;3275000;6885000;7.3;12.2;1.5;1.5;15979;7.55
;;;Parkano;1060;20100524;2010;5;24;3275000;6885000;9.2;15.1;0.3;0.2;19017;6.92
;;;Parkano;1060;20100525;2010;5;25;3275000;6885000;10.9;16.1;5.5;0;18835;6.9
;;;Parkano;1060;20100526;2010;5;26;3275000;6885000;11.1;17.3;2.6;0.2;24732;6.13
;;;Parkano;1060;20100527;2010;5;27;3275000;6885000;12;18.6;3.7;0;23751;6.07
;;;Parkano;1060;20100528;2010;5;28;3275000;6885000;9.7;16.6;4.8;0;21178;6.74
;;;Parkano;1060;20100529;2010;5;29;3275000;6885000;7.2;12.4;0.5;0;20032;5.41
;;;Parkano;1060;20100530;2010;5;30;3275000;6885000;10;17.3;-1.1;0;27265;6.42
;;;Parkano;1060;20100531;2010;5;31;3275000;6885000;13;19.9;2.6;0;27692;7.49
;;;Parkano;1060;20100601;2010;6;1;3275000;6885000;14.6;23.6;4.5;0.1;27012;7.64
;;;Parkano;1060;20100602;2010;6;2;3275000;6885000;15.7;24.4;5;0;28299;7.27
;;;Parkano;1060;20100603;2010;6;3;3275000;6885000;17.4;25;4.6;0.4;22301;9.1
;;;Parkano;1060;20100604;2010;6;4;3275000;6885000;14.8;22.2;12.6;0;18743;10.3
;;;Parkano;1060;20100605;2010;6;5;3275000;6885000;15.2;20.8;8.5;0;26897;8.64
;;;Parkano;1060;20100606;2010;6;6;3275000;6885000;16;23.7;5.3;0;27487;8.43
;;;Parkano;1060;20100607;2010;6;7;3275000;6885000;17;24.2;5.7;0;27953;7.63
;;;Parkano;1060;20100608;2010;6;8;3275000;6885000;18.2;26;8.3;0;24667;10.24
;;;Parkano;1060;20100609;2010;6;9;3275000;6885000;15.6;21.1;8.9;0;27861;7.81
;;;Parkano;1060;20100610;2010;6;10;3275000;6885000;16.3;22.6;9.1;9.5;21616;11.66
;;;Parkano;1060;20100611;2010;6;11;3275000;6885000;11.8;19.1;9.9;0.6;9975;11.38
;;;Parkano;1060;20100612;2010;6;12;3275000;6885000;11.1;15.6;8.6;4.6;7334;11.77
;;;Parkano;1060;20100613;2010;6;13;3275000;6885000;7.7;11.3;5.5;0.9;8304;9.08
;;;Parkano;1060;20100614;2010;6;14;3275000;6885000;8.1;12.2;4.8;0.4;14745;7.75
;;;Parkano;1060;20100615;2010;6;15;3275000;6885000;10.1;15.4;4;0.4;18089;8.96
;;;Parkano;1060;20100616;2010;6;16;3275000;6885000;13;18.6;2.9;5.8;20830;9.08
;;;Parkano;1060;20100617;2010;6;17;3275000;6885000;11.3;15.2;9.8;0.6;10567;12.05
;;;Parkano;1060;20100618;2010;6;18;3275000;6885000;11.9;17.2;6.4;7.1;21405;11.4
;;;Parkano;1060;20100619;2010;6;19;3275000;6885000;11;13.6;7.8;12.5;9515;12.31
;;;Parkano;1060;20100620;2010;6;20;3275000;6885000;12;14.9;10.2;0.9;9826;12.74
;;;Parkano;1060;20100621;2010;6;21;3275000;6885000;14.2;18.7;8;0.5;25649;11.12
;;;Parkano;1060;20100622;2010;6;22;3275000;6885000;14.1;19;11.1;5.2;13469;12.93
;;;Parkano;1060;20100623;2010;6;23;3275000;6885000;12.7;16.2;10;5;18292;11.66
;;;Parkano;1060;20100624;2010;6;24;3275000;6885000;13.4;18;8.6;0.5;22937;11.34
;;;Parkano;1060;20100625;2010;6;25;3275000;6885000;11.6;16.6;7.7;10.9;5546;12.87
;;;Parkano;1060;20100626;2010;6;26;3275000;6885000;12.2;15.2;10.5;2.6;10947;12.77
;;;Parkano;1060;20100627;2010;6;27;3275000;6885000;10.6;13.4;7.5;0.3;16152;8.13
;;;Parkano;1060;20100628;2010;6;28;3275000;6885000;11;14.4;6.7;0.2;23869;8
;;;Parkano;1060;20100629;2010;6;29;3275000;6885000;14.4;20.4;7.7;0.2;27013;8.18
;;;Parkano;1060;20100630;2010;6;30;3275000;6885000;13.2;22;5.2;8.5;20933;10.78
;;;Parkano;1060;20100701;2010;7;1;3275000;6885000;13.4;16.8;10.9;3.7;11722;13.04
;;;Parkano;1060;20100702;2010;7;2;3275000;6885000;13.9;19.4;8.8;3.2;17065;13.66
;;;Parkano;1060;20100703;2010;7;3;3275000;6885000;15.5;20.4;9.8;2.7;16822;14.21
;;;Parkano;1060;20100704;2010;7;4;3275000;6885000;14.7;18.7;12.5;0.2;22480;11.07
;;;Parkano;1060;20100705;2010;7;5;3275000;6885000;16.2;21.9;8.3;0;18931;13.72
;;;Parkano;1060;20100706;2010;7;6;3275000;6885000;20.5;26.3;13.9;0.1;27463;12.65
;;;Parkano;1060;20100707;2010;7;7;3275000;6885000;11.9;23;6.1;0.1;19756;9.32
;;;Parkano;1060;20100708;2010;7;8;3275000;6885000;10;14.8;0.3;0.1;19319;8.83
;;;Parkano;1060;20100709;2010;7;9;3275000;6885000;9.4;13.9;3.7;0.1;14864;8.87
;;;Parkano;1060;20100710;2010;7;10;3275000;6885000;12.7;19;4.5;0.1;24080;8.93
;;;Parkano;1060;20100711;2010;7;11;3275000;6885000;11.1;18;9.2;1.5;8574;11.37
;;;Parkano;1060;20100712;2010;7;12;3275000;6885000;12.7;18.6;9.3;0.1;15143;12.29
;;;Parkano;1060;20100713;2010;7;13;3275000;6885000;13.3;20.6;4.3;23.1;18295;12.83
;;;Parkano;1060;20100714;2010;7;14;3275000;6885000;16.1;19.4;13.8;1.2;15303;15.65
;;;Parkano;1060;20100715;2010;7;15;3275000;6885000;16;21;10.9;4.7;18899;14.12
;;;Parkano;1060;20100716;2010;7;16;3275000;6885000;16.9;20.5;12.3;0;21015;12.54
;;;Parkano;1060;20100717;2010;7;17;3275000;6885000;16.7;20.6;13.1;1.4;20437;13.98
;;;Parkano;1060;20100718;2010;7;18;3275000;6885000;16.2;20.2;14.5;1.5;16349;15.15
;;;Parkano;1060;20100719;2010;7;19;3275000;6885000;14.6;18.6;11.3;2.1;17631;13.27
;;;Parkano;1060;20100720;2010;7;20;3275000;6885000;13.6;18.3;8.7;7.2;19523;13.28
;;;Parkano;1060;20100721;2010;7;21;3275000;6885000;15.2;19.2;10.9;2.8;16025;15.09
;;;Parkano;1060;20100722;2010;7;22;3275000;6885000;17.1;22.5;10.1;0.3;16816;14.02
;;;Parkano;1060;20100723;2010;7;23;3275000;6885000;13.9;19.2;13.2;30.6;4242;14.97
;;;Parkano;1060;20100724;2010;7;24;3275000;6885000;13.4;14.1;12.7;4.9;5069;14.9
;;;Parkano;1060;20100725;2010;7;25;3275000;6885000;15.6;19.7;11.8;0;25640;12.85
;;;Parkano;1060;20100726;2010;7;26;3275000;6885000;17.3;22.4;11.3;0;26139;13.63
;;;Parkano;1060;20100727;2010;7;27;3275000;6885000;19.3;26.1;10.4;0;24814;14.76
;;;Parkano;1060;20100728;2010;7;28;3275000;6885000;19.7;26.6;11.2;0.1;24925;13.82
;;;Parkano;1060;20100729;2010;7;29;3275000;6885000;17.6;23.9;10.8;0;25699;11.06
;;;Parkano;1060;20100730;2010;7;30;3275000;6885000;16.3;22.1;8.1;0;22875;11.58
;;;Parkano;1060;20100731;2010;7;31;3275000;6885000;16.5;21.8;9.7;0;25330;10.76
;;;Parkano;1060;20100801;2010;8;1;3275000;6885000;16.2;23;7.3;0.1;25118;10.48
;;;Parkano;1060;20100802;2010;8;2;3275000;6885000;17.3;24.8;7.8;0.2;22914;13.18
;;;Parkano;1060;20100803;2010;8;3;3275000;6885000;15;22.1;12.9;0;17302;13.49
;;;Parkano;1060;20100804;2010;8;4;3275000;6885000;12;18.5;3.8;0;22222;9.27
;;;Parkano;1060;20100805;2010;8;5;3275000;6885000;12.9;17.9;7.6;0.7;11637;11.79
;;;Parkano;1060;20100806;2010;8;6;3275000;6885000;12.5;16.7;9.4;0;15110;10.39
;;;Parkano;1060;20100807;2010;8;7;3275000;6885000;12.4;17.7;7.5;0;19852;8.66
;;;Parkano;1060;20100808;2010;8;8;3275000;6885000;11.3;14.8;6.8;0;11312;8.79
;;;Parkano;1060;20100809;2010;8;9;3275000;6885000;11.8;16.9;2.9;15.8;10607;10.6
;;;Parkano;1060;20100810;2010;8;10;3275000;6885000;13.5;15.4;11.3;9.2;3457;15.34
;;;Parkano;1060;20100811;2010;8;11;3275000;6885000;13.8;18.6;10.8;3.5;14760;12.21
;;;Parkano;1060;20100812;2010;8;12;3275000;6885000;12.4;16.5;8.7;7.1;13180;12.21
;;;Parkano;1060;20100813;2010;8;13;3275000;6885000;13.7;17.3;8.8;8.9;9056;14.14
;;;Parkano;1060;20100814;2010;8;14;3275000;6885000;16.2;20.3;12.8;0.6;14786;14.8
;;;Parkano;1060;20100815;2010;8;15;3275000;6885000;15.4;18.9;11.1;3.9;6752;15.94
;;;Parkano;1060;20100816;2010;8;16;3275000;6885000;14.9;18.9;13.1;5;12900;14.52
;;;Parkano;1060;20100817;2010;8;17;3275000;6885000;15;18.7;12.6;0.1;15236;13.92
;;;Parkano;1060;20100818;2010;8;18;3275000;6885000;11.9;16.2;7.2;4.6;6758;12.69
;;;Parkano;1060;20100819;2010;8;19;3275000;6885000;14.1;16.7;12.1;11.1;6914;14.5
;;;Parkano;1060;20100820;2010;8;20;3275000;6885000;16.4;19.6;14.3;3.1;7976;16.92
;;;Parkano;1060;20100821;2010;8;21;3275000;6885000;13.9;16.5;13.1;1.6;6313;15.09
;;;Parkano;1060;20100822;2010;8;22;3275000;6885000;14.9;18.5;12.8;8.9;7455;15.96
;;;Parkano;1060;20100823;2010;8;23;3275000;6885000;14.7;17.6;10.7;16.6;7930;15.99
;;;Parkano;1060;20100824;2010;8;24;3275000;6885000;13.7;15.8;13.2;1.9;8342;14.31
;;;Parkano;1060;20100825;2010;8;25;3275000;6885000;13.2;17.1;10;0;16291;11.51
;;;Parkano;1060;20100826;2010;8;26;3275000;6885000;11.9;18.5;5.6;0.1;14864;10.88
;;;Parkano;1060;20100827;2010;8;27;3275000;6885000;12.2;17.8;6.7;0;14293;11.38
;;;Parkano;1060;20100828;2010;8;28;3275000;6885000;11.5;15.1;8.3;0;9100;11.37
;;;Parkano;1060;20100829;2010;8;29;3275000;6885000;11.8;16.1;6.8;0.1;11966;11.53
;;;Parkano;1060;20100830;2010;8;30;3275000;6885000;10.6;13.4;9.8;27.6;3630;12.49
;;;Parkano;1060;20100831;2010;8;31;3275000;6885000;9.7;13.3;8.1;0;10114;9.72
;;;Parkano;1060;20100901;2010;9;1;3275000;6885000;9.4;14.7;6.1;2.6;10614;10.12
;;;Parkano;1060;20100902;2010;9;2;3275000;6885000;6.5;11.2;2.3;0;16181;7.18
;;;Parkano;1060;20100903;2010;9;3;3275000;6885000;8.4;15.6;0.4;0;11456;9.02
;;;Parkano;1060;20100904;2010;9;4;3275000;6885000;6;10.8;0.9;4.8;6248;8.57
;;;Parkano;1060;20100905;2010;9;5;3275000;6885000;12.2;14.8;7.8;9.9;3795;14.04
;;;Parkano;1060;20100906;2010;9;6;3275000;6885000;12.8;15.5;11.4;1.7;10345;12.55
;;;Parkano;1060;20100907;2010;9;7;3275000;6885000;12.9;15.4;10.4;17.4;7651;13.44
;;;Parkano;1060;20100908;2010;9;8;3275000;6885000;12;14.5;10.3;0.1;9472;12.35
;;;Parkano;1060;20100909;2010;9;9;3275000;6885000;10.8;15.9;6.5;0;12594;10.17
;;;Parkano;1060;20100910;2010;9;10;3275000;6885000;8.8;15.5;2.2;0;11326;8.2
;;;Parkano;1060;20100911;2010;9;11;3275000;6885000;10.3;13.4;4.3;0;8437;9.06
;;;Parkano;1060;20100912;2010;9;12;3275000;6885000;8;12.8;3.6;0;12598;8.18
;;;Parkano;1060;20100913;2010;9;13;3275000;6885000;5.9;10.5;0.8;0;12489;6.99
;;;Parkano;1060;20100914;2010;9;14;3275000;6885000;4.8;10.1;-1.1;0;11600;6.75
;;;Parkano;1060;20100915;2010;9;15;3275000;6885000;5.6;8.3;2.5;0;5417;7.03
;;;Parkano;1060;20100916;2010;9;16;3275000;6885000;5.7;7.3;2.7;0;3775;7.25
;;;Parkano;1060;20100917;2010;9;17;3275000;6885000;5.9;7.2;4.8;0;3390;7.37
;;;Parkano;1060;20100918;2010;9;18;3275000;6885000;5.5;6.4;4.9;0;2086;7.32
;;;Parkano;1060;20100919;2010;9;19;3275000;6885000;4.5;5.7;3.8;0.2;2369;7.18
;;;Parkano;1060;20100920;2010;9;20;3275000;6885000;6.1;8.4;3.9;0.1;5118;8.14
;;;Parkano;1060;20100921;2010;9;21;3275000;6885000;7;10;3.3;0.5;6174;8.08
;;;Parkano;1060;20100922;2010;9;22;3275000;6885000;7.9;10.3;5.8;1.7;3572;10.15
;;;Parkano;1060;20100923;2010;9;23;3275000;6885000;8.1;13.1;4.5;0;5630;9.97
;;;Parkano;1060;20100924;2010;9;24;3275000;6885000;6.3;12.5;0.3;0;6875;8.92
;;;Parkano;1060;20100925;2010;9;25;3275000;6885000;8.3;16.1;2.6;0;9459;9.73
;;;Parkano;1060;20100926;2010;9;26;3275000;6885000;7.6;14.4;1.8;0;9076;9.35
;;;Parkano;1060;20100927;2010;9;27;3275000;6885000;8.1;15;3.6;0.1;9597;9.36
;;;Parkano;1060;20100928;2010;9;28;3275000;6885000;7.5;12.5;1.6;0;4737;9.8
;;;Parkano;1060;20100929;2010;9;29;3275000;6885000;7.9;12.9;0.1;0.3;4461;9.25
;;;Parkano;1060;20100930;2010;9;30;3275000;6885000;8.7;11.6;5.3;0.1;7044;8.32
;;;Parkano;1060;20101001;2010;10;1;3275000;6885000;5.6;10;3.4;0;8530;7.22
;;;Parkano;1060;20101002;2010;10;2;3275000;6885000;4.4;11.1;-0.8;0;8138;6.99
;;;Parkano;1060;20101003;2010;10;3;3275000;6885000;6.6;8.5;1.5;5.3;2156;9.27
;;;Parkano;1060;20101004;2010;10;4;3275000;6885000;7.2;8.2;6.5;2.9;1718;9.44
;;;Parkano;1060;20101005;2010;10;5;3275000;6885000;5.3;7.7;2.5;0.4;2752;8.26
;;;Parkano;1060;20101006;2010;10;6;3275000;6885000;6.6;9.5;3.8;0;3958;9.16
;;;Parkano;1060;20101007;2010;10;7;3275000;6885000;7.6;9.5;2.9;15.2;3110;9.47
;;;Parkano;1060;20101008;2010;10;8;3275000;6885000;7.3;9.3;4;0.1;5182;8.52
;;;Parkano;1060;20101009;2010;10;9;3275000;6885000;6;9.5;3.7;0;7911;7.56
;;;Parkano;1060;20101010;2010;10;10;3275000;6885000;3.7;10.1;-1.8;0;6788;7.34
;;;Parkano;1060;20101011;2010;10;11;3275000;6885000;5.2;8.4;-0.1;1.8;2685;8.58
;;;Parkano;1060;20101012;2010;10;12;3275000;6885000;7.9;11.7;4.6;0.3;5981;9.47
;;;Parkano;1060;20101013;2010;10;13;3275000;6885000;8.9;11.3;4.9;7.4;1598;11.1
;;;Parkano;1060;20101014;2010;10;14;3275000;6885000;7.6;11.5;3.7;0.1;6807;8.99
;;;Parkano;1060;20101015;2010;10;15;3275000;6885000;6.5;8.8;2.5;0.4;3633;8.85
;;;Parkano;1060;20101016;2010;10;16;3275000;6885000;7.6;10.7;4.2;0.3;4597;9.31
;;;Parkano;1060;20101017;2010;10;17;3275000;6885000;5.2;9.5;1.9;0;4940;7.94
;;;Parkano;1060;20101018;2010;10;18;3275000;6885000;5.3;8.9;-0.5;17.1;873;8.93
;;;Parkano;1060;20101019;2010;10;19;3275000;6885000;4.6;8.7;3;2.1;2060;8.16
;;;Parkano;1060;20101020;2010;10;20;3275000;6885000;3.8;6.2;0.6;1;4253;7.23
;;;Parkano;1060;20101021;2010;10;21;3275000;6885000;5.2;7.8;0.3;2.5;1672;8.79
;;;Parkano;1060;20101022;2010;10;22;3275000;6885000;6;9.1;0;0.9;3047;8.79
;;;Parkano;1060;20101023;2010;10;23;3275000;6885000;9.4;10.4;7;14.5;619;10.97
;;;Parkano;1060;20101024;2010;10;24;3275000;6885000;6.7;8.9;5.1;0.1;2937;8.04
;;;Parkano;1060;20101025;2010;10;25;3275000;6885000;4.5;7.4;1;2.2;4392;7.52
;;;Parkano;1060;20101026;2010;10;26;3275000;6885000;8.1;9.5;3.6;3.7;426;10.04
;;;Parkano;1060;20101027;2010;10;27;3275000;6885000;8.4;9.8;6.9;17.5;2823;9.25
;;;Parkano;1060;20101028;2010;10;28;3275000;6885000;7.7;8.7;6.4;18.6;507;9.87
;;;Parkano;1060;20101029;2010;10;29;3275000;6885000;6.4;8.4;4.5;1.9;2065;9.08
;;;Parkano;1060;20101030;2010;10;30;3275000;6885000;3.3;5.8;1.9;6.4;2037;7.42
;;;Parkano;1060;20101031;2010;10;31;3275000;6885000;2.5;5;1.1;0;2590;7.05
;;;Parkano;1060;20101101;2010;11;1;3275000;6885000;1.5;2.9;-0.4;15.2;1257;6.76
;;;Parkano;1060;20101102;2010;11;2;3275000;6885000;1.7;3.4;0.8;5;541;6.78
;;;Parkano;1060;20101103;2010;11;3;3275000;6885000;-0.3;1.1;-2.1;0.1;1887;5.7
;;;Parkano;1060;20101104;2010;11;4;3275000;6885000;0.3;2.5;-2.9;0.1;3239;6.08
;;;Parkano;1060;20101105;2010;11;5;3275000;6885000;3.3;6.1;1.1;0;2053;7.25
;;;Parkano;1060;20101106;2010;11;6;3275000;6885000;4.4;7.2;2;0;2160;8.04
;;;Parkano;1060;20101107;2010;11;7;3275000;6885000;2.6;6.4;-0.1;0;2827;6.27
;;;Parkano;1060;20101108;2010;11;8;3275000;6885000;-2.1;2.1;-4.9;0;3910;4.77
;;;Parkano;1060;20101109;2010;11;9;3275000;6885000;0.4;2.9;-4;0;1914;5.96
;;;Parkano;1060;20101110;2010;11;10;3275000;6885000;0.7;1.8;-0.5;8.5;273;6.26
;;;Parkano;1060;20101111;2010;11;11;3275000;6885000;4.8;6.1;1.7;8.3;236;8.59
;;;Parkano;1060;20101112;2010;11;12;3275000;6885000;5.8;7.4;4.6;12.1;1356;8.43
;;;Parkano;1060;20101113;2010;11;13;3275000;6885000;3.9;6.6;2.9;1.8;654;7.6
;;;Parkano;1060;20101114;2010;11;14;3275000;6885000;3.5;4.7;2.2;12.1;558;7.67
;;;Parkano;1060;20101115;2010;11;15;3275000;6885000;3.9;4.7;2.7;5;477;8.02
;;;Parkano;1060;20101116;2010;11;16;3275000;6885000;1.8;4.1;0.4;1.5;583;6.79
;;;Parkano;1060;20101117;2010;11;17;3275000;6885000;3.1;3.9;2.2;8.1;457;7.6
;;;Parkano;1060;20101118;2010;11;18;3275000;6885000;-0.1;2.1;-1.6;0.6;521;5.7
;;;Parkano;1060;20101119;2010;11;19;3275000;6885000;-1.3;0;-3.3;0;2395;4.79
;;;Parkano;1060;20101120;2010;11;20;3275000;6885000;1.6;3.7;-1.4;6.1;465;6.29
;;;Parkano;1060;20101121;2010;11;21;3275000;6885000;-1;1.6;-3.2;4.3;1380;5.32
;;;Parkano;1060;20101122;2010;11;22;3275000;6885000;-3.7;-0.8;-6.4;0.9;976;4.59
;;;Parkano;1060;20101123;2010;11;23;3275000;6885000;-3;-1.1;-7.5;1;701;4.68
;;;Parkano;1060;20101124;2010;11;24;3275000;6885000;-3.3;-2;-3.9;0.1;650;4.58
;;;Parkano;1060;20101125;2010;11;25;3275000;6885000;-5;-3.2;-7.3;7.7;355;3.97
;;;Parkano;1060;20101126;2010;11;26;3275000;6885000;-1.5;-0.6;-3.4;0.1;889;4.71
;;;Parkano;1060;20101127;2010;11;27;3275000;6885000;-1.3;-0.3;-2.2;0;531;5.16
;;;Parkano;1060;20101128;2010;11;28;3275000;6885000;-1.7;0.3;-3.5;3.4;328;5.14
;;;Parkano;1060;20101129;2010;11;29;3275000;6885000;-0.5;2.2;-5.7;1;340;5.8
;;;Parkano;1060;20101130;2010;11;30;3275000;6885000;3;5.7;-0.2;0;1003;6.91
;;;Parkano;1060;20101201;2010;12;1;3275000;6885000;2;2.7;-0.5;0.6;404;6.95
;;;Parkano;1060;20101202;2010;12;2;3275000;6885000;1.2;2.8;0.3;7.1;247;6.5
;;;Parkano;1060;20101203;2010;12;3;3275000;6885000;2.6;3;0.5;1.6;127;7.23
;;;Parkano;1060;20101204;2010;12;4;3275000;6885000;2.1;3.1;0.6;2.5;244;6.99
;;;Parkano;1060;20101205;2010;12;5;3275000;6885000;2.6;3.9;1.5;2.4;179;7.1
;;;Parkano;1060;20101206;2010;12;6;3275000;6885000;0.9;2.3;-0.4;4.2;147;6.25
;;;Parkano;1060;20101207;2010;12;7;3275000;6885000;-0.3;0.3;-1.3;0.5;281;5.84
;;;Parkano;1060;20101208;2010;12;8;3275000;6885000;-2.2;-0.9;-3.1;0;121;4.85
;;;Parkano;1060;20101209;2010;12;9;3275000;6885000;-3.8;-2.5;-4.9;0;208;4.43
;;;Parkano;1060;20101210;2010;12;10;3275000;6885000;-0.9;0.7;-4.5;5.4;247;5.61
;;;Parkano;1060;20101211;2010;12;11;3275000;6885000;0.5;1.4;0.1;1.2;196;6.32
;;;Parkano;1060;20101212;2010;12;12;3275000;6885000;-0.8;0.4;-2.1;1.1;182;5.67
;;;Parkano;1060;20101213;2010;12;13;3275000;6885000;-3;-1.3;-5;1.1;284;4.66
;;;Parkano;1060;20101214;2010;12;14;3275000;6885000;0.3;0.5;-1.8;1.4;116;5.96
;;;Parkano;1060;20101215;2010;12;15;3275000;6885000;0.9;2.3;-0.8;0.3;125;6.34
;;;Parkano;1060;20101216;2010;12;16;3275000;6885000;0.1;1.4;-1.3;0;163;5.99
;;;Parkano;1060;20101217;2010;12;17;3275000;6885000;-3.3;-0.5;-4.7;0;855;4.65
;;;Parkano;1060;20101218;2010;12;18;3275000;6885000;-2.3;-1.5;-5.2;0;133;4.85
;;;Parkano;1060;20101219;2010;12;19;3275000;6885000;-1.6;-0.7;-3;2.1;116;5.27
;;;Parkano;1060;20101220;2010;12;20;3275000;6885000;0.8;2.2;-1.4;1.8;223;6.13
;;;Parkano;1060;20101221;2010;12;21;3275000;6885000;2.8;3.4;1.9;8.7;135;7.35
;;;Parkano;1060;20101222;2010;12;22;3275000;6885000;0.9;2.5;0.1;1;231;6.3
;;;Parkano;1060;20101223;2010;12;23;3275000;6885000;0.6;1.5;-0.2;7.4;225;6.23
;;;Parkano;1060;20101224;2010;12;24;3275000;6885000;-0.5;-0.1;-0.8;3.7;183;5.84
;;;Parkano;1060;20101225;2010;12;25;3275000;6885000;-1.9;-0.4;-2.3;0.4;297;4.78
;;;Parkano;1060;20101226;2010;12;26;3275000;6885000;-3.4;-1.8;-4.6;0;323;4.12
;;;Parkano;1060;20101227;2010;12;27;3275000;6885000;-4.6;-2.8;-6.7;0.1;326;4.1
;;;Parkano;1060;20101228;2010;12;28;3275000;6885000;0.6;1.4;-3;0;688;6.38
;;;Parkano;1060;20101229;2010;12;29;3275000;6885000;-0.8;1.6;-3.3;0;637;5.54
;;;Parkano;1060;20101230;2010;12;30;3275000;6885000;-5.9;-2.5;-9.8;0;1166;3.77
;;;Parkano;1060;20101231;2010;12;31;3275000;6885000;-1.7;-0.4;-3.7;0;774;5.38
;;;Parkano;1060;20110101;2011;1;1;3275000;6885000;-0.4;0.5;-3.8;0;358;5.82
;;;Parkano;1060;20110102;2011;1;2;3275000;6885000;-0.3;1.9;-1.8;0.1;664;4.99
;;;Parkano;1060;20110103;2011;1;3;3275000;6885000;-0.4;0.2;-1.8;0.4;162;5.57
;;;Parkano;1060;20110104;2011;1;4;3275000;6885000;-3.6;-0.3;-6.6;0;314;4.1
;;;Parkano;1060;20110105;2011;1;5;3275000;6885000;-6.1;-4.7;-8.5;0;328;3.32
;;;Parkano;1060;20110106;2011;1;6;3275000;6885000;-7.7;-6.1;-9;0;1101;2.66
;;;Parkano;1060;20110107;2011;1;7;3275000;6885000;-8;-7;-9;0;745;1.92
;;;Parkano;1060;20110108;2011;1;8;3275000;6885000;-6;-4.7;-8.2;1.2;576;2.65
;;;Parkano;1060;20110109;2011;1;9;3275000;6885000;-5.5;-4.8;-6.1;5.4;325;3.75
;;;Parkano;1060;20110110;2011;1;10;3275000;6885000;-3.6;-2.1;-5;2.9;210;4.46
;;;Parkano;1060;20110111;2011;1;11;3275000;6885000;-3.6;-2.5;-4.7;2.7;273;4.45
;;;Parkano;1060;20110112;2011;1;12;3275000;6885000;0.4;1;-3.5;2.4;324;6.1
;;;Parkano;1060;20110113;2011;1;13;3275000;6885000;1.8;3.4;0;8;183;6.67
;;;Parkano;1060;20110114;2011;1;14;3275000;6885000;1;2.1;0.1;9.1;327;6.24
;;;Parkano;1060;20110115;2011;1;15;3275000;6885000;0.8;3.2;-1.2;2.6;244;6.25
;;;Parkano;1060;20110116;2011;1;16;3275000;6885000;0.9;3;-1.1;2.2;276;6.39
;;;Parkano;1060;20110117;2011;1;17;3275000;6885000;2.5;3.2;1;1.6;130;7.05
;;;Parkano;1060;20110118;2011;1;18;3275000;6885000;1.9;3.1;1.3;7.9;156;6.78
;;;Parkano;1060;20110119;2011;1;19;3275000;6885000;2.8;4.2;1;3.7;300;6.81
;;;Parkano;1060;20110120;2011;1;20;3275000;6885000;2.3;3.4;1.6;5.3;252;6.81
;;;Parkano;1060;20110121;2011;1;21;3275000;6885000;1.2;1.9;0.6;5.7;301;6.44
;;;Parkano;1060;20110122;2011;1;22;3275000;6885000;-0.1;1.8;-0.5;2;654;5.72
;;;Parkano;1060;20110123;2011;1;23;3275000;6885000;-2.6;-0.4;-4.2;0.9;442;4.89
;;;Parkano;1060;20110124;2011;1;24;3275000;6885000;-2.7;-2.1;-3.6;0.1;507;4.59
;;;Parkano;1060;20110125;2011;1;25;3275000;6885000;-3.7;-2;-6;0.1;835;4.09
;;;Parkano;1060;20110126;2011;1;26;3275000;6885000;-1.6;2.5;-7.4;4.6;369;5.21
;;;Parkano;1060;20110127;2011;1;27;3275000;6885000;0;2.6;-0.9;0.8;1607;5.69
;;;Parkano;1060;20110128;2011;1;28;3275000;6885000;-1.2;0.1;-3.2;0.7;1097;5.37
;;;Parkano;1060;20110129;2011;1;29;3275000;6885000;-4.5;-2.2;-6.7;0;2153;4.09
;;;Parkano;1060;20110130;2011;1;30;3275000;6885000;-5.1;-0.5;-13.5;0.1;781;4.02
;;;Parkano;1060;20110131;2011;1;31;3275000;6885000;0.8;2.5;-1.6;0;658;6.28
;;;Parkano;1060;20110201;2011;2;1;3275000;6885000;-1.9;2.4;-3.2;2.3;568;5.12
;;;Parkano;1060;20110202;2011;2;2;3275000;6885000;-3.5;-0.8;-7.9;0;2519;4.47
;;;Parkano;1060;20110203;2011;2;3;3275000;6885000;-0.1;0.5;-3.7;2.7;737;5.61
;;;Parkano;1060;20110204;2011;2;4;3275000;6885000;0.6;1.6;-0.3;12.4;834;6.24
;;;Parkano;1060;20110205;2011;2;5;3275000;6885000;-3.1;0.5;-5.9;1.2;1784;4.64
;;;Parkano;1060;20110206;2011;2;6;3275000;6885000;-3.2;-0.8;-6.7;0.1;1026;4.68
;;;Parkano;1060;20110207;2011;2;7;3275000;6885000;-0.4;0.6;-1.7;0;703;5.84
;;;Parkano;1060;20110208;2011;2;8;3275000;6885000;0.1;0.5;-0.5;1.5;866;5.9
;;;Parkano;1060;20110209;2011;2;9;3275000;6885000;0.3;0.8;-0.1;2.8;905;6.01
;;;Parkano;1060;20110210;2011;2;10;3275000;6885000;0.2;1.2;-0.4;0.9;1656;6.06
;;;Parkano;1060;20110211;2011;2;11;3275000;6885000;1.4;2.5;-0.8;0.8;1012;6.68
;;;Parkano;1060;20110212;2011;2;12;3275000;6885000;1.2;1.9;0.9;0;950;6.57
;;;Parkano;1060;20110213;2011;2;13;3275000;6885000;0.1;1.6;-1.2;0;1558;6.15
;;;Parkano;1060;20110214;2011;2;14;3275000;6885000;-2.4;0.1;-4.2;0.3;2705;5.08
;;;Parkano;1060;20110215;2011;2;15;3275000;6885000;-0.7;1.6;-2.2;0;3235;4.65
;;;Parkano;1060;20110216;2011;2;16;3275000;6885000;-4;-1.7;-5.5;0;3489;3.02
;;;Parkano;1060;20110217;2011;2;17;3275000;6885000;-7.2;-4.8;-8.4;0.1;4205;2.43
;;;Parkano;1060;20110218;2011;2;18;3275000;6885000;-8;-1.9;-16.7;2.5;2492;2.95
;;;Parkano;1060;20110219;2011;2;19;3275000;6885000;-0.8;1.5;-2.3;0;3363;5.28
;;;Parkano;1060;20110220;2011;2;20;3275000;6885000;-2.3;1.8;-7.8;0.5;3027;4.53
;;;Parkano;1060;20110221;2011;2;21;3275000;6885000;-5.7;-0.7;-10;0.8;5137;3.31
;;;Parkano;1060;20110222;2011;2;22;3275000;6885000;-1;1.9;-6.7;0;2749;5.3
;;;Parkano;1060;20110223;2011;2;23;3275000;6885000;-0.5;0.5;-1.9;10.1;1490;5.69
;;;Parkano;1060;20110224;2011;2;24;3275000;6885000;1.6;3.7;0;2.6;3467;6.08
;;;Parkano;1060;20110225;2011;2;25;3275000;6885000;-0.7;2.2;-2.8;1.8;5568;4.94
;;;Parkano;1060;20110226;2011;2;26;3275000;6885000;-0.6;2.7;-4.1;4.2;1655;5.58
;;;Parkano;1060;20110227;2011;2;27;3275000;6885000;0.9;2.8;-0.9;0.3;4220;5.38
;;;Parkano;1060;20110228;2011;2;28;3275000;6885000;-0.1;2.4;-3;4;5528;4.88
;;;Parkano;1060;20110301;2011;3;1;3275000;6885000;0.9;1.9;0.3;3.6;1828;6.41
;;;Parkano;1060;20110302;2011;3;2;3275000;6885000;-2.7;1.1;-4.2;0.4;2809;4.78
;;;Parkano;1060;20110303;2011;3;3;3275000;6885000;-3.8;0.4;-10.3;0;5754;4.3
;;;Parkano;1060;20110304;2011;3;4;3275000;6885000;-0.9;0.3;-4.2;0;2923;5.03
;;;Parkano;1060;20110305;2011;3;5;3275000;6885000;-2;0.2;-3.2;0;3035;4.45
;;;Parkano;1060;20110306;2011;3;6;3275000;6885000;-5.2;-2.7;-7;7.4;2824;3.87
;;;Parkano;1060;20110307;2011;3;7;3275000;6885000;-6.2;-4;-7.2;0.8;4152;3.42
;;;Parkano;1060;20110308;2011;3;8;3275000;6885000;-8;-2.5;-13.3;1.5;7339;2.83
;;;Parkano;1060;20110309;2011;3;9;3275000;6885000;-1.7;0.4;-10.2;2.5;3948;5.18
;;;Parkano;1060;20110310;2011;3;10;3275000;6885000;-1.8;0.5;-2.7;0.5;3006;5.07
;;;Parkano;1060;20110311;2011;3;11;3275000;6885000;-1.9;-0.1;-3.9;2.8;3317;5.05
;;;Parkano;1060;20110312;2011;3;12;3275000;6885000;1;1.4;0.1;7.2;2479;6.37
;;;Parkano;1060;20110313;2011;3;13;3275000;6885000;3;4.2;0.7;0.9;2820;7.37
;;;Parkano;1060;20110314;2011;3;14;3275000;6885000;3.2;5.4;2.1;0.1;4174;7.07
;;;Parkano;1060;20110315;2011;3;15;3275000;6885000;1.9;3.8;0.7;0;2205;6.3
;;;Parkano;1060;20110316;2011;3;16;3275000;6885000;0.5;1.5;-0.2;2.8;2583;5.85
;;;Parkano;1060;20110317;2011;3;17;3275000;6885000;0.2;1.4;-0.4;0.4;2747;6.03
;;;Parkano;1060;20110318;2011;3;18;3275000;6885000;-2.5;0.3;-3.5;0.5;3176;4.5
;;;Parkano;1060;20110319;2011;3;19;3275000;6885000;-1.8;0.1;-3.5;0.4;5082;4.7
;;;Parkano;1060;20110320;2011;3;20;3275000;6885000;-0.7;1.3;-2.5;1.6;3624;5.19
;;;Parkano;1060;20110321;2011;3;21;3275000;6885000;-1;0.6;-4.9;1.4;5712;5
;;;Parkano;1060;20110322;2011;3;22;3275000;6885000;-2.7;-0.4;-3.4;0.5;6521;4.07
;;;Parkano;1060;20110323;2011;3;23;3275000;6885000;-6.7;-2.8;-9.3;0;9952;2.78
;;;Parkano;1060;20110324;2011;3;24;3275000;6885000;-10.4;-4.4;-16.7;0;12247;1.79
;;;Parkano;1060;20110325;2011;3;25;3275000;6885000;-9.9;-3.4;-17.4;0.1;12309;1.62
;;;Parkano;1060;20110326;2011;3;26;3275000;6885000;-7.8;-3.6;-12.4;0.1;7625;2.48
;;;Parkano;1060;20110327;2011;3;27;3275000;6885000;-8.7;-2.6;-14;0;11035;2.43
;;;Parkano;1060;20110328;2011;3;28;3275000;6885000;-3.7;1.8;-12.6;0.4;11884;3.13
;;;Parkano;1060;20110329;2011;3;29;3275000;6885000;-4;-1.9;-5;5.5;4034;3.27
;;;Parkano;1060;20110330;2011;3;30;3275000;6885000;-3.5;-0.6;-5.2;4.1;8716;4.08
;;;Parkano;1060;20110331;2011;3;31;3275000;6885000;-0.7;3.6;-5.3;0;13715;3.79
;;;Parkano;1060;20110401;2011;4;1;3275000;6885000;2.2;6.3;-2.7;0;12291;4.34
;;;Parkano;1060;20110402;2011;4;2;3275000;6885000;3.2;6;1.1;0.1;4872;6.21
;;;Parkano;1060;20110403;2011;4;3;3275000;6885000;5.6;11.3;1;0;11653;6.58
;;;Parkano;1060;20110404;2011;4;4;3275000;6885000;5.1;9.5;3.5;0;9498;6.64
;;;Parkano;1060;20110405;2011;4;5;3275000;6885000;4.9;12.6;-1.8;0;11510;5.54
;;;Parkano;1060;20110406;2011;4;6;3275000;6885000;4;11.1;-2.7;0;10221;4.7
;;;Parkano;1060;20110407;2011;4;7;3275000;6885000;1.4;6.8;-0.5;0;8427;5.87
;;;Parkano;1060;20110408;2011;4;8;3275000;6885000;2.8;5.8;1;1;4669;6.81
;;;Parkano;1060;20110409;2011;4;9;3275000;6885000;3.1;6;0.2;2.5;7261;6.94
;;;Parkano;1060;20110410;2011;4;10;3275000;6885000;3.8;4.8;3;3.2;1935;7.8
;;;Parkano;1060;20110411;2011;4;11;3275000;6885000;2.9;4.6;1.9;8.4;2751;7.44
;;;Parkano;1060;20110412;2011;4;12;3275000;6885000;1.1;2.4;0.4;3.4;2245;6.63
;;;Parkano;1060;20110413;2011;4;13;3275000;6885000;0.9;3.6;-0.7;1.1;6705;6.34
;;;Parkano;1060;20110414;2011;4;14;3275000;6885000;1.3;3.2;0.3;0;4942;6.28
;;;Parkano;1060;20110415;2011;4;15;3275000;6885000;2.8;7.2;-1.1;2.2;10846;5.77
;;;Parkano;1060;20110416;2011;4;16;3275000;6885000;0.2;4.8;-0.4;11;2565;5.82
;;;Parkano;1060;20110417;2011;4;17;3275000;6885000;-0.6;2.4;-2.1;0.7;10237;5.38
;;;Parkano;1060;20110418;2011;4;18;3275000;6885000;2.4;7.2;-1.9;0.7;8381;6.66
;;;Parkano;1060;20110419;2011;4;19;3275000;6885000;4;9.7;-1.6;0;14381;5.98
;;;Parkano;1060;20110420;2011;4;20;3275000;6885000;4.1;9.5;-2.3;0;19894;4.42
;;;Parkano;1060;20110421;2011;4;21;3275000;6885000;4;10.5;-2;0;17793;4.93
;;;Parkano;1060;20110422;2011;4;22;3275000;6885000;3;6.7;0.4;0;19531;4.23
;;;Parkano;1060;20110423;2011;4;23;3275000;6885000;2.4;8.4;-5;0;15179;4.23
;;;Parkano;1060;20110424;2011;4;24;3275000;6885000;4.1;9.9;-1.6;0;12104;4.8
;;;Parkano;1060;20110425;2011;4;25;3275000;6885000;4.2;10.7;-4.5;0;21063;4.03
;;;Parkano;1060;20110426;2011;4;26;3275000;6885000;4.5;12.1;-3.8;0;20646;4.96
;;;Parkano;1060;20110427;2011;4;27;3275000;6885000;4.5;12.1;-2.7;0;19261;4.96
;;;Parkano;1060;20110428;2011;4;28;3275000;6885000;6.5;14.9;-3.6;0;20571;5.06
;;;Parkano;1060;20110429;2011;4;29;3275000;6885000;8.5;16.4;-0.4;0;20734;5.81
;;;Parkano;1060;20110430;2011;4;30;3275000;6885000;8.3;13.6;2.7;0;9353;8.34
;;;Parkano;1060;20110501;2011;5;1;3275000;6885000;9.7;14;4.5;0.2;6654;10.26
;;;Parkano;1060;20110502;2011;5;2;3275000;6885000;11.9;18.5;6.3;0;13493;10.05
;;;Parkano;1060;20110503;2011;5;3;3275000;6885000;14.5;21;5.7;0;19124;9.06
;;;Parkano;1060;20110504;2011;5;4;3275000;6885000;13.6;19.2;6.5;0;13065;9.26
;;;Parkano;1060;20110505;2011;5;5;3275000;6885000;15.5;21.4;9.3;0;15037;9.38
;;;Parkano;1060;20110506;2011;5;6;3275000;6885000;15.7;23.2;7.8;0;19767;8.99
;;;Parkano;1060;20110507;2011;5;7;3275000;6885000;12.5;18.8;5.3;0;21793;9.37
;;;Parkano;1060;20110508;2011;5;8;3275000;6885000;6.3;13.6;5;0.1;14429;6.68
;;;Parkano;1060;20110509;2011;5;9;3275000;6885000;3.8;11.3;-3.3;0.6;20505;5.25
;;;Parkano;1060;20110510;2011;5;10;3275000;6885000;7.4;12.5;2.4;1.7;10951;8.76
;;;Parkano;1060;20110511;2011;5;11;3275000;6885000;9;14.4;1.4;0.1;16008;7.77
;;;Parkano;1060;20110512;2011;5;12;3275000;6885000;12.5;19.1;5.9;0;21757;8.97
;;;Parkano;1060;20110513;2011;5;13;3275000;6885000;12.4;19.8;4.8;0;22649;8.19
;;;Parkano;1060;20110514;2011;5;14;3275000;6885000;12.9;22.3;2.9;0.2;20034;7.97
;;;Parkano;1060;20110515;2011;5;15;3275000;6885000;6.1;14.1;2.9;0;20819;5.15
;;;Parkano;1060;20110516;2011;5;16;3275000;6885000;3.3;7.9;-3;0.3;21712;4.14
;;;Parkano;1060;20110517;2011;5;17;3275000;6885000;3.3;8.8;-5.3;0;17659;4.71
;;;Parkano;1060;20110518;2011;5;18;3275000;6885000;3.7;9.5;-2.6;0.1;20340;4.73
;;;Parkano;1060;20110519;2011;5;19;3275000;6885000;4.6;10.2;-2.4;0.1;19954;4.73
;;;Parkano;1060;20110520;2011;5;20;3275000;6885000;5.4;11.2;-1.5;2.7;20642;4.36
;;;Parkano;1060;20110521;2011;5;21;3275000;6885000;4;9.3;1.5;0.3;8831;5.82
;;;Parkano;1060;20110522;2011;5;22;3275000;6885000;4.4;9.8;-2;0.1;18249;5.11
;;;Parkano;1060;20110523;2011;5;23;3275000;6885000;5.4;12.6;-2.9;1.1;18304;5.72
;;;Parkano;1060;20110524;2011;5;24;3275000;6885000;7.3;12.2;1.5;1.5;15979;7.55
;;;Parkano;1060;20110525;2011;5;25;3275000;6885000;9.2;15.1;0.3;0.2;19017;6.92
;;;Parkano;1060;20110526;2011;5;26;3275000;6885000;10.9;16.1;5.5;0;18835;6.9
;;;Parkano;1060;20110527;2011;5;27;3275000;6885000;11.1;17.3;2.6;0.2;24732;6.13
;;;Parkano;1060;20110528;2011;5;28;3275000;6885000;12;18.6;3.7;0;23751;6.07
;;;Parkano;1060;20110529;2011;5;29;3275000;6885000;9.7;16.6;4.8;0;21178;6.74
;;;Parkano;1060;20110530;2011;5;30;3275000;6885000;7.2;12.4;0.5;0;20032;5.41
;;;Parkano;1060;20110531;2011;5;31;3275000;6885000;10;17.3;-1.1;0;27265;6.42
;;;Parkano;1060;20110601;2011;6;1;3275000;6885000;13;19.9;2.6;0;27692;7.49
;;;Parkano;1060;20110602;2011;6;2;3275000;6885000;14.6;23.6;4.5;0.1;27012;7.64
;;;Parkano;1060;20110603;2011;6;3;3275000;6885000;15.7;24.4;5;0;28299;7.27
;;;Parkano;1060;20110604;2011;6;4;3275000;6885000;17.4;25;4.6;0.4;22301;9.1
;;;Parkano;1060;20110605;2011;6;5;3275000;6885000;14.8;22.2;12.6;0;18743;10.3
;;;Parkano;1060;20110606;2011;6;6;3275000;6885000;15.2;20.8;8.5;0;26897;8.64
;;;Parkano;1060;20110607;2011;6;7;3275000;6885000;16;23.7;5.3;0;27487;8.43
;;;Parkano;1060;20110608;2011;6;8;3275000;6885000;17;24.2;5.7;0;27953;7.63
;;;Parkano;1060;20110609;2011;6;9;3275000;6885000;18.2;26;8.3;0;24667;10.24
;;;Parkano;1060;20110610;2011;6;10;3275000;6885000;15.6;21.1;8.9;0;27861;7.81
;;;Parkano;1060;20110611;2011;6;11;3275000;6885000;16.3;22.6;9.1;9.5;21616;11.66
;;;Parkano;1060;20110612;2011;6;12;3275000;6885000;11.8;19.1;9.9;0.6;9975;11.38
;;;Parkano;1060;20110613;2011;6;13;3275000;6885000;11.1;15.6;8.6;4.6;7334;11.77
;;;Parkano;1060;20110614;2011;6;14;3275000;6885000;7.7;11.3;5.5;0.9;8304;9.08
;;;Parkano;1060;20110615;2011;6;15;3275000;6885000;8.1;12.2;4.8;0.4;14745;7.75
;;;Parkano;1060;20110616;2011;6;16;3275000;6885000;10.1;15.4;4;0.4;18089;8.96
;;;Parkano;1060;20110617;2011;6;17;3275000;6885000;13;18.6;2.9;5.8;20830;9.08
;;;Parkano;1060;20110618;2011;6;18;3275000;6885000;11.3;15.2;9.8;0.6;10567;12.05
;;;Parkano;1060;20110619;2011;6;19;3275000;6885000;11.9;17.2;6.4;7.1;21405;11.4
;;;Parkano;1060;20110620;2011;6;20;3275000;6885000;11;13.6;7.8;12.5;9515;12.31
;;;Parkano;1060;20110621;2011;6;21;3275000;6885000;12;14.9;10.2;0.9;9826;12.74
;;;Parkano;1060;20110622;2011;6;22;3275000;6885000;14.2;18.7;8;0.5;25649;11.12
;;;Parkano;1060;20110623;2011;6;23;3275000;6885000;14.1;19;11.1;5.2;13469;12.93
;;;Parkano;1060;20110624;2011;6;24;3275000;6885000;12.7;16.2;10;5;18292;11.66
;;;Parkano;1060;20110625;2011;6;25;3275000;6885000;13.4;18;8.6;0.5;22937;11.34
;;;Parkano;1060;20110626;2011;6;26;3275000;6885000;11.6;16.6;7.7;10.9;5546;12.87
;;;Parkano;1060;20110627;2011;6;27;3275000;6885000;12.2;15.2;10.5;2.6;10947;12.77
;;;Parkano;1060;20110628;2011;6;28;3275000;6885000;10.6;13.4;7.5;0.3;16152;8.13
;;;Parkano;1060;20110629;2011;6;29;3275000;6885000;11;14.4;6.7;0.2;23869;8
;;;Parkano;1060;20110630;2011;6;30;3275000;6885000;14.4;20.4;7.7;0.2;27013;8.18
;;;Parkano;1060;20110701;2011;7;1;3275000;6885000;13.2;22;5.2;8.5;20933;10.78
;;;Parkano;1060;20110702;2011;7;2;3275000;6885000;13.4;16.8;10.9;3.7;11722;13.04
;;;Parkano;1060;20110703;2011;7;3;3275000;6885000;13.9;19.4;8.8;3.2;17065;13.66
;;;Parkano;1060;20110704;2011;7;4;3275000;6885000;15.5;20.4;9.8;2.7;16822;14.21
;;;Parkano;1060;20110705;2011;7;5;3275000;6885000;14.7;18.7;12.5;0.2;22480;11.07
;;;Parkano;1060;20110706;2011;7;6;3275000;6885000;16.2;21.9;8.3;0;18931;13.72
;;;Parkano;1060;20110707;2011;7;7;3275000;6885000;20.5;26.3;13.9;0.1;27463;12.65
;;;Parkano;1060;20110708;2011;7;8;3275000;6885000;11.9;23;6.1;0.1;19756;9.32
;;;Parkano;1060;20110709;2011;7;9;3275000;6885000;10;14.8;0.3;0.1;19319;8.83
;;;Parkano;1060;20110710;2011;7;10;3275000;6885000;9.4;13.9;3.7;0.1;14864;8.87
;;;Parkano;1060;20110711;2011;7;11;3275000;6885000;12.7;19;4.5;0.1;24080;8.93
;;;Parkano;1060;20110712;2011;7;12;3275000;6885000;11.1;18;9.2;1.5;8574;11.37
;;;Parkano;1060;20110713;2011;7;13;3275000;6885000;12.7;18.6;9.3;0.1;15143;12.29
;;;Parkano;1060;20110714;2011;7;14;3275000;6885000;13.3;20.6;4.3;23.1;18295;12.83
;;;Parkano;1060;20110715;2011;7;15;3275000;6885000;16.1;19.4;13.8;1.2;15303;15.65
;;;Parkano;1060;20110716;2011;7;16;3275000;6885000;16;21;10.9;4.7;18899;14.12
;;;Parkano;1060;20110717;2011;7;17;3275000;6885000;16.9;20.5;12.3;0;21015;12.54
;;;Parkano;1060;20110718;2011;7;18;3275000;6885000;16.7;20.6;13.1;1.4;20437;13.98
;;;Parkano;1060;20110719;2011;7;19;3275000;6885000;16.2;20.2;14.5;1.5;16349;15.15
;;;Parkano;1060;20110720;2011;7;20;3275000;6885000;14.6;18.6;11.3;2.1;17631;13.27
;;;Parkano;1060;20110721;2011;7;21;3275000;6885000;13.6;18.3;8.7;7.2;19523;13.28
;;;Parkano;1060;20110722;2011;7;22;3275000;6885000;15.2;19.2;10.9;2.8;16025;15.09
;;;Parkano;1060;20110723;2011;7;23;3275000;6885000;17.1;22.5;10.1;0.3;16816;14.02
;;;Parkano;1060;20110724;2011;7;24;3275000;6885000;13.9;19.2;13.2;30.6;4242;14.97
;;;Parkano;1060;20110725;2011;7;25;3275000;6885000;13.4;14.1;12.7;4.9;5069;14.9
;;;Parkano;1060;20110726;2011;7;26;3275000;6885000;15.6;19.7;11.8;0;25640;12.85
;;;Parkano;1060;20110727;2011;7;27;3275000;6885000;17.3;22.4;11.3;0;26139;13.63
;;;Parkano;1060;20110728;2011;7;28;3275000;6885000;19.3;26.1;10.4;0;24814;14.76
;;;Parkano;1060;20110729;2011;7;29;3275000;6885000;19.7;26.6;11.2;0.1;24925;13.82
;;;Parkano;1060;20110730;2011;7;30;3275000;6885000;17.6;23.9;10.8;0;25699;11.06
;;;Parkano;1060;20110731;2011;7;31;3275000;6885000;16.3;22.1;8.1;0;22875;11.58
;;;Parkano;1060;20110801;2011;8;1;3275000;6885000;16.5;21.8;9.7;0;25330;10.76
;;;Parkano;1060;20110802;2011;8;2;3275000;6885000;16.2;23;7.3;0.1;25118;10.48
;;;Parkano;1060;20110803;2011;8;3;3275000;6885000;17.3;24.8;7.8;0.2;22914;13.18
;;;Parkano;1060;20110804;2011;8;4;3275000;6885000;15;22.1;12.9;0;17302;13.49
;;;Parkano;1060;20110805;2011;8;5;3275000;6885000;12;18.5;3.8;0;22222;9.27
;;;Parkano;1060;20110806;2011;8;6;3275000;6885000;12.9;17.9;7.6;0.7;11637;11.79
;;;Parkano;1060;20110807;2011;8;7;3275000;6885000;12.5;16.7;9.4;0;15110;10.39
;;;Parkano;1060;20110808;2011;8;8;3275000;6885000;12.4;17.7;7.5;0;19852;8.66
;;;Parkano;1060;20110809;2011;8;9;3275000;6885000;11.3;14.8;6.8;0;11312;8.79
;;;Parkano;1060;20110810;2011;8;10;3275000;6885000;11.8;16.9;2.9;15.8;10607;10.6
;;;Parkano;1060;20110811;2011;8;11;3275000;6885000;13.5;15.4;11.3;9.2;3457;15.34
;;;Parkano;1060;20110812;2011;8;12;3275000;6885000;13.8;18.6;10.8;3.5;14760;12.21
;;;Parkano;1060;20110813;2011;8;13;3275000;6885000;12.4;16.5;8.7;7.1;13180;12.21
;;;Parkano;1060;20110814;2011;8;14;3275000;6885000;13.7;17.3;8.8;8.9;9056;14.14
;;;Parkano;1060;20110815;2011;8;15;3275000;6885000;16.2;20.3;12.8;0.6;14786;14.8
;;;Parkano;1060;20110816;2011;8;16;3275000;6885000;15.4;18.9;11.1;3.9;6752;15.94
;;;Parkano;1060;20110817;2011;8;17;3275000;6885000;14.9;18.9;13.1;5;12900;14.52
;;;Parkano;1060;20110818;2011;8;18;3275000;6885000;15;18.7;12.6;0.1;15236;13.92
;;;Parkano;1060;20110819;2011;8;19;3275000;6885000;11.9;16.2;7.2;4.6;6758;12.69
;;;Parkano;1060;20110820;2011;8;20;3275000;6885000;14.1;16.7;12.1;11.1;6914;14.5
;;;Parkano;1060;20110821;2011;8;21;3275000;6885000;16.4;19.6;14.3;3.1;7976;16.92
;;;Parkano;1060;20110822;2011;8;22;3275000;6885000;13.9;16.5;13.1;1.6;6313;15.09
;;;Parkano;1060;20110823;2011;8;23;3275000;6885000;14.9;18.5;12.8;8.9;7455;15.96
;;;Parkano;1060;20110824;2011;8;24;3275000;6885000;14.7;17.6;10.7;16.6;7930;15.99
;;;Parkano;1060;20110825;2011;8;25;3275000;6885000;13.7;15.8;13.2;1.9;8342;14.31
;;;Parkano;1060;20110826;2011;8;26;3275000;6885000;13.2;17.1;10;0;16291;11.51
;;;Parkano;1060;20110827;2011;8;27;3275000;6885000;11.9;18.5;5.6;0.1;14864;10.88
;;;Parkano;1060;20110828;2011;8;28;3275000;6885000;12.2;17.8;6.7;0;14293;11.38
;;;Parkano;1060;20110829;2011;8;29;3275000;6885000;11.5;15.1;8.3;0;9100;11.37
;;;Parkano;1060;20110830;2011;8;30;3275000;6885000;11.8;16.1;6.8;0.1;11966;11.53
;;;Parkano;1060;20110831;2011;8;31;3275000;6885000;10.6;13.4;9.8;27.6;3630;12.49
;;;Parkano;1060;20110901;2011;9;1;3275000;6885000;9.7;13.3;8.1;0;10114;9.72
;;;Parkano;1060;20110902;2011;9;2;3275000;6885000;9.4;14.7;6.1;2.6;10614;10.12
;;;Parkano;1060;20110903;2011;9;3;3275000;6885000;6.5;11.2;2.3;0;16181;7.18
;;;Parkano;1060;20110904;2011;9;4;3275000;6885000;8.4;15.6;0.4;0;11456;9.02
;;;Parkano;1060;20110905;2011;9;5;3275000;6885000;6;10.8;0.9;4.8;6248;8.57
;;;Parkano;1060;20110906;2011;9;6;3275000;6885000;12.2;14.8;7.8;9.9;3795;14.04
;;;Parkano;1060;20110907;2011;9;7;3275000;6885000;12.8;15.5;11.4;1.7;10345;12.55
;;;Parkano;1060;20110908;2011;9;8;3275000;6885000;12.9;15.4;10.4;17.4;7651;13.44
;;;Parkano;1060;20110909;2011;9;9;3275000;6885000;12;14.5;10.3;0.1;9472;12.35
;;;Parkano;1060;20110910;2011;9;10;3275000;6885000;10.8;15.9;6.5;0;12594;10.17
;;;Parkano;1060;20110911;2011;9;11;3275000;6885000;8.8;15.5;2.2;0;11326;8.2
;;;Parkano;1060;20110912;2011;9;12;3275000;6885000;10.3;13.4;4.3;0;8437;9.06
;;;Parkano;1060;20110913;2011;9;13;3275000;6885000;8;12.8;3.6;0;12598;8.18
;;;Parkano;1060;20110914;2011;9;14;3275000;6885000;5.9;10.5;0.8;0;12489;6.99
;;;Parkano;1060;20110915;2011;9;15;3275000;6885000;4.8;10.1;-1.1;0;11600;6.75
;;;Parkano;1060;20110916;2011;9;16;3275000;6885000;5.6;8.3;2.5;0;5417;7.03
;;;Parkano;1060;20110917;2011;9;17;3275000;6885000;5.7;7.3;2.7;0;3775;7.25
;;;Parkano;1060;20110918;2011;9;18;3275000;6885000;5.9;7.2;4.8;0;3390;7.37
;;;Parkano;1060;20110919;2011;9;19;3275000;6885000;5.5;6.4;4.9;0;2086;7.32
;;;Parkano;1060;20110920;2011;9;20;3275000;6885000;4.5;5.7;3.8;0.2;2369;7.18
;;;Parkano;1060;20110921;2011;9;21;3275000;6885000;6.1;8.4;3.9;0.1;5118;8.14
;;;Parkano;1060;20110922;2011;9;22;3275000;6885000;7;10;3.3;0.5;6174;8.08
;;;Parkano;1060;20110923;2011;9;23;3275000;6885000;7.9;10.3;5.8;1.7;3572;10.15
;;;Parkano;1060;20110924;2011;9;24;3275000;6885000;8.1;13.1;4.5;0;5630;9.97
;;;Parkano;1060;20110925;2011;9;25;3275000;6885000;6.3;12.5;0.3;0;6875;8.92
;;;Parkano;1060;20110926;2011;9;26;3275000;6885000;8.3;16.1;2.6;0;9459;9.73
;;;Parkano;1060;20110927;2011;9;27;3275000;6885000;7.6;14.4;1.8;0;9076;9.35
;;;Parkano;1060;20110928;2011;9;28;3275000;6885000;8.1;15;3.6;0.1;9597;9.36
;;;Parkano;1060;20110929;2011;9;29;3275000;6885000;7.5;12.5;1.6;0;4737;9.8
;;;Parkano;1060;20110930;2011;9;30;3275000;6885000;7.9;12.9;0.1;0.3;4461;9.25
;;;Parkano;1060;20111001;2011;10;1;3275000;6885000;8.7;11.6;5.3;0.1;7044;8.32
;;;Parkano;1060;20111002;2011;10;2;3275000;6885000;5.6;10;3.4;0;8530;7.22
;;;Parkano;1060;20111003;2011;10;3;3275000;6885000;4.4;11.1;-0.8;0;8138;6.99
;;;Parkano;1060;20111004;2011;10;4;3275000;6885000;6.6;8.5;1.5;5.3;2156;9.27
;;;Parkano;1060;20111005;2011;10;5;3275000;6885000;7.2;8.2;6.5;2.9;1718;9.44
;;;Parkano;1060;20111006;2011;10;6;3275000;6885000;5.3;7.7;2.5;0.4;2752;8.26
;;;Parkano;1060;20111007;2011;10;7;3275000;6885000;6.6;9.5;3.8;0;3958;9.16
;;;Parkano;1060;20111008;2011;10;8;3275000;6885000;7.6;9.5;2.9;15.2;3110;9.47
;;;Parkano;1060;20111009;2011;10;9;3275000;6885000;7.3;9.3;4;0.1;5182;8.52
;;;Parkano;1060;20111010;2011;10;10;3275000;6885000;6;9.5;3.7;0;7911;7.56
;;;Parkano;1060;20111011;2011;10;11;3275000;6885000;3.7;10.1;-1.8;0;6788;7.34
;;;Parkano;1060;20111012;2011;10;12;3275000;6885000;5.2;8.4;-0.1;1.8;2685;8.58
;;;Parkano;1060;20111013;2011;10;13;3275000;6885000;7.9;11.7;4.6;0.3;5981;9.47
;;;Parkano;1060;20111014;2011;10;14;3275000;6885000;8.9;11.3;4.9;7.4;1598;11.1
;;;Parkano;1060;20111015;2011;10;15;3275000;6885000;7.6;11.5;3.7;0.1;6807;8.99
;;;Parkano;1060;20111016;2011;10;16;3275000;6885000;6.5;8.8;2.5;0.4;3633;8.85
;;;Parkano;1060;20111017;2011;10;17;3275000;6885000;7.6;10.7;4.2;0.3;4597;9.31
;;;Parkano;1060;20111018;2011;10;18;3275000;6885000;5.2;9.5;1.9;0;4940;7.94
;;;Parkano;1060;20111019;2011;10;19;3275000;6885000;5.3;8.9;-0.5;17.1;873;8.93
;;;Parkano;1060;20111020;2011;10;20;3275000;6885000;4.6;8.7;3;2.1;2060;8.16
;;;Parkano;1060;20111021;2011;10;21;3275000;6885000;3.8;6.2;0.6;1;4253;7.23
;;;Parkano;1060;20111022;2011;10;22;3275000;6885000;5.2;7.8;0.3;2.5;1672;8.79
;;;Parkano;1060;20111023;2011;10;23;3275000;6885000;6;9.1;0;0.9;3047;8.79
;;;Parkano;1060;20111024;2011;10;24;3275000;6885000;9.4;10.4;7;14.5;619;10.97
;;;Parkano;1060;20111025;2011;10;25;3275000;6885000;6.7;8.9;5.1;0.1;2937;8.04
;;;Parkano;1060;20111026;2011;10;26;3275000;6885000;4.5;7.4;1;2.2;4392;7.52
;;;Parkano;1060;20111027;2011;10;27;3275000;6885000;8.1;9.5;3.6;3.7;426;10.04
;;;Parkano;1060;20111028;2011;10;28;3275000;6885000;8.4;9.8;6.9;17.5;2823;9.25
;;;Parkano;1060;20111029;2011;10;29;3275000;6885000;7.7;8.7;6.4;18.6;507;9.87
;;;Parkano;1060;20111030;2011;10;30;3275000;6885000;6.4;8.4;4.5;1.9;2065;9.08
;;;Parkano;1060;20111031;2011;10;31;3275000;6885000;3.3;5.8;1.9;6.4;2037;7.42
;;;Parkano;1060;20111101;2011;11;1;3275000;6885000;2.5;5;1.1;0;2590;7.05
;;;Parkano;1060;20111102;2011;11;2;3275000;6885000;1.5;2.9;-0.4;15.2;1257;6.76
;;;Parkano;1060;20111103;2011;11;3;3275000;6885000;1.7;3.4;0.8;5;541;6.78
;;;Parkano;1060;20111104;2011;11;4;3275000;6885000;-0.3;1.1;-2.1;0.1;1887;5.7
;;;Parkano;1060;20111105;2011;11;5;3275000;6885000;0.3;2.5;-2.9;0.1;3239;6.08
;;;Parkano;1060;20111106;2011;11;6;3275000;6885000;3.3;6.1;1.1;0;2053;7.25
;;;Parkano;1060;20111107;2011;11;7;3275000;6885000;4.4;7.2;2;0;2160;8.04
;;;Parkano;1060;20111108;2011;11;8;3275000;6885000;2.6;6.4;-0.1;0;2827;6.27
;;;Parkano;1060;20111109;2011;11;9;3275000;6885000;-2.1;2.1;-4.9;0;3910;4.77
;;;Parkano;1060;20111110;2011;11;10;3275000;6885000;0.4;2.9;-4;0;1914;5.96
;;;Parkano;1060;20111111;2011;11;11;3275000;6885000;0.7;1.8;-0.5;8.5;273;6.26
;;;Parkano;1060;20111112;2011;11;12;3275000;6885000;4.8;6.1;1.7;8.3;236;8.59
;;;Parkano;1060;20111113;2011;11;13;3275000;6885000;5.8;7.4;4.6;12.1;1356;8.43
;;;Parkano;1060;20111114;2011;11;14;3275000;6885000;3.9;6.6;2.9;1.8;654;7.6
;;;Parkano;1060;20111115;2011;11;15;3275000;6885000;3.5;4.7;2.2;12.1;558;7.67
;;;Parkano;1060;20111116;2011;11;16;3275000;6885000;3.9;4.7;2.7;5;477;8.02
;;;Parkano;1060;20111117;2011;11;17;3275000;6885000;1.8;4.1;0.4;1.5;583;6.79
;;;Parkano;1060;20111118;2011;11;18;3275000;6885000;3.1;3.9;2.2;8.1;457;7.6
;;;Parkano;1060;20111119;2011;11;19;3275000;6885000;-0.1;2.1;-1.6;0.6;521;5.7
;;;Parkano;1060;20111120;2011;11;20;3275000;6885000;-1.3;0;-3.3;0;2395;4.79
;;;Parkano;1060;20111121;2011;11;21;3275000;6885000;1.6;3.7;-1.4;6.1;465;6.29
;;;Parkano;1060;20111122;2011;11;22;3275000;6885000;-1;1.6;-3.2;4.3;1380;5.32
;;;Parkano;1060;20111123;2011;11;23;3275000;6885000;-3.7;-0.8;-6.4;0.9;976;4.59
;;;Parkano;1060;20111124;2011;11;24;3275000;6885000;-3;-1.1;-7.5;1;701;4.68
;;;Parkano;1060;20111125;2011;11;25;3275000;6885000;-3.3;-2;-3.9;0.1;650;4.58
;;;Parkano;1060;20111126;2011;11;26;3275000;6885000;-5;-3.2;-7.3;7.7;355;3.97
;;;Parkano;1060;20111127;2011;11;27;3275000;6885000;-1.5;-0.6;-3.4;0.1;889;4.71
;;;Parkano;1060;20111128;2011;11;28;3275000;6885000;-1.3;-0.3;-2.2;0;531;5.16
;;;Parkano;1060;20111129;2011;11;29;3275000;6885000;-1.7;0.3;-3.5;3.4;328;5.14
;;;Parkano;1060;20111130;2011;11;30;3275000;6885000;-0.5;2.2;-5.7;1;340;5.8
;;;Parkano;1060;20111201;2011;12;1;3275000;6885000;3;5.7;-0.2;0;1003;6.91
;;;Parkano;1060;20111202;2011;12;2;3275000;6885000;2;2.7;-0.5;0.6;404;6.95
;;;Parkano;1060;20111203;2011;12;3;3275000;6885000;1.2;2.8;0.3;7.1;247;6.5
;;;Parkano;1060;20111204;2011;12;4;3275000;6885000;2.6;3;0.5;1.6;127;7.23
;;;Parkano;1060;20111205;2011;12;5;3275000;6885000;2.1;3.1;0.6;2.5;244;6.99
;;;Parkano;1060;20111206;2011;12;6;3275000;6885000;2.6;3.9;1.5;2.4;179;7.1
;;;Parkano;1060;20111207;2011;12;7;3275000;6885000;0.9;2.3;-0.4;4.2;147;6.25
;;;Parkano;1060;20111208;2011;12;8;3275000;6885000;-0.3;0.3;-1.3;0.5;281;5.84
;;;Parkano;1060;20111209;2011;12;9;3275000;6885000;-2.2;-0.9;-3.1;0;121;4.85
;;;Parkano;1060;20111210;2011;12;10;3275000;6885000;-3.8;-2.5;-4.9;0;208;4.43
;;;Parkano;1060;20111211;2011;12;11;3275000;6885000;-0.9;0.7;-4.5;5.4;247;5.61
;;;Parkano;1060;20111212;2011;12;12;3275000;6885000;0.5;1.4;0.1;1.2;196;6.32
;;;Parkano;1060;20111213;2011;12;13;3275000;6885000;-0.8;0.4;-2.1;1.1;182;5.67
;;;Parkano;1060;20111214;2011;12;14;3275000;6885000;-3;-1.3;-5;1.1;284;4.66
;;;Parkano;1060;20111215;2011;12;15;3275000;6885000;0.3;0.5;-1.8;1.4;116;5.96
;;;Parkano;1060;20111216;2011;12;16;3275000;6885000;0.9;2.3;-0.8;0.3;125;6.34
;;;Parkano;1060;20111217;2011;12;17;3275000;6885000;0.1;1.4;-1.3;0;163;5.99
;;;Parkano;1060;20111218;2011;12;18;3275000;6885000;-3.3;-0.5;-4.7;0;855;4.65
;;;Parkano;1060;20111219;2011;12;19;3275000;6885000;-2.3;-1.5;-5.2;0;133;4.85
;;;Parkano;1060;20111220;2011;12;20;3275000;6885000;-1.6;-0.7;-3;2.1;116;5.27
;;;Parkano;1060;20111221;2011;12;21;3275000;6885000;0.8;2.2;-1.4;1.8;223;6.13
;;;Parkano;1060;20111222;2011;12;22;3275000;6885000;2.8;3.4;1.9;8.7;135;7.35
;;;Parkano;1060;20111223;2011;12;23;3275000;6885000;0.9;2.5;0.1;1;231;6.3
;;;Parkano;1060;20111224;2011;12;24;3275000;6885000;0.6;1.5;-0.2;7.4;225;6.23
;;;Parkano;1060;20111225;2011;12;25;3275000;6885000;-0.5;-0.1;-0.8;3.7;183;5.84
;;;Parkano;1060;20111226;2011;12;26;3275000;6885000;-1.9;-0.4;-2.3;0.4;297;4.78
;;;Parkano;1060;20111227;2011;12;27;3275000;6885000;-3.4;-1.8;-4.6;0;323;4.12
;;;Parkano;1060;20111228;2011;12;28;3275000;6885000;-4.6;-2.8;-6.7;0.1;326;4.1
;;;Parkano;1060;20111229;2011;12;29;3275000;6885000;0.6;1.4;-3;0;688;6.38
;;;Parkano;1060;20111230;2011;12;30;3275000;6885000;-0.8;1.6;-3.3;0;637;5.54
;;;Parkano;1060;20111231;2011;12;31;3275000;6885000;-5.9;-2.5;-9.8;0;1166;3.77
;;;Parkano;1060;20120101;2012;1;1;3275000;6885000;-1.7;-0.4;-3.7;0;774;5.38
;;;Parkano;1060;20120102;2012;1;2;3275000;6885000;-0.4;0.5;-3.8;0;358;5.82
;;;Parkano;1060;20120103;2012;1;3;3275000;6885000;-0.3;1.9;-1.8;0.1;664;4.99
;;;Parkano;1060;20120104;2012;1;4;3275000;6885000;-0.4;0.2;-1.8;0.4;162;5.57
;;;Parkano;1060;20120105;2012;1;5;3275000;6885000;-3.6;-0.3;-6.6;0;314;4.1
;;;Parkano;1060;20120106;2012;1;6;3275000;6885000;-6.1;-4.7;-8.5;0;328;3.32
;;;Parkano;1060;20120107;2012;1;7;3275000;6885000;-7.7;-6.1;-9;0;1101;2.66
;;;Parkano;1060;20120108;2012;1;8;3275000;6885000;-8;-7;-9;0;745;1.92
;;;Parkano;1060;20120109;2012;1;9;3275000;6885000;-6;-4.7;-8.2;1.2;576;2.65
;;;Parkano;1060;20120110;2012;1;10;3275000;6885000;-5.5;-4.8;-6.1;5.4;325;3.75
;;;Parkano;1060;20120111;2012;1;11;3275000;6885000;-3.6;-2.1;-5;2.9;210;4.46
;;;Parkano;1060;20120112;2012;1;12;3275000;6885000;-3.6;-2.5;-4.7;2.7;273;4.45
;;;Parkano;1060;20120113;2012;1;13;3275000;6885000;0.4;1;-3.5;2.4;324;6.1
;;;Parkano;1060;20120114;2012;1;14;3275000;6885000;1.8;3.4;0;8;183;6.67
;;;Parkano;1060;20120115;2012;1;15;3275000;6885000;1;2.1;0.1;9.1;327;6.24
;;;Parkano;1060;20120116;2012;1;16;3275000;6885000;0.8;3.2;-1.2;2.6;244;6.25
;;;Parkano;1060;20120117;2012;1;17;3275000;6885000;0.9;3;-1.1;2.2;276;6.39
;;;Parkano;1060;20120118;2012;1;18;3275000;6885000;2.5;3.2;1;1.6;130;7.05
;;;Parkano;1060;20120119;2012;1;19;3275000;6885000;1.9;3.1;1.3;7.9;156;6.78
;;;Parkano;1060;20120120;2012;1;20;3275000;6885000;2.8;4.2;1;3.7;300;6.81
;;;Parkano;1060;20120121;2012;1;21;3275000;6885000;2.3;3.4;1.6;5.3;252;6.81
;;;Parkano;1060;20120122;2012;1;22;3275000;6885000;1.2;1.9;0.6;5.7;301;6.44
;;;Parkano;1060;20120123;2012;1;23;3275000;6885000;-0.1;1.8;-0.5;2;654;5.72
;;;Parkano;1060;20120124;2012;1;24;3275000;6885000;-2.6;-0.4;-4.2;0.9;442;4.89
;;;Parkano;1060;20120125;2012;1;25;3275000;6885000;-2.7;-2.1;-3.6;0.1;507;4.59
;;;Parkano;1060;20120126;2012;1;26;3275000;6885000;-3.7;-2;-6;0.1;835;4.09
;;;Parkano;1060;20120127;2012;1;27;3275000;6885000;-1.6;2.5;-7.4;4.6;369;5.21
;;;Parkano;1060;20120128;2012;1;28;3275000;6885000;0;2.6;-0.9;0.8;1607;5.69
;;;Parkano;1060;20120129;2012;1;29;3275000;6885000;-1.2;0.1;-3.2;0.7;1097;5.37
;;;Parkano;1060;20120130;2012;1;30;3275000;6885000;-4.5;-2.2;-6.7;0;2153;4.09
;;;Parkano;1060;20120131;2012;1;31;3275000;6885000;-5.1;-0.5;-13.5;0.1;781;4.02
;;;Parkano;1060;20120201;2012;2;1;3275000;6885000;0.8;2.5;-1.6;0;658;6.28
;;;Parkano;1060;20120202;2012;2;2;3275000;6885000;-1.9;2.4;-3.2;2.3;568;5.12
;;;Parkano;1060;20120203;2012;2;3;3275000;6885000;-3.5;-0.8;-7.9;0;2519;4.47
;;;Parkano;1060;20120204;2012;2;4;3275000;6885000;-0.1;0.5;-3.7;2.7;737;5.61
;;;Parkano;1060;20120205;2012;2;5;3275000;6885000;0.6;1.6;-0.3;12.4;834;6.24
;;;Parkano;1060;20120206;2012;2;6;3275000;6885000;-3.1;0.5;-5.9;1.2;1784;4.64
;;;Parkano;1060;20120207;2012;2;7;3275000;6885000;-3.2;-0.8;-6.7;0.1;1026;4.68
;;;Parkano;1060;20120208;2012;2;8;3275000;6885000;-0.4;0.6;-1.7;0;703;5.84
;;;Parkano;1060;20120209;2012;2;9;3275000;6885000;0.1;0.5;-0.5;1.5;866;5.9
;;;Parkano;1060;20120210;2012;2;10;3275000;6885000;0.3;0.8;-0.1;2.8;905;6.01
;;;Parkano;1060;20120211;2012;2;11;3275000;6885000;0.2;1.2;-0.4;0.9;1656;6.06
;;;Parkano;1060;20120212;2012;2;12;3275000;6885000;1.4;2.5;-0.8;0.8;1012;6.68
;;;Parkano;1060;20120213;2012;2;13;3275000;6885000;1.2;1.9;0.9;0;950;6.57
;;;Parkano;1060;20120214;2012;2;14;3275000;6885000;0.1;1.6;-1.2;0;1558;6.15
;;;Parkano;1060;20120215;2012;2;15;3275000;6885000;-2.4;0.1;-4.2;0.3;2705;5.08
;;;Parkano;1060;20120216;2012;2;16;3275000;6885000;-0.7;1.6;-2.2;0;3235;4.65
;;;Parkano;1060;20120217;2012;2;17;3275000;6885000;-4;-1.7;-5.5;0;3489;3.02
;;;Parkano;1060;20120218;2012;2;18;3275000;6885000;-7.2;-4.8;-8.4;0.1;4205;2.43
;;;Parkano;1060;20120219;2012;2;19;3275000;6885000;-8;-1.9;-16.7;2.5;2492;2.95
;;;Parkano;1060;20120220;2012;2;20;3275000;6885000;-0.8;1.5;-2.3;0;3363;5.28
;;;Parkano;1060;20120221;2012;2;21;3275000;6885000;-2.3;1.8;-7.8;0.5;3027;4.53
;;;Parkano;1060;20120222;2012;2;22;3275000;6885000;-5.7;-0.7;-10;0.8;5137;3.31
;;;Parkano;1060;20120223;2012;2;23;3275000;6885000;-1;1.9;-6.7;0;2749;5.3
;;;Parkano;1060;20120224;2012;2;24;3275000;6885000;-0.5;0.5;-1.9;10.1;1490;5.69
;;;Parkano;1060;20120225;2012;2;25;3275000;6885000;1.6;3.7;0;2.6;3467;6.08
;;;Parkano;1060;20120226;2012;2;26;3275000;6885000;-0.7;2.2;-2.8;1.8;5568;4.94
;;;Parkano;1060;20120227;2012;2;27;3275000;6885000;-0.6;2.7;-4.1;4.2;1655;5.58
;;;Parkano;1060;20120228;2012;2;28;3275000;6885000;0.9;2.8;-0.9;0.3;4220;5.38
;;;Parkano;1060;20120229;2012;2;29;3275000;6885000;-0.1;2.4;-3;4;5528;4.88
;;;Parkano;1060;20120301;2012;3;1;3275000;6885000;0.9;1.9;0.3;3.6;1828;6.41
;;;Parkano;1060;20120302;2012;3;2;3275000;6885000;-2.7;1.1;-4.2;0.4;2809;4.78
;;;Parkano;1060;20120303;2012;3;3;3275000;6885000;-3.8;0.4;-10.3;0;5754;4.3
;;;Parkano;1060;20120304;2012;3;4;3275000;6885000;-0.9;0.3;-4.2;0;2923;5.03
;;;Parkano;1060;20120305;2012;3;5;3275000;6885000;-2;0.2;-3.2;0;3035;4.45
;;;Parkano;1060;20120306;2012;3;6;3275000;6885000;-5.2;-2.7;-7;7.4;2824;3.87
;;;Parkano;1060;20120307;2012;3;7;3275000;6885000;-6.2;-4;-7.2;0.8;4152;3.42
;;;Parkano;1060;20120308;2012;3;8;3275000;6885000;-8;-2.5;-13.3;1.5;7339;2.83
;;;Parkano;1060;20120309;2012;3;9;3275000;6885000;-1.7;0.4;-10.2;2.5;3948;5.18
;;;Parkano;1060;20120310;2012;3;10;3275000;6885000;-1.8;0.5;-2.7;0.5;3006;5.07
;;;Parkano;1060;20120311;2012;3;11;3275000;6885000;-1.9;-0.1;-3.9;2.8;3317;5.05
;;;Parkano;1060;20120312;2012;3;12;3275000;6885000;1;1.4;0.1;7.2;2479;6.37
;;;Parkano;1060;20120313;2012;3;13;3275000;6885000;3;4.2;0.7;0.9;2820;7.37
;;;Parkano;1060;20120314;2012;3;14;3275000;6885000;3.2;5.4;2.1;0.1;4174;7.07
;;;Parkano;1060;20120315;2012;3;15;3275000;6885000;1.9;3.8;0.7;0;2205;6.3
;;;Parkano;1060;20120316;2012;3;16;3275000;6885000;0.5;1.5;-0.2;2.8;2583;5.85
;;;Parkano;1060;20120317;2012;3;17;3275000;6885000;0.2;1.4;-0.4;0.4;2747;6.03
;;;Parkano;1060;20120318;2012;3;18;3275000;6885000;-2.5;0.3;-3.5;0.5;3176;4.5
;;;Parkano;1060;20120319;2012;3;19;3275000;6885000;-1.8;0.1;-3.5;0.4;5082;4.7
;;;Parkano;1060;20120320;2012;3;20;3275000;6885000;-0.7;1.3;-2.5;1.6;3624;5.19
;;;Parkano;1060;20120321;2012;3;21;3275000;6885000;-1;0.6;-4.9;1.4;5712;5
;;;Parkano;1060;20120322;2012;3;22;3275000;6885000;-2.7;-0.4;-3.4;0.5;6521;4.07
;;;Parkano;1060;20120323;2012;3;23;3275000;6885000;-6.7;-2.8;-9.3;0;9952;2.78
;;;Parkano;1060;20120324;2012;3;24;3275000;6885000;-10.4;-4.4;-16.7;0;12247;1.79
;;;Parkano;1060;20120325;2012;3;25;3275000;6885000;-9.9;-3.4;-17.4;0.1;12309;1.62
;;;Parkano;1060;20120326;2012;3;26;3275000;6885000;-7.8;-3.6;-12.4;0.1;7625;2.48
;;;Parkano;1060;20120327;2012;3;27;3275000;6885000;-8.7;-2.6;-14;0;11035;2.43
;;;Parkano;1060;20120328;2012;3;28;3275000;6885000;-3.7;1.8;-12.6;0.4;11884;3.13
;;;Parkano;1060;20120329;2012;3;29;3275000;6885000;-4;-1.9;-5;5.5;4034;3.27
;;;Parkano;1060;20120330;2012;3;30;3275000;6885000;-3.5;-0.6;-5.2;4.1;8716;4.08
;;;Parkano;1060;20120331;2012;3;31;3275000;6885000;-0.7;3.6;-5.3;0;13715;3.79
;;;Parkano;1060;20120401;2012;4;1;3275000;6885000;2.2;6.3;-2.7;0;12291;4.34
;;;Parkano;1060;20120402;2012;4;2;3275000;6885000;3.2;6;1.1;0.1;4872;6.21
;;;Parkano;1060;20120403;2012;4;3;3275000;6885000;5.6;11.3;1;0;11653;6.58
;;;Parkano;1060;20120404;2012;4;4;3275000;6885000;5.1;9.5;3.5;0;9498;6.64
;;;Parkano;1060;20120405;2012;4;5;3275000;6885000;4.9;12.6;-1.8;0;11510;5.54
;;;Parkano;1060;20120406;2012;4;6;3275000;6885000;4;11.1;-2.7;0;10221;4.7
;;;Parkano;1060;20120407;2012;4;7;3275000;6885000;1.4;6.8;-0.5;0;8427;5.87
;;;Parkano;1060;20120408;2012;4;8;3275000;6885000;2.8;5.8;1;1;4669;6.81
;;;Parkano;1060;20120409;2012;4;9;3275000;6885000;3.1;6;0.2;2.5;7261;6.94
;;;Parkano;1060;20120410;2012;4;10;3275000;6885000;3.8;4.8;3;3.2;1935;7.8
;;;Parkano;1060;20120411;2012;4;11;3275000;6885000;2.9;4.6;1.9;8.4;2751;7.44
;;;Parkano;1060;20120412;2012;4;12;3275000;6885000;1.1;2.4;0.4;3.4;2245;6.63
;;;Parkano;1060;20120413;2012;4;13;3275000;6885000;0.9;3.6;-0.7;1.1;6705;6.34
;;;Parkano;1060;20120414;2012;4;14;3275000;6885000;1.3;3.2;0.3;0;4942;6.28
;;;Parkano;1060;20120415;2012;4;15;3275000;6885000;2.8;7.2;-1.1;2.2;10846;5.77
;;;Parkano;1060;20120416;2012;4;16;3275000;6885000;0.2;4.8;-0.4;11;2565;5.82
;;;Parkano;1060;20120417;2012;4;17;3275000;6885000;-0.6;2.4;-2.1;0.7;10237;5.38
;;;Parkano;1060;20120418;2012;4;18;3275000;6885000;2.4;7.2;-1.9;0.7;8381;6.66
;;;Parkano;1060;20120419;2012;4;19;3275000;6885000;4;9.7;-1.6;0;14381;5.98
;;;Parkano;1060;20120420;2012;4;20;3275000;6885000;4.1;9.5;-2.3;0;19894;4.42
;;;Parkano;1060;20120421;2012;4;21;3275000;6885000;4;10.5;-2;0;17793;4.93
;;;Parkano;1060;20120422;2012;4;22;3275000;6885000;3;6.7;0.4;0;19531;4.23
;;;Parkano;1060;20120423;2012;4;23;3275000;6885000;2.4;8.4;-5;0;15179;4.23
;;;Parkano;1060;20120424;2012;4;24;3275000;6885000;4.1;9.9;-1.6;0;12104;4.8
;;;Parkano;1060;20120425;2012;4;25;3275000;6885000;4.2;10.7;-4.5;0;21063;4.03
;;;Parkano;1060;20120426;2012;4;26;3275000;6885000;4.5;12.1;-3.8;0;20646;4.96
;;;Parkano;1060;20120427;2012;4;27;3275000;6885000;4.5;12.1;-2.7;0;19261;4.96
;;;Parkano;1060;20120428;2012;4;28;3275000;6885000;6.5;14.9;-3.6;0;20571;5.06
;;;Parkano;1060;20120429;2012;4;29;3275000;6885000;8.5;16.4;-0.4;0;20734;5.81
;;;Parkano;1060;20120430;2012;4;30;3275000;6885000;8.3;13.6;2.7;0;9353;8.34
;;;Parkano;1060;20120501;2012;5;1;3275000;6885000;9.7;14;4.5;0.2;6654;10.26
;;;Parkano;1060;20120502;2012;5;2;3275000;6885000;11.9;18.5;6.3;0;13493;10.05
;;;Parkano;1060;20120503;2012;5;3;3275000;6885000;14.5;21;5.7;0;19124;9.06
;;;Parkano;1060;20120504;2012;5;4;3275000;6885000;13.6;19.2;6.5;0;13065;9.26
;;;Parkano;1060;20120505;2012;5;5;3275000;6885000;15.5;21.4;9.3;0;15037;9.38
;;;Parkano;1060;20120506;2012;5;6;3275000;6885000;15.7;23.2;7.8;0;19767;8.99
;;;Parkano;1060;20120507;2012;5;7;3275000;6885000;12.5;18.8;5.3;0;21793;9.37
;;;Parkano;1060;20120508;2012;5;8;3275000;6885000;6.3;13.6;5;0.1;14429;6.68
;;;Parkano;1060;20120509;2012;5;9;3275000;6885000;3.8;11.3;-3.3;0.6;20505;5.25
;;;Parkano;1060;20120510;2012;5;10;3275000;6885000;7.4;12.5;2.4;1.7;10951;8.76
;;;Parkano;1060;20120511;2012;5;11;3275000;6885000;9;14.4;1.4;0.1;16008;7.77
;;;Parkano;1060;20120512;2012;5;12;3275000;6885000;12.5;19.1;5.9;0;21757;8.97
;;;Parkano;1060;20120513;2012;5;13;3275000;6885000;12.4;19.8;4.8;0;22649;8.19
;;;Parkano;1060;20120514;2012;5;14;3275000;6885000;12.9;22.3;2.9;0.2;20034;7.97
;;;Parkano;1060;20120515;2012;5;15;3275000;6885000;6.1;14.1;2.9;0;20819;5.15
;;;Parkano;1060;20120516;2012;5;16;3275000;6885000;3.3;7.9;-3;0.3;21712;4.14
;;;Parkano;1060;20120517;2012;5;17;3275000;6885000;3.3;8.8;-5.3;0;17659;4.71
;;;Parkano;1060;20120518;2012;5;18;3275000;6885000;3.7;9.5;-2.6;0.1;20340;4.73
;;;Parkano;1060;20120519;2012;5;19;3275000;6885000;4.6;10.2;-2.4;0.1;19954;4.73
;;;Parkano;1060;20120520;2012;5;20;3275000;6885000;5.4;11.2;-1.5;2.7;20642;4.36
;;;Parkano;1060;20120521;2012;5;21;3275000;6885000;4;9.3;1.5;0.3;8831;5.82
;;;Parkano;1060;20120522;2012;5;22;3275000;6885000;4.4;9.8;-2;0.1;18249;5.11
;;;Parkano;1060;20120523;2012;5;23;3275000;6885000;5.4;12.6;-2.9;1.1;18304;5.72
;;;Parkano;1060;20120524;2012;5;24;3275000;6885000;7.3;12.2;1.5;1.5;15979;7.55
;;;Parkano;1060;20120525;2012;5;25;3275000;6885000;9.2;15.1;0.3;0.2;19017;6.92
;;;Parkano;1060;20120526;2012;5;26;3275000;6885000;10.9;16.1;5.5;0;18835;6.9
;;;Parkano;1060;20120527;2012;5;27;3275000;6885000;11.1;17.3;2.6;0.2;24732;6.13
;;;Parkano;1060;20120528;2012;5;28;3275000;6885000;12;18.6;3.7;0;23751;6.07
;;;Parkano;1060;20120529;2012;5;29;3275000;6885000;9.7;16.6;4.8;0;21178;6.74
;;;Parkano;1060;20120530;2012;5;30;3275000;6885000;7.2;12.4;0.5;0;20032;5.41
;;;Parkano;1060;20120531;2012;5;31;3275000;6885000;10;17.3;-1.1;0;27265;6.42
;;;Parkano;1060;20120601;2012;6;1;3275000;6885000;13;19.9;2.6;0;27692;7.49
;;;Parkano;1060;20120602;2012;6;2;3275000;6885000;14.6;23.6;4.5;0.1;27012;7.64
;;;Parkano;1060;20120603;2012;6;3;3275000;6885000;15.7;24.4;5;0;28299;7.27
;;;Parkano;1060;20120604;2012;6;4;3275000;6885000;17.4;25;4.6;0.4;22301;9.1
;;;Parkano;1060;20120605;2012;6;5;3275000;6885000;14.8;22.2;12.6;0;18743;10.3
;;;Parkano;1060;20120606;2012;6;6;3275000;6885000;15.2;20.8;8.5;0;26897;8.64
;;;Parkano;1060;20120607;2012;6;7;3275000;6885000;16;23.7;5.3;0;27487;8.43
;;;Parkano;1060;20120608;2012;6;8;3275000;6885000;17;24.2;5.7;0;27953;7.63
;;;Parkano;1060;20120609;2012;6;9;3275000;6885000;18.2;26;8.3;0;24667;10.24
;;;Parkano;1060;20120610;2012;6;10;3275000;6885000;15.6;21.1;8.9;0;27861;7.81
;;;Parkano;1060;20120611;2012;6;11;3275000;6885000;16.3;22.6;9.1;9.5;21616;11.66
;;;Parkano;1060;20120612;2012;6;12;3275000;6885000;11.8;19.1;9.9;0.6;9975;11.38
;;;Parkano;1060;20120613;2012;6;13;3275000;6885000;11.1;15.6;8.6;4.6;7334;11.77
;;;Parkano;1060;20120614;2012;6;14;3275000;6885000;7.7;11.3;5.5;0.9;8304;9.08
;;;Parkano;1060;20120615;2012;6;15;3275000;6885000;8.1;12.2;4.8;0.4;14745;7.75
;;;Parkano;1060;20120616;2012;6;16;3275000;6885000;10.1;15.4;4;0.4;18089;8.96
;;;Parkano;1060;20120617;2012;6;17;3275000;6885000;13;18.6;2.9;5.8;20830;9.08
;;;Parkano;1060;20120618;2012;6;18;3275000;6885000;11.3;15.2;9.8;0.6;10567;12.05
;;;Parkano;1060;20120619;2012;6;19;3275000;6885000;11.9;17.2;6.4;7.1;21405;11.4
;;;Parkano;1060;20120620;2012;6;20;3275000;6885000;11;13.6;7.8;12.5;9515;12.31
;;;Parkano;1060;20120621;2012;6;21;3275000;6885000;12;14.9;10.2;0.9;9826;12.74
;;;Parkano;1060;20120622;2012;6;22;3275000;6885000;14.2;18.7;8;0.5;25649;11.12
;;;Parkano;1060;20120623;2012;6;23;3275000;6885000;14.1;19;11.1;5.2;13469;12.93
;;;Parkano;1060;20120624;2012;6;24;3275000;6885000;12.7;16.2;10;5;18292;11.66
;;;Parkano;1060;20120625;2012;6;25;3275000;6885000;13.4;18;8.6;0.5;22937;11.34
;;;Parkano;1060;20120626;2012;6;26;3275000;6885000;11.6;16.6;7.7;10.9;5546;12.87
;;;Parkano;1060;20120627;2012;6;27;3275000;6885000;12.2;15.2;10.5;2.6;10947;12.77
;;;Parkano;1060;20120628;2012;6;28;3275000;6885000;10.6;13.4;7.5;0.3;16152;8.13
;;;Parkano;1060;20120629;2012;6;29;3275000;6885000;11;14.4;6.7;0.2;23869;8
;;;Parkano;1060;20120630;2012;6;30;3275000;6885000;14.4;20.4;7.7;0.2;27013;8.18
;;;Parkano;1060;20120701;2012;7;1;3275000;6885000;13.2;22;5.2;8.5;20933;10.78
;;;Parkano;1060;20120702;2012;7;2;3275000;6885000;13.4;16.8;10.9;3.7;11722;13.04
;;;Parkano;1060;20120703;2012;7;3;3275000;6885000;13.9;19.4;8.8;3.2;17065;13.66
;;;Parkano;1060;20120704;2012;7;4;3275000;6885000;15.5;20.4;9.8;2.7;16822;14.21
;;;Parkano;1060;20120705;2012;7;5;3275000;6885000;14.7;18.7;12.5;0.2;22480;11.07
;;;Parkano;1060;20120706;2012;7;6;3275000;6885000;16.2;21.9;8.3;0;18931;13.72
;;;Parkano;1060;20120707;2012;7;7;3275000;6885000;20.5;26.3;13.9;0.1;27463;12.65
;;;Parkano;1060;20120708;2012;7;8;3275000;6885000;11.9;23;6.1;0.1;19756;9.32
;;;Parkano;1060;20120709;2012;7;9;3275000;6885000;10;14.8;0.3;0.1;19319;8.83
;;;Parkano;1060;20120710;2012;7;10;3275000;6885000;9.4;13.9;3.7;0.1;14864;8.87
;;;Parkano;1060;20120711;2012;7;11;3275000;6885000;12.7;19;4.5;0.1;24080;8.93
;;;Parkano;1060;20120712;2012;7;12;3275000;6885000;11.1;18;9.2;1.5;8574;11.37
;;;Parkano;1060;20120713;2012;7;13;3275000;6885000;12.7;18.6;9.3;0.1;15143;12.29
;;;Parkano;1060;20120714;2012;7;14;3275000;6885000;13.3;20.6;4.3;23.1;18295;12.83
;;;Parkano;1060;20120715;2012;7;15;3275000;6885000;16.1;19.4;13.8;1.2;15303;15.65
;;;Parkano;1060;20120716;2012;7;16;3275000;6885000;16;21;10.9;4.7;18899;14.12
;;;Parkano;1060;20120717;2012;7;17;3275000;6885000;16.9;20.5;12.3;0;21015;12.54
;;;Parkano;1060;20120718;2012;7;18;3275000;6885000;16.7;20.6;13.1;1.4;20437;13.98
;;;Parkano;1060;20120719;2012;7;19;3275000;6885000;16.2;20.2;14.5;1.5;16349;15.15
;;;Parkano;1060;20120720;2012;7;20;3275000;6885000;14.6;18.6;11.3;2.1;17631;13.27
;;;Parkano;1060;20120721;2012;7;21;3275000;6885000;13.6;18.3;8.7;7.2;19523;13.28
;;;Parkano;1060;20120722;2012;7;22;3275000;6885000;15.2;19.2;10.9;2.8;16025;15.09
;;;Parkano;1060;20120723;2012;7;23;3275000;6885000;17.1;22.5;10.1;0.3;16816;14.02
;;;Parkano;1060;20120724;2012;7;24;3275000;6885000;13.9;19.2;13.2;30.6;4242;14.97
;;;Parkano;1060;20120725;2012;7;25;3275000;6885000;13.4;14.1;12.7;4.9;5069;14.9
;;;Parkano;1060;20120726;2012;7;26;3275000;6885000;15.6;19.7;11.8;0;25640;12.85
;;;Parkano;1060;20120727;2012;7;27;3275000;6885000;17.3;22.4;11.3;0;26139;13.63
;;;Parkano;1060;20120728;2012;7;28;3275000;6885000;19.3;26.1;10.4;0;24814;14.76
;;;Parkano;1060;20120729;2012;7;29;3275000;6885000;19.7;26.6;11.2;0.1;24925;13.82
;;;Parkano;1060;20120730;2012;7;30;3275000;6885000;17.6;23.9;10.8;0;25699;11.06
;;;Parkano;1060;20120731;2012;7;31;3275000;6885000;16.3;22.1;8.1;0;22875;11.58
;;;Parkano;1060;20120801;2012;8;1;3275000;6885000;16.5;21.8;9.7;0;25330;10.76
;;;Parkano;1060;20120802;2012;8;2;3275000;6885000;16.2;23;7.3;0.1;25118;10.48
;;;Parkano;1060;20120803;2012;8;3;3275000;6885000;17.3;24.8;7.8;0.2;22914;13.18
;;;Parkano;1060;20120804;2012;8;4;3275000;6885000;15;22.1;12.9;0;17302;13.49
;;;Parkano;1060;20120805;2012;8;5;3275000;6885000;12;18.5;3.8;0;22222;9.27
;;;Parkano;1060;20120806;2012;8;6;3275000;6885000;12.9;17.9;7.6;0.7;11637;11.79
;;;Parkano;1060;20120807;2012;8;7;3275000;6885000;12.5;16.7;9.4;0;15110;10.39
;;;Parkano;1060;20120808;2012;8;8;3275000;6885000;12.4;17.7;7.5;0;19852;8.66
;;;Parkano;1060;20120809;2012;8;9;3275000;6885000;11.3;14.8;6.8;0;11312;8.79
;;;Parkano;1060;20120810;2012;8;10;3275000;6885000;11.8;16.9;2.9;15.8;10607;10.6
;;;Parkano;1060;20120811;2012;8;11;3275000;6885000;13.5;15.4;11.3;9.2;3457;15.34
;;;Parkano;1060;20120812;2012;8;12;3275000;6885000;13.8;18.6;10.8;3.5;14760;12.21
;;;Parkano;1060;20120813;2012;8;13;3275000;6885000;12.4;16.5;8.7;7.1;13180;12.21
;;;Parkano;1060;20120814;2012;8;14;3275000;6885000;13.7;17.3;8.8;8.9;9056;14.14
;;;Parkano;1060;20120815;2012;8;15;3275000;6885000;16.2;20.3;12.8;0.6;14786;14.8
;;;Parkano;1060;20120816;2012;8;16;3275000;6885000;15.4;18.9;11.1;3.9;6752;15.94
;;;Parkano;1060;20120817;2012;8;17;3275000;6885000;14.9;18.9;13.1;5;12900;14.52
;;;Parkano;1060;20120818;2012;8;18;3275000;6885000;15;18.7;12.6;0.1;15236;13.92
;;;Parkano;1060;20120819;2012;8;19;3275000;6885000;11.9;16.2;7.2;4.6;6758;12.69
;;;Parkano;1060;20120820;2012;8;20;3275000;6885000;14.1;16.7;12.1;11.1;6914;14.5
;;;Parkano;1060;20120821;2012;8;21;3275000;6885000;16.4;19.6;14.3;3.1;7976;16.92
;;;Parkano;1060;20120822;2012;8;22;3275000;6885000;13.9;16.5;13.1;1.6;6313;15.09
;;;Parkano;1060;20120823;2012;8;23;3275000;6885000;14.9;18.5;12.8;8.9;7455;15.96
;;;Parkano;1060;20120824;2012;8;24;3275000;6885000;14.7;17.6;10.7;16.6;7930;15.99
;;;Parkano;1060;20120825;2012;8;25;3275000;6885000;13.7;15.8;13.2;1.9;8342;14.31
;;;Parkano;1060;20120826;2012;8;26;3275000;6885000;13.2;17.1;10;0;16291;11.51
;;;Parkano;1060;20120827;2012;8;27;3275000;6885000;11.9;18.5;5.6;0.1;14864;10.88
;;;Parkano;1060;20120828;2012;8;28;3275000;6885000;12.2;17.8;6.7;0;14293;11.38
;;;Parkano;1060;20120829;2012;8;29;3275000;6885000;11.5;15.1;8.3;0;9100;11.37
;;;Parkano;1060;20120830;2012;8;30;3275000;6885000;11.8;16.1;6.8;0.1;11966;11.53
;;;Parkano;1060;20120831;2012;8;31;3275000;6885000;10.6;13.4;9.8;27.6;3630;12.49
;;;Parkano;1060;20120901;2012;9;1;3275000;6885000;9.7;13.3;8.1;0;10114;9.72
;;;Parkano;1060;20120902;2012;9;2;3275000;6885000;9.4;14.7;6.1;2.6;10614;10.12
;;;Parkano;1060;20120903;2012;9;3;3275000;6885000;6.5;11.2;2.3;0;16181;7.18
;;;Parkano;1060;20120904;2012;9;4;3275000;6885000;8.4;15.6;0.4;0;11456;9.02
;;;Parkano;1060;20120905;2012;9;5;3275000;6885000;6;10.8;0.9;4.8;6248;8.57
;;;Parkano;1060;20120906;2012;9;6;3275000;6885000;12.2;14.8;7.8;9.9;3795;14.04
;;;Parkano;1060;20120907;2012;9;7;3275000;6885000;12.8;15.5;11.4;1.7;10345;12.55
;;;Parkano;1060;20120908;2012;9;8;3275000;6885000;12.9;15.4;10.4;17.4;7651;13.44
;;;Parkano;1060;20120909;2012;9;9;3275000;6885000;12;14.5;10.3;0.1;9472;12.35
;;;Parkano;1060;20120910;2012;9;10;3275000;6885000;10.8;15.9;6.5;0;12594;10.17
;;;Parkano;1060;20120911;2012;9;11;3275000;6885000;8.8;15.5;2.2;0;11326;8.2
;;;Parkano;1060;20120912;2012;9;12;3275000;6885000;10.3;13.4;4.3;0;8437;9.06
;;;Parkano;1060;20120913;2012;9;13;3275000;6885000;8;12.8;3.6;0;12598;8.18
;;;Parkano;1060;20120914;2012;9;14;3275000;6885000;5.9;10.5;0.8;0;12489;6.99
;;;Parkano;1060;20120915;2012;9;15;3275000;6885000;4.8;10.1;-1.1;0;11600;6.75
;;;Parkano;1060;20120916;2012;9;16;3275000;6885000;5.6;8.3;2.5;0;5417;7.03
;;;Parkano;1060;20120917;2012;9;17;3275000;6885000;5.7;7.3;2.7;0;3775;7.25
;;;Parkano;1060;20120918;2012;9;18;3275000;6885000;5.9;7.2;4.8;0;3390;7.37
;;;Parkano;1060;20120919;2012;9;19;3275000;6885000;5.5;6.4;4.9;0;2086;7.32
;;;Parkano;1060;20120920;2012;9;20;3275000;6885000;4.5;5.7;3.8;0.2;2369;7.18
;;;Parkano;1060;20120921;2012;9;21;3275000;6885000;6.1;8.4;3.9;0.1;5118;8.14
;;;Parkano;1060;20120922;2012;9;22;3275000;6885000;7;10;3.3;0.5;6174;8.08
;;;Parkano;1060;20120923;2012;9;23;3275000;6885000;7.9;10.3;5.8;1.7;3572;10.15
;;;Parkano;1060;20120924;2012;9;24;3275000;6885000;8.1;13.1;4.5;0;5630;9.97
;;;Parkano;1060;20120925;2012;9;25;3275000;6885000;6.3;12.5;0.3;0;6875;8.92
;;;Parkano;1060;20120926;2012;9;26;3275000;6885000;8.3;16.1;2.6;0;9459;9.73
;;;Parkano;1060;20120927;2012;9;27;3275000;6885000;7.6;14.4;1.8;0;9076;9.35
;;;Parkano;1060;20120928;2012;9;28;3275000;6885000;8.1;15;3.6;0.1;9597;9.36
;;;Parkano;1060;20120929;2012;9;29;3275000;6885000;7.5;12.5;1.6;0;4737;9.8
;;;Parkano;1060;20120930;2012;9;30;3275000;6885000;7.9;12.9;0.1;0.3;4461;9.25
;;;Parkano;1060;20121001;2012;10;1;3275000;6885000;8.7;11.6;5.3;0.1;7044;8.32
;;;Parkano;1060;20121002;2012;10;2;3275000;6885000;5.6;10;3.4;0;8530;7.22
;;;Parkano;1060;20121003;2012;10;3;3275000;6885000;4.4;11.1;-0.8;0;8138;6.99
;;;Parkano;1060;20121004;2012;10;4;3275000;6885000;6.6;8.5;1.5;5.3;2156;9.27
;;;Parkano;1060;20121005;2012;10;5;3275000;6885000;7.2;8.2;6.5;2.9;1718;9.44
;;;Parkano;1060;20121006;2012;10;6;3275000;6885000;5.3;7.7;2.5;0.4;2752;8.26
;;;Parkano;1060;20121007;2012;10;7;3275000;6885000;6.6;9.5;3.8;0;3958;9.16
;;;Parkano;1060;20121008;2012;10;8;3275000;6885000;7.6;9.5;2.9;15.2;3110;9.47
;;;Parkano;1060;20121009;2012;10;9;3275000;6885000;7.3;9.3;4;0.1;5182;8.52
;;;Parkano;1060;20121010;2012;10;10;3275000;6885000;6;9.5;3.7;0;7911;7.56
;;;Parkano;1060;20121011;2012;10;11;3275000;6885000;3.7;10.1;-1.8;0;6788;7.34
;;;Parkano;1060;20121012;2012;10;12;3275000;6885000;5.2;8.4;-0.1;1.8;2685;8.58
;;;Parkano;1060;20121013;2012;10;13;3275000;6885000;7.9;11.7;4.6;0.3;5981;9.47
;;;Parkano;1060;20121014;2012;10;14;3275000;6885000;8.9;11.3;4.9;7.4;1598;11.1
;;;Parkano;1060;20121015;2012;10;15;3275000;6885000;7.6;11.5;3.7;0.1;6807;8.99
;;;Parkano;1060;20121016;2012;10;16;3275000;6885000;6.5;8.8;2.5;0.4;3633;8.85
;;;Parkano;1060;20121017;2012;10;17;3275000;6885000;7.6;10.7;4.2;0.3;4597;9.31
;;;Parkano;1060;20121018;2012;10;18;3275000;6885000;5.2;9.5;1.9;0;4940;7.94
;;;Parkano;1060;20121019;2012;10;19;3275000;6885000;5.3;8.9;-0.5;17.1;873;8.93
;;;Parkano;1060;20121020;2012;10;20;3275000;6885000;4.6;8.7;3;2.1;2060;8.16
;;;Parkano;1060;20121021;2012;10;21;3275000;6885000;3.8;6.2;0.6;1;4253;7.23
;;;Parkano;1060;20121022;2012;10;22;3275000;6885000;5.2;7.8;0.3;2.5;1672;8.79
;;;Parkano;1060;20121023;2012;10;23;3275000;6885000;6;9.1;0;0.9;3047;8.79
;;;Parkano;1060;20121024;2012;10;24;3275000;6885000;9.4;10.4;7;14.5;619;10.97
;;;Parkano;1060;20121025;2012;10;25;3275000;6885000;6.7;8.9;5.1;0.1;2937;8.04
;;;Parkano;1060;20121026;2012;10;26;3275000;6885000;4.5;7.4;1;2.2;4392;7.52
;;;Parkano;1060;20121027;2012;10;27;3275000;6885000;8.1;9.5;3.6;3.7;426;10.04
;;;Parkano;1060;20121028;2012;10;28;3275000;6885000;8.4;9.8;6.9;17.5;2823;9.25
;;;Parkano;1060;20121029;2012;10;29;3275000;6885000;7.7;8.7;6.4;18.6;507;9.87
;;;Parkano;1060;20121030;2012;10;30;3275000;6885000;6.4;8.4;4.5;1.9;2065;9.08
;;;Parkano;1060;20121031;2012;10;31;3275000;6885000;3.3;5.8;1.9;6.4;2037;7.42
;;;Parkano;1060;20121101;2012;11;1;3275000;6885000;2.5;5;1.1;0;2590;7.05
;;;Parkano;1060;20121102;2012;11;2;3275000;6885000;1.5;2.9;-0.4;15.2;1257;6.76
;;;Parkano;1060;20121103;2012;11;3;3275000;6885000;1.7;3.4;0.8;5;541;6.78
;;;Parkano;1060;20121104;2012;11;4;3275000;6885000;-0.3;1.1;-2.1;0.1;1887;5.7
;;;Parkano;1060;20121105;2012;11;5;3275000;6885000;0.3;2.5;-2.9;0.1;3239;6.08
;;;Parkano;1060;20121106;2012;11;6;3275000;6885000;3.3;6.1;1.1;0;2053;7.25
;;;Parkano;1060;20121107;2012;11;7;3275000;6885000;4.4;7.2;2;0;2160;8.04
;;;Parkano;1060;20121108;2012;11;8;3275000;6885000;2.6;6.4;-0.1;0;2827;6.27
;;;Parkano;1060;20121109;2012;11;9;3275000;6885000;-2.1;2.1;-4.9;0;3910;4.77
;;;Parkano;1060;20121110;2012;11;10;3275000;6885000;0.4;2.9;-4;0;1914;5.96
;;;Parkano;1060;20121111;2012;11;11;3275000;6885000;0.7;1.8;-0.5;8.5;273;6.26
;;;Parkano;1060;20121112;2012;11;12;3275000;6885000;4.8;6.1;1.7;8.3;236;8.59
;;;Parkano;1060;20121113;2012;11;13;3275000;6885000;5.8;7.4;4.6;12.1;1356;8.43
;;;Parkano;1060;20121114;2012;11;14;3275000;6885000;3.9;6.6;2.9;1.8;654;7.6
;;;Parkano;1060;20121115;2012;11;15;3275000;6885000;3.5;4.7;2.2;12.1;558;7.67
;;;Parkano;1060;20121116;2012;11;16;3275000;6885000;3.9;4.7;2.7;5;477;8.02
;;;Parkano;1060;20121117;2012;11;17;3275000;6885000;1.8;4.1;0.4;1.5;583;6.79
;;;Parkano;1060;20121118;2012;11;18;3275000;6885000;3.1;3.9;2.2;8.1;457;7.6
;;;Parkano;1060;20121119;2012;11;19;3275000;6885000;-0.1;2.1;-1.6;0.6;521;5.7
;;;Parkano;1060;20121120;2012;11;20;3275000;6885000;-1.3;0;-3.3;0;2395;4.79
;;;Parkano;1060;20121121;2012;11;21;3275000;6885000;1.6;3.7;-1.4;6.1;465;6.29
;;;Parkano;1060;20121122;2012;11;22;3275000;6885000;-1;1.6;-3.2;4.3;1380;5.32
;;;Parkano;1060;20121123;2012;11;23;3275000;6885000;-3.7;-0.8;-6.4;0.9;976;4.59
;;;Parkano;1060;20121124;2012;11;24;3275000;6885000;-3;-1.1;-7.5;1;701;4.68
;;;Parkano;1060;20121125;2012;11;25;3275000;6885000;-3.3;-2;-3.9;0.1;650;4.58
;;;Parkano;1060;20121126;2012;11;26;3275000;6885000;-5;-3.2;-7.3;7.7;355;3.97
;;;Parkano;1060;20121127;2012;11;27;3275000;6885000;-1.5;-0.6;-3.4;0.1;889;4.71
;;;Parkano;1060;20121128;2012;11;28;3275000;6885000;-1.3;-0.3;-2.2;0;531;5.16
;;;Parkano;1060;20121129;2012;11;29;3275000;6885000;-1.7;0.3;-3.5;3.4;328;5.14
;;;Parkano;1060;20121130;2012;11;30;3275000;6885000;-0.5;2.2;-5.7;1;340;5.8
;;;Parkano;1060;20121201;2012;12;1;3275000;6885000;3;5.7;-0.2;0;1003;6.91
;;;Parkano;1060;20121202;2012;12;2;3275000;6885000;2;2.7;-0.5;0.6;404;6.95
;;;Parkano;1060;20121203;2012;12;3;3275000;6885000;1.2;2.8;0.3;7.1;247;6.5
;;;Parkano;1060;20121204;2012;12;4;3275000;6885000;2.6;3;0.5;1.6;127;7.23
;;;Parkano;1060;20121205;2012;12;5;3275000;6885000;2.1;3.1;0.6;2.5;244;6.99
;;;Parkano;1060;20121206;2012;12;6;3275000;6885000;2.6;3.9;1.5;2.4;179;7.1
;;;Parkano;1060;20121207;2012;12;7;3275000;6885000;0.9;2.3;-0.4;4.2;147;6.25
;;;Parkano;1060;20121208;2012;12;8;3275000;6885000;-0.3;0.3;-1.3;0.5;281;5.84
;;;Parkano;1060;20121209;2012;12;9;3275000;6885000;-2.2;-0.9;-3.1;0;121;4.85
;;;Parkano;1060;20121210;2012;12;10;3275000;6885000;-3.8;-2.5;-4.9;0;208;4.43
;;;Parkano;1060;20121211;2012;12;11;3275000;6885000;-0.9;0.7;-4.5;5.4;247;5.61
;;;Parkano;1060;20121212;2012;12;12;3275000;6885000;0.5;1.4;0.1;1.2;196;6.32
;;;Parkano;1060;20121213;2012;12;13;3275000;6885000;-0.8;0.4;-2.1;1.1;182;5.67
;;;Parkano;1060;20121214;2012;12;14;3275000;6885000;-3;-1.3;-5;1.1;284;4.66
;;;Parkano;1060;20121215;2012;12;15;3275000;6885000;0.3;0.5;-1.8;1.4;116;5.96
;;;Parkano;1060;20121216;2012;12;16;3275000;6885000;0.9;2.3;-0.8;0.3;125;6.34
;;;Parkano;1060;20121217;2012;12;17;3275000;6885000;0.1;1.4;-1.3;0;163;5.99
;;;Parkano;1060;20121218;2012;12;18;3275000;6885000;-3.3;-0.5;-4.7;0;855;4.65
;;;Parkano;1060;20121219;2012;12;19;3275000;6885000;-2.3;-1.5;-5.2;0;133;4.85
;;;Parkano;1060;20121220;2012;12;20;3275000;6885000;-1.6;-0.7;-3;2.1;116;5.27
;;;Parkano;1060;20121221;2012;12;21;3275000;6885000;0.8;2.2;-1.4;1.8;223;6.13
;;;Parkano;1060;20121222;2012;12;22;3275000;6885000;2.8;3.4;1.9;8.7;135;7.35
;;;Parkano;1060;20121223;2012;12;23;3275000;6885000;0.9;2.5;0.1;1;231;6.3
;;;Parkano;1060;20121224;2012;12;24;3275000;6885000;0.6;1.5;-0.2;7.4;225;6.23
;;;Parkano;1060;20121225;2012;12;25;3275000;6885000;-0.5;-0.1;-0.8;3.7;183;5.84
;;;Parkano;1060;20121226;2012;12;26;3275000;6885000;-1.9;-0.4;-2.3;0.4;297;4.78
;;;Parkano;1060;20121227;2012;12;27;3275000;6885000;-3.4;-1.8;-4.6;0;323;4.12
;;;Parkano;1060;20121228;2012;12;28;3275000;6885000;-4.6;-2.8;-6.7;0.1;326;4.1
;;;Parkano;1060;20121229;2012;12;29;3275000;6885000;0.6;1.4;-3;0;688;6.38
;;;Parkano;1060;20121230;2012;12;30;3275000;6885000;-0.8;1.6;-3.3;0;637;5.54
;;;Parkano;1060;20121231;2012;12;31;3275000;6885000;-5.9;-2.5;-9.8;0;1166;3.77
;;;Parkano;1060;20130101;2013;1;1;3275000;6885000;-1.7;-0.4;-3.7;0;774;5.38
;;;Parkano;1060;20130102;2013;1;2;3275000;6885000;-0.4;0.5;-3.8;0;358;5.82
;;;Parkano;1060;20130103;2013;1;3;3275000;6885000;-0.3;1.9;-1.8;0.1;664;4.99
;;;Parkano;1060;20130104;2013;1;4;3275000;6885000;-0.4;0.2;-1.8;0.4;162;5.57
;;;Parkano;1060;20130105;2013;1;5;3275000;6885000;-3.6;-0.3;-6.6;0;314;4.1
;;;Parkano;1060;20130106;2013;1;6;3275000;6885000;-6.1;-4.7;-8.5;0;328;3.32
;;;Parkano;1060;20130107;2013;1;7;3275000;6885000;-7.7;-6.1;-9;0;1101;2.66
;;;Parkano;1060;20130108;2013;1;8;3275000;6885000;-8;-7;-9;0;745;1.92
;;;Parkano;1060;20130109;2013;1;9;3275000;6885000;-6;-4.7;-8.2;1.2;576;2.65
;;;Parkano;1060;20130110;2013;1;10;3275000;6885000;-5.5;-4.8;-6.1;5.4;325;3.75
;;;Parkano;1060;20130111;2013;1;11;3275000;6885000;-3.6;-2.1;-5;2.9;210;4.46
;;;Parkano;1060;20130112;2013;1;12;3275000;6885000;-3.6;-2.5;-4.7;2.7;273;4.45
;;;Parkano;1060;20130113;2013;1;13;3275000;6885000;0.4;1;-3.5;2.4;324;6.1
;;;Parkano;1060;20130114;2013;1;14;3275000;6885000;1.8;3.4;0;8;183;6.67
;;;Parkano;1060;20130115;2013;1;15;3275000;6885000;1;2.1;0.1;9.1;327;6.24
;;;Parkano;1060;20130116;2013;1;16;3275000;6885000;0.8;3.2;-1.2;2.6;244;6.25
;;;Parkano;1060;20130117;2013;1;17;3275000;6885000;0.9;3;-1.1;2.2;276;6.39
;;;Parkano;1060;20130118;2013;1;18;3275000;6885000;2.5;3.2;1;1.6;130;7.05
;;;Parkano;1060;20130119;2013;1;19;3275000;6885000;1.9;3.1;1.3;7.9;156;6.78
;;;Parkano;1060;20130120;2013;1;20;3275000;6885000;2.8;4.2;1;3.7;300;6.81
;;;Parkano;1060;20130121;2013;1;21;3275000;6885000;2.3;3.4;1.6;5.3;252;6.81
;;;Parkano;1060;20130122;2013;1;22;3275000;6885000;1.2;1.9;0.6;5.7;301;6.44
;;;Parkano;1060;20130123;2013;1;23;3275000;6885000;-0.1;1.8;-0.5;2;654;5.72
;;;Parkano;1060;20130124;2013;1;24;3275000;6885000;-2.6;-0.4;-4.2;0.9;442;4.89
;;;Parkano;1060;20130125;2013;1;25;3275000;6885000;-2.7;-2.1;-3.6;0.1;507;4.59
;;;Parkano;1060;20130126;2013;1;26;3275000;6885000;-3.7;-2;-6;0.1;835;4.09
;;;Parkano;1060;20130127;2013;1;27;3275000;6885000;-1.6;2.5;-7.4;4.6;369;5.21
;;;Parkano;1060;20130128;2013;1;28;3275000;6885000;0;2.6;-0.9;0.8;1607;5.69
;;;Parkano;1060;20130129;2013;1;29;3275000;6885000;-1.2;0.1;-3.2;0.7;1097;5.37
;;;Parkano;1060;20130130;2013;1;30;3275000;6885000;-4.5;-2.2;-6.7;0;2153;4.09
;;;Parkano;1060;20130131;2013;1;31;3275000;6885000;-5.1;-0.5;-13.5;0.1;781;4.02
;;;Parkano;1060;20130201;2013;2;1;3275000;6885000;0.8;2.5;-1.6;0;658;6.28
;;;Parkano;1060;20130202;2013;2;2;3275000;6885000;-1.9;2.4;-3.2;2.3;568;5.12
;;;Parkano;1060;20130203;2013;2;3;3275000;6885000;-3.5;-0.8;-7.9;0;2519;4.47
;;;Parkano;1060;20130204;2013;2;4;3275000;6885000;-0.1;0.5;-3.7;2.7;737;5.61
;;;Parkano;1060;20130205;2013;2;5;3275000;6885000;0.6;1.6;-0.3;12.4;834;6.24
;;;Parkano;1060;20130206;2013;2;6;3275000;6885000;-3.1;0.5;-5.9;1.2;1784;4.64
;;;Parkano;1060;20130207;2013;2;7;3275000;6885000;-3.2;-0.8;-6.7;0.1;1026;4.68
;;;Parkano;1060;20130208;2013;2;8;3275000;6885000;-0.4;0.6;-1.7;0;703;5.84
;;;Parkano;1060;20130209;2013;2;9;3275000;6885000;0.1;0.5;-0.5;1.5;866;5.9
;;;Parkano;1060;20130210;2013;2;10;3275000;6885000;0.3;0.8;-0.1;2.8;905;6.01
;;;Parkano;1060;20130211;2013;2;11;3275000;6885000;0.2;1.2;-0.4;0.9;1656;6.06
;;;Parkano;1060;20130212;2013;2;12;3275000;6885000;1.4;2.5;-0.8;0.8;1012;6.68
;;;Parkano;1060;20130213;2013;2;13;3275000;6885000;1.2;1.9;0.9;0;950;6.57
;;;Parkano;1060;20130214;2013;2;14;3275000;6885000;0.1;1.6;-1.2;0;1558;6.15
;;;Parkano;1060;20130215;2013;2;15;3275000;6885000;-2.4;0.1;-4.2;0.3;2705;5.08
;;;Parkano;1060;20130216;2013;2;16;3275000;6885000;-0.7;1.6;-2.2;0;3235;4.65
;;;Parkano;1060;20130217;2013;2;17;3275000;6885000;-4;-1.7;-5.5;0;3489;3.02
;;;Parkano;1060;20130218;2013;2;18;3275000;6885000;-7.2;-4.8;-8.4;0.1;4205;2.43
;;;Parkano;1060;20130219;2013;2;19;3275000;6885000;-8;-1.9;-16.7;2.5;2492;2.95
;;;Parkano;1060;20130220;2013;2;20;3275000;6885000;-0.8;1.5;-2.3;0;3363;5.28
;;;Parkano;1060;20130221;2013;2;21;3275000;6885000;-2.3;1.8;-7.8;0.5;3027;4.53
;;;Parkano;1060;20130222;2013;2;22;3275000;6885000;-5.7;-0.7;-10;0.8;5137;3.31
;;;Parkano;1060;20130223;2013;2;23;3275000;6885000;-1;1.9;-6.7;0;2749;5.3
;;;Parkano;1060;20130224;2013;2;24;3275000;6885000;-0.5;0.5;-1.9;10.1;1490;5.69
;;;Parkano;1060;20130225;2013;2;25;3275000;6885000;1.6;3.7;0;2.6;3467;6.08
;;;Parkano;1060;20130226;2013;2;26;3275000;6885000;-0.7;2.2;-2.8;1.8;5568;4.94
;;;Parkano;1060;20130227;2013;2;27;3275000;6885000;-0.6;2.7;-4.1;4.2;1655;5.58
;;;Parkano;1060;20130228;2013;2;28;3275000;6885000;0.9;2.8;-0.9;0.3;4220;5.38
;;;Parkano;1060;20130301;2013;3;1;3275000;6885000;-0.1;2.4;-3;4;5528;4.88
;;;Parkano;1060;20130302;2013;3;2;3275000;6885000;0.9;1.9;0.3;3.6;1828;6.41
;;;Parkano;1060;20130303;2013;3;3;3275000;6885000;-2.7;1.1;-4.2;0.4;2809;4.78
;;;Parkano;1060;20130304;2013;3;4;3275000;6885000;-3.8;0.4;-10.3;0;5754;4.3
;;;Parkano;1060;20130305;2013;3;5;3275000;6885000;-0.9;0.3;-4.2;0;2923;5.03
;;;Parkano;1060;20130306;2013;3;6;3275000;6885000;-2;0.2;-3.2;0;3035;4.45
;;;Parkano;1060;20130307;2013;3;7;3275000;6885000;-5.2;-2.7;-7;7.4;2824;3.87
;;;Parkano;1060;20130308;2013;3;8;3275000;6885000;-6.2;-4;-7.2;0.8;4152;3.42
;;;Parkano;1060;20130309;2013;3;9;3275000;6885000;-8;-2.5;-13.3;1.5;7339;2.83
;;;Parkano;1060;20130310;2013;3;10;3275000;6885000;-1.7;0.4;-10.2;2.5;3948;5.18
;;;Parkano;1060;20130311;2013;3;11;3275000;6885000;-1.8;0.5;-2.7;0.5;3006;5.07
;;;Parkano;1060;20130312;2013;3;12;3275000;6885000;-1.9;-0.1;-3.9;2.8;3317;5.05
;;;Parkano;1060;20130313;2013;3;13;3275000;6885000;1;1.4;0.1;7.2;2479;6.37
;;;Parkano;1060;20130314;2013;3;14;3275000;6885000;3;4.2;0.7;0.9;2820;7.37
;;;Parkano;1060;20130315;2013;3;15;3275000;6885000;3.2;5.4;2.1;0.1;4174;7.07
;;;Parkano;1060;20130316;2013;3;16;3275000;6885000;1.9;3.8;0.7;0;2205;6.3
;;;Parkano;1060;20130317;2013;3;17;3275000;6885000;0.5;1.5;-0.2;2.8;2583;5.85
;;;Parkano;1060;20130318;2013;3;18;3275000;6885000;0.2;1.4;-0.4;0.4;2747;6.03
;;;Parkano;1060;20130319;2013;3;19;3275000;6885000;-2.5;0.3;-3.5;0.5;3176;4.5
;;;Parkano;1060;20130320;2013;3;20;3275000;6885000;-1.8;0.1;-3.5;0.4;5082;4.7
;;;Parkano;1060;20130321;2013;3;21;3275000;6885000;-0.7;1.3;-2.5;1.6;3624;5.19
;;;Parkano;1060;20130322;2013;3;22;3275000;6885000;-1;0.6;-4.9;1.4;5712;5
;;;Parkano;1060;20130323;2013;3;23;3275000;6885000;-2.7;-0.4;-3.4;0.5;6521;4.07
;;;Parkano;1060;20130324;2013;3;24;3275000;6885000;-6.7;-2.8;-9.3;0;9952;2.78
;;;Parkano;1060;20130325;2013;3;25;3275000;6885000;-10.4;-4.4;-16.7;0;12247;1.79
;;;Parkano;1060;20130326;2013;3;26;3275000;6885000;-9.9;-3.4;-17.4;0.1;12309;1.62
;;;Parkano;1060;20130327;2013;3;27;3275000;6885000;-7.8;-3.6;-12.4;0.1;7625;2.48
;;;Parkano;1060;20130328;2013;3;28;3275000;6885000;-8.7;-2.6;-14;0;11035;2.43
;;;Parkano;1060;20130329;2013;3;29;3275000;6885000;-3.7;1.8;-12.6;0.4;11884;3.13
;;;Parkano;1060;20130330;2013;3;30;3275000;6885000;-4;-1.9;-5;5.5;4034;3.27
;;;Parkano;1060;20130331;2013;3;31;3275000;6885000;-3.5;-0.6;-5.2;4.1;8716;4.08
;;;Parkano;1060;20130401;2013;4;1;3275000;6885000;-0.7;3.6;-5.3;0;13715;3.79
;;;Parkano;1060;20130402;2013;4;2;3275000;6885000;2.2;6.3;-2.7;0;12291;4.34
;;;Parkano;1060;20130403;2013;4;3;3275000;6885000;3.2;6;1.1;0.1;4872;6.21
;;;Parkano;1060;20130404;2013;4;4;3275000;6885000;5.6;11.3;1;0;11653;6.58
;;;Parkano;1060;20130405;2013;4;5;3275000;6885000;5.1;9.5;3.5;0;9498;6.64
;;;Parkano;1060;20130406;2013;4;6;3275000;6885000;4.9;12.6;-1.8;0;11510;5.54
;;;Parkano;1060;20130407;2013;4;7;3275000;6885000;4;11.1;-2.7;0;10221;4.7
;;;Parkano;1060;20130408;2013;4;8;3275000;6885000;1.4;6.8;-0.5;0;8427;5.87
;;;Parkano;1060;20130409;2013;4;9;3275000;6885000;2.8;5.8;1;1;4669;6.81
;;;Parkano;1060;20130410;2013;4;10;3275000;6885000;3.1;6;0.2;2.5;7261;6.94
;;;Parkano;1060;20130411;2013;4;11;3275000;6885000;3.8;4.8;3;3.2;1935;7.8
;;;Parkano;1060;20130412;2013;4;12;3275000;6885000;2.9;4.6;1.9;8.4;2751;7.44
;;;Parkano;1060;20130413;2013;4;13;3275000;6885000;1.1;2.4;0.4;3.4;2245;6.63
;;;Parkano;1060;20130414;2013;4;14;3275000;6885000;0.9;3.6;-0.7;1.1;6705;6.34
;;;Parkano;1060;20130415;2013;4;15;3275000;6885000;1.3;3.2;0.3;0;4942;6.28
;;;Parkano;1060;20130416;2013;4;16;3275000;6885000;2.8;7.2;-1.1;2.2;10846;5.77
;;;Parkano;1060;20130417;2013;4;17;3275000;6885000;0.2;4.8;-0.4;11;2565;5.82
;;;Parkano;1060;20130418;2013;4;18;3275000;6885000;-0.6;2.4;-2.1;0.7;10237;5.38
;;;Parkano;1060;20130419;2013;4;19;3275000;6885000;2.4;7.2;-1.9;0.7;8381;6.66
;;;Parkano;1060;20130420;2013;4;20;3275000;6885000;4;9.7;-1.6;0;14381;5.98
;;;Parkano;1060;20130421;2013;4;21;3275000;6885000;4.1;9.5;-2.3;0;19894;4.42
;;;Parkano;1060;20130422;2013;4;22;3275000;6885000;4;10.5;-2;0;17793;4.93
;;;Parkano;1060;20130423;2013;4;23;3275000;6885000;3;6.7;0.4;0;19531;4.23
;;;Parkano;1060;20130424;2013;4;24;3275000;6885000;2.4;8.4;-5;0;15179;4.23
;;;Parkano;1060;20130425;2013;4;25;3275000;6885000;4.1;9.9;-1.6;0;12104;4.8
;;;Parkano;1060;20130426;2013;4;26;3275000;6885000;4.2;10.7;-4.5;0;21063;4.03
;;;Parkano;1060;20130427;2013;4;27;3275000;6885000;4.5;12.1;-3.8;0;20646;4.96
;;;Parkano;1060;20130428;2013;4;28;3275000;6885000;4.5;12.1;-2.7;0;19261;4.96
;;;Parkano;1060;20130429;2013;4;29;3275000;6885000;6.5;14.9;-3.6;0;20571;5.06
;;;Parkano;1060;20130430;2013;4;30;3275000;6885000;8.5;16.4;-0.4;0;20734;5.81
;;;Parkano;1060;20130501;2013;5;1;3275000;6885000;8.3;13.6;2.7;0;9353;8.34
;;;Parkano;1060;20130502;2013;5;2;3275000;6885000;9.7;14;4.5;0.2;6654;10.26
;;;Parkano;1060;20130503;2013;5;3;3275000;6885000;11.9;18.5;6.3;0;13493;10.05
;;;Parkano;1060;20130504;2013;5;4;3275000;6885000;14.5;21;5.7;0;19124;9.06
;;;Parkano;1060;20130505;2013;5;5;3275000;6885000;13.6;19.2;6.5;0;13065;9.26
;;;Parkano;1060;20130506;2013;5;6;3275000;6885000;15.5;21.4;9.3;0;15037;9.38
;;;Parkano;1060;20130507;2013;5;7;3275000;6885000;15.7;23.2;7.8;0;19767;8.99
;;;Parkano;1060;20130508;2013;5;8;3275000;6885000;12.5;18.8;5.3;0;21793;9.37
;;;Parkano;1060;20130509;2013;5;9;3275000;6885000;6.3;13.6;5;0.1;14429;6.68
;;;Parkano;1060;20130510;2013;5;10;3275000;6885000;3.8;11.3;-3.3;0.6;20505;5.25
;;;Parkano;1060;20130511;2013;5;11;3275000;6885000;7.4;12.5;2.4;1.7;10951;8.76
;;;Parkano;1060;20130512;2013;5;12;3275000;6885000;9;14.4;1.4;0.1;16008;7.77
;;;Parkano;1060;20130513;2013;5;13;3275000;6885000;12.5;19.1;5.9;0;21757;8.97
;;;Parkano;1060;20130514;2013;5;14;3275000;6885000;12.4;19.8;4.8;0;22649;8.19
;;;Parkano;1060;20130515;2013;5;15;3275000;6885000;12.9;22.3;2.9;0.2;20034;7.97
;;;Parkano;1060;20130516;2013;5;16;3275000;6885000;6.1;14.1;2.9;0;20819;5.15
;;;Parkano;1060;20130517;2013;5;17;3275000;6885000;3.3;7.9;-3;0.3;21712;4.14
;;;Parkano;1060;20130518;2013;5;18;3275000;6885000;3.3;8.8;-5.3;0;17659;4.71
;;;Parkano;1060;20130519;2013;5;19;3275000;6885000;3.7;9.5;-2.6;0.1;20340;4.73
;;;Parkano;1060;20130520;2013;5;20;3275000;6885000;4.6;10.2;-2.4;0.1;19954;4.73
;;;Parkano;1060;20130521;2013;5;21;3275000;6885000;5.4;11.2;-1.5;2.7;20642;4.36
;;;Parkano;1060;20130522;2013;5;22;3275000;6885000;4;9.3;1.5;0.3;8831;5.82
;;;Parkano;1060;20130523;2013;5;23;3275000;6885000;4.4;9.8;-2;0.1;18249;5.11
;;;Parkano;1060;20130524;2013;5;24;3275000;6885000;5.4;12.6;-2.9;1.1;18304;5.72
;;;Parkano;1060;20130525;2013;5;25;3275000;6885000;7.3;12.2;1.5;1.5;15979;7.55
;;;Parkano;1060;20130526;2013;5;26;3275000;6885000;9.2;15.1;0.3;0.2;19017;6.92
;;;Parkano;1060;20130527;2013;5;27;3275000;6885000;10.9;16.1;5.5;0;18835;6.9
;;;Parkano;1060;20130528;2013;5;28;3275000;6885000;11.1;17.3;2.6;0.2;24732;6.13
;;;Parkano;1060;20130529;2013;5;29;3275000;6885000;12;18.6;3.7;0;23751;6.07
;;;Parkano;1060;20130530;2013;5;30;3275000;6885000;9.7;16.6;4.8;0;21178;6.74
;;;Parkano;1060;20130531;2013;5;31;3275000;6885000;7.2;12.4;0.5;0;20032;5.41
;;;Parkano;1060;20130601;2013;6;1;3275000;6885000;10;17.3;-1.1;0;27265;6.42
;;;Parkano;1060;20130602;2013;6;2;3275000;6885000;13;19.9;2.6;0;27692;7.49
;;;Parkano;1060;20130603;2013;6;3;3275000;6885000;14.6;23.6;4.5;0.1;27012;7.64
;;;Parkano;1060;20130604;2013;6;4;3275000;6885000;15.7;24.4;5;0;28299;7.27
;;;Parkano;1060;20130605;2013;6;5;3275000;6885000;17.4;25;4.6;0.4;22301;9.1
;;;Parkano;1060;20130606;2013;6;6;3275000;6885000;14.8;22.2;12.6;0;18743;10.3
;;;Parkano;1060;20130607;2013;6;7;3275000;6885000;15.2;20.8;8.5;0;26897;8.64
;;;Parkano;1060;20130608;2013;6;8;3275000;6885000;16;23.7;5.3;0;27487;8.43
;;;Parkano;1060;20130609;2013;6;9;3275000;6885000;17;24.2;5.7;0;27953;7.63
;;;Parkano;1060;20130610;2013;6;10;3275000;6885000;18.2;26;8.3;0;24667;10.24
;;;Parkano;1060;20130611;2013;6;11;3275000;6885000;15.6;21.1;8.9;0;27861;7.81
;;;Parkano;1060;20130612;2013;6;12;3275000;6885000;16.3;22.6;9.1;9.5;21616;11.66
;;;Parkano;1060;20130613;2013;6;13;3275000;6885000;11.8;19.1;9.9;0.6;9975;11.38
;;;Parkano;1060;20130614;2013;6;14;3275000;6885000;11.1;15.6;8.6;4.6;7334;11.77
;;;Parkano;1060;20130615;2013;6;15;3275000;6885000;7.7;11.3;5.5;0.9;8304;9.08
;;;Parkano;1060;20130616;2013;6;16;3275000;6885000;8.1;12.2;4.8;0.4;14745;7.75
;;;Parkano;1060;20130617;2013;6;17;3275000;6885000;10.1;15.4;4;0.4;18089;8.96
;;;Parkano;1060;20130618;2013;6;18;3275000;6885000;13;18.6;2.9;5.8;20830;9.08
;;;Parkano;1060;20130619;2013;6;19;3275000;6885000;11.3;15.2;9.8;0.6;10567;12.05
;;;Parkano;1060;20130620;2013;6;20;3275000;6885000;11.9;17.2;6.4;7.1;21405;11.4
;;;Parkano;1060;20130621;2013;6;21;3275000;6885000;11;13.6;7.8;12.5;9515;12.31
;;;Parkano;1060;20130622;2013;6;22;3275000;6885000;12;14.9;10.2;0.9;9826;12.74
;;;Parkano;1060;20130623;2013;6;23;3275000;6885000;14.2;18.7;8;0.5;25649;11.12
;;;Parkano;1060;20130624;2013;6;24;3275000;6885000;14.1;19;11.1;5.2;13469;12.93
;;;Parkano;1060;20130625;2013;6;25;3275000;6885000;12.7;16.2;10;5;18292;11.66
;;;Parkano;1060;20130626;2013;6;26;3275000;6885000;13.4;18;8.6;0.5;22937;11.34
;;;Parkano;1060;20130627;2013;6;27;3275000;6885000;11.6;16.6;7.7;10.9;5546;12.87
;;;Parkano;1060;20130628;2013;6;28;3275000;6885000;12.2;15.2;10.5;2.6;10947;12.77
;;;Parkano;1060;20130629;2013;6;29;3275000;6885000;10.6;13.4;7.5;0.3;16152;8.13
;;;Parkano;1060;20130630;2013;6;30;3275000;6885000;11;14.4;6.7;0.2;23869;8
;;;Parkano;1060;20130701;2013;7;1;3275000;6885000;14.4;20.4;7.7;0.2;27013;8.18
;;;Parkano;1060;20130702;2013;7;2;3275000;6885000;13.2;22;5.2;8.5;20933;10.78
;;;Parkano;1060;20130703;2013;7;3;3275000;6885000;13.4;16.8;10.9;3.7;11722;13.04
;;;Parkano;1060;20130704;2013;7;4;3275000;6885000;13.9;19.4;8.8;3.2;17065;13.66
;;;Parkano;1060;20130705;2013;7;5;3275000;6885000;15.5;20.4;9.8;2.7;16822;14.21
;;;Parkano;1060;20130706;2013;7;6;3275000;6885000;14.7;18.7;12.5;0.2;22480;11.07
;;;Parkano;1060;20130707;2013;7;7;3275000;6885000;16.2;21.9;8.3;0;18931;13.72
;;;Parkano;1060;20130708;2013;7;8;3275000;6885000;20.5;26.3;13.9;0.1;27463;12.65
;;;Parkano;1060;20130709;2013;7;9;3275000;6885000;11.9;23;6.1;0.1;19756;9.32
;;;Parkano;1060;20130710;2013;7;10;3275000;6885000;10;14.8;0.3;0.1;19319;8.83
;;;Parkano;1060;20130711;2013;7;11;3275000;6885000;9.4;13.9;3.7;0.1;14864;8.87
;;;Parkano;1060;20130712;2013;7;12;3275000;6885000;12.7;19;4.5;0.1;24080;8.93
;;;Parkano;1060;20130713;2013;7;13;3275000;6885000;11.1;18;9.2;1.5;8574;11.37
;;;Parkano;1060;20130714;2013;7;14;3275000;6885000;12.7;18.6;9.3;0.1;15143;12.29
;;;Parkano;1060;20130715;2013;7;15;3275000;6885000;13.3;20.6;4.3;23.1;18295;12.83
;;;Parkano;1060;20130716;2013;7;16;3275000;6885000;16.1;19.4;13.8;1.2;15303;15.65
;;;Parkano;1060;20130717;2013;7;17;3275000;6885000;16;21;10.9;4.7;18899;14.12
;;;Parkano;1060;20130718;2013;7;18;3275000;6885000;16.9;20.5;12.3;0;21015;12.54
;;;Parkano;1060;20130719;2013;7;19;3275000;6885000;16.7;20.6;13.1;1.4;20437;13.98
;;;Parkano;1060;20130720;2013;7;20;3275000;6885000;16.2;20.2;14.5;1.5;16349;15.15
;;;Parkano;1060;20130721;2013;7;21;3275000;6885000;14.6;18.6;11.3;2.1;17631;13.27
;;;Parkano;1060;20130722;2013;7;22;3275000;6885000;13.6;18.3;8.7;7.2;19523;13.28
;;;Parkano;1060;20130723;2013;7;23;3275000;6885000;15.2;19.2;10.9;2.8;16025;15.09
;;;Parkano;1060;20130724;2013;7;24;3275000;6885000;17.1;22.5;10.1;0.3;16816;14.02
;;;Parkano;1060;20130725;2013;7;25;3275000;6885000;13.9;19.2;13.2;30.6;4242;14.97
;;;Parkano;1060;20130726;2013;7;26;3275000;6885000;13.4;14.1;12.7;4.9;5069;14.9
;;;Parkano;1060;20130727;2013;7;27;3275000;6885000;15.6;19.7;11.8;0;25640;12.85
;;;Parkano;1060;20130728;2013;7;28;3275000;6885000;17.3;22.4;11.3;0;26139;13.63
;;;Parkano;1060;20130729;2013;7;29;3275000;6885000;19.3;26.1;10.4;0;24814;14.76
;;;Parkano;1060;20130730;2013;7;30;3275000;6885000;19.7;26.6;11.2;0.1;24925;13.82
;;;Parkano;1060;20130731;2013;7;31;3275000;6885000;17.6;23.9;10.8;0;25699;11.06
;;;Parkano;1060;20130801;2013;8;1;3275000;6885000;16.3;22.1;8.1;0;22875;11.58
;;;Parkano;1060;20130802;2013;8;2;3275000;6885000;16.5;21.8;9.7;0;25330;10.76
;;;Parkano;1060;20130803;2013;8;3;3275000;6885000;16.2;23;7.3;0.1;25118;10.48
;;;Parkano;1060;20130804;2013;8;4;3275000;6885000;17.3;24.8;7.8;0.2;22914;13.18
;;;Parkano;1060;20130805;2013;8;5;3275000;6885000;15;22.1;12.9;0;17302;13.49
;;;Parkano;1060;20130806;2013;8;6;3275000;6885000;12;18.5;3.8;0;22222;9.27
;;;Parkano;1060;20130807;2013;8;7;3275000;6885000;12.9;17.9;7.6;0.7;11637;11.79
;;;Parkano;1060;20130808;2013;8;8;3275000;6885000;12.5;16.7;9.4;0;15110;10.39
;;;Parkano;1060;20130809;2013;8;9;3275000;6885000;12.4;17.7;7.5;0;19852;8.66
;;;Parkano;1060;20130810;2013;8;10;3275000;6885000;11.3;14.8;6.8;0;11312;8.79
;;;Parkano;1060;20130811;2013;8;11;3275000;6885000;11.8;16.9;2.9;15.8;10607;10.6
;;;Parkano;1060;20130812;2013;8;12;3275000;6885000;13.5;15.4;11.3;9.2;3457;15.34
;;;Parkano;1060;20130813;2013;8;13;3275000;6885000;13.8;18.6;10.8;3.5;14760;12.21
;;;Parkano;1060;20130814;2013;8;14;3275000;6885000;12.4;16.5;8.7;7.1;13180;12.21
;;;Parkano;1060;20130815;2013;8;15;3275000;6885000;13.7;17.3;8.8;8.9;9056;14.14
;;;Parkano;1060;20130816;2013;8;16;3275000;6885000;16.2;20.3;12.8;0.6;14786;14.8
;;;Parkano;1060;20130817;2013;8;17;3275000;6885000;15.4;18.9;11.1;3.9;6752;15.94
;;;Parkano;1060;20130818;2013;8;18;3275000;6885000;14.9;18.9;13.1;5;12900;14.52
;;;Parkano;1060;20130819;2013;8;19;3275000;6885000;15;18.7;12.6;0.1;15236;13.92
;;;Parkano;1060;20130820;2013;8;20;3275000;6885000;11.9;16.2;7.2;4.6;6758;12.69
;;;Parkano;1060;20130821;2013;8;21;3275000;6885000;14.1;16.7;12.1;11.1;6914;14.5
;;;Parkano;1060;20130822;2013;8;22;3275000;6885000;16.4;19.6;14.3;3.1;7976;16.92
;;;Parkano;1060;20130823;2013;8;23;3275000;6885000;13.9;16.5;13.1;1.6;6313;15.09
;;;Parkano;1060;20130824;2013;8;24;3275000;6885000;14.9;18.5;12.8;8.9;7455;15.96
;;;Parkano;1060;20130825;2013;8;25;3275000;6885000;14.7;17.6;10.7;16.6;7930;15.99
;;;Parkano;1060;20130826;2013;8;26;3275000;6885000;13.7;15.8;13.2;1.9;8342;14.31
;;;Parkano;1060;20130827;2013;8;27;3275000;6885000;13.2;17.1;10;0;16291;11.51
;;;Parkano;1060;20130828;2013;8;28;3275000;6885000;11.9;18.5;5.6;0.1;14864;10.88
;;;Parkano;1060;20130829;2013;8;29;3275000;6885000;12.2;17.8;6.7;0;14293;11.38
;;;Parkano;1060;20130830;2013;8;30;3275000;6885000;11.5;15.1;8.3;0;9100;11.37
;;;Parkano;1060;20130831;2013;8;31;3275000;6885000;11.8;16.1;6.8;0.1;11966;11.53
;;;Parkano;1060;20130901;2013;9;1;3275000;6885000;10.6;13.4;9.8;27.6;3630;12.49
;;;Parkano;1060;20130902;2013;9;2;3275000;6885000;9.7;13.3;8.1;0;10114;9.72
;;;Parkano;1060;20130903;2013;9;3;3275000;6885000;9.4;14.7;6.1;2.6;10614;10.12
;;;Parkano;1060;20130904;2013;9;4;3275000;6885000;6.5;11.2;2.3;0;16181;7.18
;;;Parkano;1060;20130905;2013;9;5;3275000;6885000;8.4;15.6;0.4;0;11456;9.02
;;;Parkano;1060;20130906;2013;9;6;3275000;6885000;6;10.8;0.9;4.8;6248;8.57
;;;Parkano;1060;20130907;2013;9;7;3275000;6885000;12.2;14.8;7.8;9.9;3795;14.04
;;;Parkano;1060;20130908;2013;9;8;3275000;6885000;12.8;15.5;11.4;1.7;10345;12.55
;;;Parkano;1060;20130909;2013;9;9;3275000;6885000;12.9;15.4;10.4;17.4;7651;13.44
;;;Parkano;1060;20130910;2013;9;10;3275000;6885000;12;14.5;10.3;0.1;9472;12.35
;;;Parkano;1060;20130911;2013;9;11;3275000;6885000;10.8;15.9;6.5;0;12594;10.17
;;;Parkano;1060;20130912;2013;9;12;3275000;6885000;8.8;15.5;2.2;0;11326;8.2
;;;Parkano;1060;20130913;2013;9;13;3275000;6885000;10.3;13.4;4.3;0;8437;9.06
;;;Parkano;1060;20130914;2013;9;14;3275000;6885000;8;12.8;3.6;0;12598;8.18
;;;Parkano;1060;20130915;2013;9;15;3275000;6885000;5.9;10.5;0.8;0;12489;6.99
;;;Parkano;1060;20130916;2013;9;16;3275000;6885000;4.8;10.1;-1.1;0;11600;6.75
;;;Parkano;1060;20130917;2013;9;17;3275000;6885000;5.6;8.3;2.5;0;5417;7.03
;;;Parkano;1060;20130918;2013;9;18;3275000;6885000;5.7;7.3;2.7;0;3775;7.25
;;;Parkano;1060;20130919;2013;9;19;3275000;6885000;5.9;7.2;4.8;0;3390;7.37
;;;Parkano;1060;20130920;2013;9;20;3275000;6885000;5.5;6.4;4.9;0;2086;7.32
;;;Parkano;1060;20130921;2013;9;21;3275000;6885000;4.5;5.7;3.8;0.2;2369;7.18
;;;Parkano;1060;20130922;2013;9;22;3275000;6885000;6.1;8.4;3.9;0.1;5118;8.14
;;;Parkano;1060;20130923;2013;9;23;3275000;6885000;7;10;3.3;0.5;6174;8.08
;;;Parkano;1060;20130924;2013;9;24;3275000;6885000;7.9;10.3;5.8;1.7;3572;10.15
;;;Parkano;1060;20130925;2013;9;25;3275000;6885000;8.1;13.1;4.5;0;5630;9.97
;;;Parkano;1060;20130926;2013;9;26;3275000;6885000;6.3;12.5;0.3;0;6875;8.92
;;;Parkano;1060;20130927;2013;9;27;3275000;6885000;8.3;16.1;2.6;0;9459;9.73
;;;Parkano;1060;20130928;2013;9;28;3275000;6885000;7.6;14.4;1.8;0;9076;9.35
;;;Parkano;1060;20130929;2013;9;29;3275000;6885000;8.1;15;3.6;0.1;9597;9.36
;;;Parkano;1060;20130930;2013;9;30;3275000;6885000;7.5;12.5;1.6;0;4737;9.8
;;;Parkano;1060;20131001;2013;10;1;3275000;6885000;7.9;12.9;0.1;0.3;4461;9.25
;;;Parkano;1060;20131002;2013;10;2;3275000;6885000;8.7;11.6;5.3;0.1;7044;8.32
;;;Parkano;1060;20131003;2013;10;3;3275000;6885000;5.6;10;3.4;0;8530;7.22
;;;Parkano;1060;20131004;2013;10;4;3275000;6885000;4.4;11.1;-0.8;0;8138;6.99
;;;Parkano;1060;20131005;2013;10;5;3275000;6885000;6.6;8.5;1.5;5.3;2156;9.27
;;;Parkano;1060;20131006;2013;10;6;3275000;6885000;7.2;8.2;6.5;2.9;1718;9.44
;;;Parkano;1060;20131007;2013;10;7;3275000;6885000;5.3;7.7;2.5;0.4;2752;8.26
;;;Parkano;1060;20131008;2013;10;8;3275000;6885000;6.6;9.5;3.8;0;3958;9.16
;;;Parkano;1060;20131009;2013;10;9;3275000;6885000;7.6;9.5;2.9;15.2;3110;9.47
;;;Parkano;1060;20131010;2013;10;10;3275000;6885000;7.3;9.3;4;0.1;5182;8.52
;;;Parkano;1060;20131011;2013;10;11;3275000;6885000;6;9.5;3.7;0;7911;7.56
;;;Parkano;1060;20131012;2013;10;12;3275000;6885000;3.7;10.1;-1.8;0;6788;7.34
;;;Parkano;1060;20131013;2013;10;13;3275000;6885000;5.2;8.4;-0.1;1.8;2685;8.58
;;;Parkano;1060;20131014;2013;10;14;3275000;6885000;7.9;11.7;4.6;0.3;5981;9.47
;;;Parkano;1060;20131015;2013;10;15;3275000;6885000;8.9;11.3;4.9;7.4;1598;11.1
;;;Parkano;1060;20131016;2013;10;16;3275000;6885000;7.6;11.5;3.7;0.1;6807;8.99
;;;Parkano;1060;20131017;2013;10;17;3275000;6885000;6.5;8.8;2.5;0.4;3633;8.85
;;;Parkano;1060;20131018;2013;10;18;3275000;6885000;7.6;10.7;4.2;0.3;4597;9.31
;;;Parkano;1060;20131019;2013;10;19;3275000;6885000;5.2;9.5;1.9;0;4940;7.94
;;;Parkano;1060;20131020;2013;10;20;3275000;6885000;5.3;8.9;-0.5;17.1;873;8.93
;;;Parkano;1060;20131021;2013;10;21;3275000;6885000;4.6;8.7;3;2.1;2060;8.16
;;;Parkano;1060;20131022;2013;10;22;3275000;6885000;3.8;6.2;0.6;1;4253;7.23
;;;Parkano;1060;20131023;2013;10;23;3275000;6885000;5.2;7.8;0.3;2.5;1672;8.79
;;;Parkano;1060;20131024;2013;10;24;3275000;6885000;6;9.1;0;0.9;3047;8.79
;;;Parkano;1060;20131025;2013;10;25;3275000;6885000;9.4;10.4;7;14.5;619;10.97
;;;Parkano;1060;20131026;2013;10;26;3275000;6885000;6.7;8.9;5.1;0.1;2937;8.04
;;;Parkano;1060;20131027;2013;10;27;3275000;6885000;4.5;7.4;1;2.2;4392;7.52
;;;Parkano;1060;20131028;2013;10;28;3275000;6885000;8.1;9.5;3.6;3.7;426;10.04
;;;Parkano;1060;20131029;2013;10;29;3275000;6885000;8.4;9.8;6.9;17.5;2823;9.25
;;;Parkano;1060;20131030;2013;10;30;3275000;6885000;7.7;8.7;6.4;18.6;507;9.87
;;;Parkano;1060;20131031;2013;10;31;3275000;6885000;6.4;8.4;4.5;1.9;2065;9.08
;;;Parkano;1060;20131101;2013;11;1;3275000;6885000;3.3;5.8;1.9;6.4;2037;7.42
;;;Parkano;1060;20131102;2013;11;2;3275000;6885000;2.5;5;1.1;0;2590;7.05
;;;Parkano;1060;20131103;2013;11;3;3275000;6885000;1.5;2.9;-0.4;15.2;1257;6.76
;;;Parkano;1060;20131104;2013;11;4;3275000;6885000;1.7;3.4;0.8;5;541;6.78
;;;Parkano;1060;20131105;2013;11;5;3275000;6885000;-0.3;1.1;-2.1;0.1;1887;5.7
;;;Parkano;1060;20131106;2013;11;6;3275000;6885000;0.3;2.5;-2.9;0.1;3239;6.08
;;;Parkano;1060;20131107;2013;11;7;3275000;6885000;3.3;6.1;1.1;0;2053;7.25
;;;Parkano;1060;20131108;2013;11;8;3275000;6885000;4.4;7.2;2;0;2160;8.04
;;;Parkano;1060;20131109;2013;11;9;3275000;6885000;2.6;6.4;-0.1;0;2827;6.27
;;;Parkano;1060;20131110;2013;11;10;3275000;6885000;-2.1;2.1;-4.9;0;3910;4.77
;;;Parkano;1060;20131111;2013;11;11;3275000;6885000;0.4;2.9;-4;0;1914;5.96
;;;Parkano;1060;20131112;2013;11;12;3275000;6885000;0.7;1.8;-0.5;8.5;273;6.26
;;;Parkano;1060;20131113;2013;11;13;3275000;6885000;4.8;6.1;1.7;8.3;236;8.59
;;;Parkano;1060;20131114;2013;11;14;3275000;6885000;5.8;7.4;4.6;12.1;1356;8.43
;;;Parkano;1060;20131115;2013;11;15;3275000;6885000;3.9;6.6;2.9;1.8;654;7.6
;;;Parkano;1060;20131116;2013;11;16;3275000;6885000;3.5;4.7;2.2;12.1;558;7.67
;;;Parkano;1060;20131117;2013;11;17;3275000;6885000;3.9;4.7;2.7;5;477;8.02
;;;Parkano;1060;20131118;2013;11;18;3275000;6885000;1.8;4.1;0.4;1.5;583;6.79
;;;Parkano;1060;20131119;2013;11;19;3275000;6885000;3.1;3.9;2.2;8.1;457;7.6
;;;Parkano;1060;20131120;2013;11;20;3275000;6885000;-0.1;2.1;-1.6;0.6;521;5.7
;;;Parkano;1060;20131121;2013;11;21;3275000;6885000;-1.3;0;-3.3;0;2395;4.79
;;;Parkano;1060;20131122;2013;11;22;3275000;6885000;1.6;3.7;-1.4;6.1;465;6.29
;;;Parkano;1060;20131123;2013;11;23;3275000;6885000;-1;1.6;-3.2;4.3;1380;5.32
;;;Parkano;1060;20131124;2013;11;24;3275000;6885000;-3.7;-0.8;-6.4;0.9;976;4.59
;;;Parkano;1060;20131125;2013;11;25;3275000;6885000;-3;-1.1;-7.5;1;701;4.68
;;;Parkano;1060;20131126;2013;11;26;3275000;6885000;-3.3;-2;-3.9;0.1;650;4.58
;;;Parkano;1060;20131127;2013;11;27;3275000;6885000;-5;-3.2;-7.3;7.7;355;3.97
;;;Parkano;1060;20131128;2013;11;28;3275000;6885000;-1.5;-0.6;-3.4;0.1;889;4.71
;;;Parkano;1060;20131129;2013;11;29;3275000;6885000;-1.3;-0.3;-2.2;0;531;5.16
;;;Parkano;1060;20131130;2013;11;30;3275000;6885000;-1.7;0.3;-3.5;3.4;328;5.14
;;;Parkano;1060;20131201;2013;12;1;3275000;6885000;-0.5;2.2;-5.7;1;340;5.8
;;;Parkano;1060;20131202;2013;12;2;3275000;6885000;3;5.7;-0.2;0;1003;6.91
;;;Parkano;1060;20131203;2013;12;3;3275000;6885000;2;2.7;-0.5;0.6;404;6.95
;;;Parkano;1060;20131204;2013;12;4;3275000;6885000;1.2;2.8;0.3;7.1;247;6.5
;;;Parkano;1060;20131205;2013;12;5;3275000;6885000;2.6;3;0.5;1.6;127;7.23
;;;Parkano;1060;20131206;2013;12;6;3275000;6885000;2.1;3.1;0.6;2.5;244;6.99
;;;Parkano;1060;20131207;2013;12;7;3275000;6885000;2.6;3.9;1.5;2.4;179;7.1
;;;Parkano;1060;20131208;2013;12;8;3275000;6885000;0.9;2.3;-0.4;4.2;147;6.25
;;;Parkano;1060;20131209;2013;12;9;3275000;6885000;-0.3;0.3;-1.3;0.5;281;5.84
;;;Parkano;1060;20131210;2013;12;10;3275000;6885000;-2.2;-0.9;-3.1;0;121;4.85
;;;Parkano;1060;20131211;2013;12;11;3275000;6885000;-3.8;-2.5;-4.9;0;208;4.43
;;;Parkano;1060;20131212;2013;12;12;3275000;6885000;-0.9;0.7;-4.5;5.4;247;5.61
;;;Parkano;1060;20131213;2013;12;13;3275000;6885000;0.5;1.4;0.1;1.2;196;6.32
;;;Parkano;1060;20131214;2013;12;14;3275000;6885000;-0.8;0.4;-2.1;1.1;182;5.67
;;;Parkano;1060;20131215;2013;12;15;3275000;6885000;-3;-1.3;-5;1.1;284;4.66
;;;Parkano;1060;20131216;2013;12;16;3275000;6885000;0.3;0.5;-1.8;1.4;116;5.96
;;;Parkano;1060;20131217;2013;12;17;3275000;6885000;0.9;2.3;-0.8;0.3;125;6.34
;;;Parkano;1060;20131218;2013;12;18;3275000;6885000;0.1;1.4;-1.3;0;163;5.99
;;;Parkano;1060;20131219;2013;12;19;3275000;6885000;-3.3;-0.5;-4.7;0;855;4.65
;;;Parkano;1060;20131220;2013;12;20;3275000;6885000;-2.3;-1.5;-5.2;0;133;4.85
;;;Parkano;1060;20131221;2013;12;21;3275000;6885000;-1.6;-0.7;-3;2.1;116;5.27
;;;Parkano;1060;20131222;2013;12;22;3275000;6885000;0.8;2.2;-1.4;1.8;223;6.13
;;;Parkano;1060;20131223;2013;12;23;3275000;6885000;2.8;3.4;1.9;8.7;135;7.35
;;;Parkano;1060;20131224;2013;12;24;3275000;6885000;0.9;2.5;0.1;1;231;6.3
;;;Parkano;1060;20131225;2013;12;25;3275000;6885000;0.6;1.5;-0.2;7.4;225;6.23
;;;Parkano;1060;20131226;2013;12;26;3275000;6885000;-0.5;-0.1;-0.8;3.7;183;5.84
;;;Parkano;1060;20131227;2013;12;27;3275000;6885000;-1.9;-0.4;-2.3;0.4;297;4.78
;;;Parkano;1060;20131228;2013;12;28;3275000;6885000;-3.4;-1.8;-4.6;0;323;4.12
;;;Parkano;1060;20131229;2013;12;29;3275000;6885000;-4.6;-2.8;-6.7;0.1;326;4.1
;;;Parkano;1060;20131230;2013;12;30;3275000;6885000;0.6;1.4;-3;0;688;6.38
;;;Parkano;1060;20131231;2013;12;31;3275000;6885000;-0.8;1.6;-3.3;0;637;5.54
;;;Parkano;1060;20140101;2014;1;1;3275000;6885000;-5.9;-2.5;-9.8;0;1166;3.77
;;;Parkano;1060;20140102;2014;1;2;3275000;6885000;-1.7;-0.4;-3.7;0;774;5.38
;;;Parkano;1060;20140103;2014;1;3;3275000;6885000;-0.4;0.5;-3.8;0;358;5.82
;;;Parkano;1060;20140104;2014;1;4;3275000;6885000;-0.3;1.9;-1.8;0.1;664;4.99
;;;Parkano;1060;20140105;2014;1;5;3275000;6885000;-0.4;0.2;-1.8;0.4;162;5.57
;;;Parkano;1060;20140106;2014;1;6;3275000;6885000;-3.6;-0.3;-6.6;0;314;4.1
;;;Parkano;1060;20140107;2014;1;7;3275000;6885000;-6.1;-4.7;-8.5;0;328;3.32
;;;Parkano;1060;20140108;2014;1;8;3275000;6885000;-7.7;-6.1;-9;0;1101;2.66
;;;Parkano;1060;20140109;2014;1;9;3275000;6885000;-8;-7;-9;0;745;1.92
;;;Parkano;1060;20140110;2014;1;10;3275000;6885000;-6;-4.7;-8.2;1.2;576;2.65
;;;Parkano;1060;20140111;2014;1;11;3275000;6885000;-5.5;-4.8;-6.1;5.4;325;3.75
;;;Parkano;1060;20140112;2014;1;12;3275000;6885000;-3.6;-2.1;-5;2.9;210;4.46
;;;Parkano;1060;20140113;2014;1;13;3275000;6885000;-3.6;-2.5;-4.7;2.7;273;4.45
;;;Parkano;1060;20140114;2014;1;14;3275000;6885000;0.4;1;-3.5;2.4;324;6.1
;;;Parkano;1060;20140115;2014;1;15;3275000;6885000;1.8;3.4;0;8;183;6.67
;;;Parkano;1060;20140116;2014;1;16;3275000;6885000;1;2.1;0.1;9.1;327;6.24
;;;Parkano;1060;20140117;2014;1;17;3275000;6885000;0.8;3.2;-1.2;2.6;244;6.25
;;;Parkano;1060;20140118;2014;1;18;3275000;6885000;0.9;3;-1.1;2.2;276;6.39
;;;Parkano;1060;20140119;2014;1;19;3275000;6885000;2.5;3.2;1;1.6;130;7.05
;;;Parkano;1060;20140120;2014;1;20;3275000;6885000;1.9;3.1;1.3;7.9;156;6.78
;;;Parkano;1060;20140121;2014;1;21;3275000;6885000;2.8;4.2;1;3.7;300;6.81
;;;Parkano;1060;20140122;2014;1;22;3275000;6885000;2.3;3.4;1.6;5.3;252;6.81
;;;Parkano;1060;20140123;2014;1;23;3275000;6885000;1.2;1.9;0.6;5.7;301;6.44
;;;Parkano;1060;20140124;2014;1;24;3275000;6885000;-0.1;1.8;-0.5;2;654;5.72
;;;Parkano;1060;20140125;2014;1;25;3275000;6885000;-2.6;-0.4;-4.2;0.9;442;4.89
;;;Parkano;1060;20140126;2014;1;26;3275000;6885000;-2.7;-2.1;-3.6;0.1;507;4.59
;;;Parkano;1060;20140127;2014;1;27;3275000;6885000;-3.7;-2;-6;0.1;835;4.09
;;;Parkano;1060;20140128;2014;1;28;3275000;6885000;-1.6;2.5;-7.4;4.6;369;5.21
;;;Parkano;1060;20140129;2014;1;29;3275000;6885000;0;2.6;-0.9;0.8;1607;5.69
;;;Parkano;1060;20140130;2014;1;30;3275000;6885000;-1.2;0.1;-3.2;0.7;1097;5.37
;;;Parkano;1060;20140131;2014;1;31;3275000;6885000;-4.5;-2.2;-6.7;0;2153;4.09
;;;Parkano;1060;20140201;2014;2;1;3275000;6885000;-5.1;-0.5;-13.5;0.1;781;4.02
;;;Parkano;1060;20140202;2014;2;2;3275000;6885000;0.8;2.5;-1.6;0;658;6.28
;;;Parkano;1060;20140203;2014;2;3;3275000;6885000;-1.9;2.4;-3.2;2.3;568;5.12
;;;Parkano;1060;20140204;2014;2;4;3275000;6885000;-3.5;-0.8;-7.9;0;2519;4.47
;;;Parkano;1060;20140205;2014;2;5;3275000;6885000;-0.1;0.5;-3.7;2.7;737;5.61
;;;Parkano;1060;20140206;2014;2;6;3275000;6885000;0.6;1.6;-0.3;12.4;834;6.24
;;;Parkano;1060;20140207;2014;2;7;3275000;6885000;-3.1;0.5;-5.9;1.2;1784;4.64
;;;Parkano;1060;20140208;2014;2;8;3275000;6885000;-3.2;-0.8;-6.7;0.1;1026;4.68
;;;Parkano;1060;20140209;2014;2;9;3275000;6885000;-0.4;0.6;-1.7;0;703;5.84
;;;Parkano;1060;20140210;2014;2;10;3275000;6885000;0.1;0.5;-0.5;1.5;866;5.9
;;;Parkano;1060;20140211;2014;2;11;3275000;6885000;0.3;0.8;-0.1;2.8;905;6.01
;;;Parkano;1060;20140212;2014;2;12;3275000;6885000;0.2;1.2;-0.4;0.9;1656;6.06
;;;Parkano;1060;20140213;2014;2;13;3275000;6885000;1.4;2.5;-0.8;0.8;1012;6.68
;;;Parkano;1060;20140214;2014;2;14;3275000;6885000;1.2;1.9;0.9;0;950;6.57
;;;Parkano;1060;20140215;2014;2;15;3275000;6885000;0.1;1.6;-1.2;0;1558;6.15
;;;Parkano;1060;20140216;2014;2;16;3275000;6885000;-2.4;0.1;-4.2;0.3;2705;5.08
;;;Parkano;1060;20140217;2014;2;17;3275000;6885000;-0.7;1.6;-2.2;0;3235;4.65
;;;Parkano;1060;20140218;2014;2;18;3275000;6885000;-4;-1.7;-5.5;0;3489;3.02
;;;Parkano;1060;20140219;2014;2;19;3275000;6885000;-7.2;-4.8;-8.4;0.1;4205;2.43
;;;Parkano;1060;20140220;2014;2;20;3275000;6885000;-8;-1.9;-16.7;2.5;2492;2.95
;;;Parkano;1060;20140221;2014;2;21;3275000;6885000;-0.8;1.5;-2.3;0;3363;5.28
;;;Parkano;1060;20140222;2014;2;22;3275000;6885000;-2.3;1.8;-7.8;0.5;3027;4.53
;;;Parkano;1060;20140223;2014;2;23;3275000;6885000;-5.7;-0.7;-10;0.8;5137;3.31
;;;Parkano;1060;20140224;2014;2;24;3275000;6885000;-1;1.9;-6.7;0;2749;5.3
;;;Parkano;1060;20140225;2014;2;25;3275000;6885000;-0.5;0.5;-1.9;10.1;1490;5.69
;;;Parkano;1060;20140226;2014;2;26;3275000;6885000;1.6;3.7;0;2.6;3467;6.08
;;;Parkano;1060;20140227;2014;2;27;3275000;6885000;-0.7;2.2;-2.8;1.8;5568;4.94
;;;Parkano;1060;20140228;2014;2;28;3275000;6885000;-0.6;2.7;-4.1;4.2;1655;5.58
;;;Parkano;1060;20140301;2014;3;1;3275000;6885000;0.9;2.8;-0.9;0.3;4220;5.38
;;;Parkano;1060;20140302;2014;3;2;3275000;6885000;-0.1;2.4;-3;4;5528;4.88
;;;Parkano;1060;20140303;2014;3;3;3275000;6885000;0.9;1.9;0.3;3.6;1828;6.41
;;;Parkano;1060;20140304;2014;3;4;3275000;6885000;-2.7;1.1;-4.2;0.4;2809;4.78
;;;Parkano;1060;20140305;2014;3;5;3275000;6885000;-3.8;0.4;-10.3;0;5754;4.3
;;;Parkano;1060;20140306;2014;3;6;3275000;6885000;-0.9;0.3;-4.2;0;2923;5.03
;;;Parkano;1060;20140307;2014;3;7;3275000;6885000;-2;0.2;-3.2;0;3035;4.45
;;;Parkano;1060;20140308;2014;3;8;3275000;6885000;-5.2;-2.7;-7;7.4;2824;3.87
;;;Parkano;1060;20140309;2014;3;9;3275000;6885000;-6.2;-4;-7.2;0.8;4152;3.42
;;;Parkano;1060;20140310;2014;3;10;3275000;6885000;-8;-2.5;-13.3;1.5;7339;2.83
;;;Parkano;1060;20140311;2014;3;11;3275000;6885000;-1.7;0.4;-10.2;2.5;3948;5.18
;;;Parkano;1060;20140312;2014;3;12;3275000;6885000;-1.8;0.5;-2.7;0.5;3006;5.07
;;;Parkano;1060;20140313;2014;3;13;3275000;6885000;-1.9;-0.1;-3.9;2.8;3317;5.05
;;;Parkano;1060;20140314;2014;3;14;3275000;6885000;1;1.4;0.1;7.2;2479;6.37
;;;Parkano;1060;20140315;2014;3;15;3275000;6885000;3;4.2;0.7;0.9;2820;7.37
;;;Parkano;1060;20140316;2014;3;16;3275000;6885000;3.2;5.4;2.1;0.1;4174;7.07
;;;Parkano;1060;20140317;2014;3;17;3275000;6885000;1.9;3.8;0.7;0;2205;6.3
;;;Parkano;1060;20140318;2014;3;18;3275000;6885000;0.5;1.5;-0.2;2.8;2583;5.85
;;;Parkano;1060;20140319;2014;3;19;3275000;6885000;0.2;1.4;-0.4;0.4;2747;6.03
;;;Parkano;1060;20140320;2014;3;20;3275000;6885000;-2.5;0.3;-3.5;0.5;3176;4.5
;;;Parkano;1060;20140321;2014;3;21;3275000;6885000;-1.8;0.1;-3.5;0.4;5082;4.7
;;;Parkano;1060;20140322;2014;3;22;3275000;6885000;-0.7;1.3;-2.5;1.6;3624;5.19
;;;Parkano;1060;20140323;2014;3;23;3275000;6885000;-1;0.6;-4.9;1.4;5712;5
;;;Parkano;1060;20140324;2014;3;24;3275000;6885000;-2.7;-0.4;-3.4;0.5;6521;4.07
;;;Parkano;1060;20140325;2014;3;25;3275000;6885000;-6.7;-2.8;-9.3;0;9952;2.78
;;;Parkano;1060;20140326;2014;3;26;3275000;6885000;-10.4;-4.4;-16.7;0;12247;1.79
;;;Parkano;1060;20140327;2014;3;27;3275000;6885000;-9.9;-3.4;-17.4;0.1;12309;1.62
;;;Parkano;1060;20140328;2014;3;28;3275000;6885000;-7.8;-3.6;-12.4;0.1;7625;2.48
;;;Parkano;1060;20140329;2014;3;29;3275000;6885000;-8.7;-2.6;-14;0;11035;2.43
;;;Parkano;1060;20140330;2014;3;30;3275000;6885000;-3.7;1.8;-12.6;0.4;11884;3.13
;;;Parkano;1060;20140331;2014;3;31;3275000;6885000;-4;-1.9;-5;5.5;4034;3.27
;;;Parkano;1060;20140401;2014;4;1;3275000;6885000;-3.5;-0.6;-5.2;4.1;8716;4.08
;;;Parkano;1060;20140402;2014;4;2;3275000;6885000;-0.7;3.6;-5.3;0;13715;3.79
;;;Parkano;1060;20140403;2014;4;3;3275000;6885000;2.2;6.3;-2.7;0;12291;4.34
;;;Parkano;1060;20140404;2014;4;4;3275000;6885000;3.2;6;1.1;0.1;4872;6.21
;;;Parkano;1060;20140405;2014;4;5;3275000;6885000;5.6;11.3;1;0;11653;6.58
;;;Parkano;1060;20140406;2014;4;6;3275000;6885000;5.1;9.5;3.5;0;9498;6.64
;;;Parkano;1060;20140407;2014;4;7;3275000;6885000;4.9;12.6;-1.8;0;11510;5.54
;;;Parkano;1060;20140408;2014;4;8;3275000;6885000;4;11.1;-2.7;0;10221;4.7
;;;Parkano;1060;20140409;2014;4;9;3275000;6885000;1.4;6.8;-0.5;0;8427;5.87
;;;Parkano;1060;20140410;2014;4;10;3275000;6885000;2.8;5.8;1;1;4669;6.81
;;;Parkano;1060;20140411;2014;4;11;3275000;6885000;3.1;6;0.2;2.5;7261;6.94
;;;Parkano;1060;20140412;2014;4;12;3275000;6885000;3.8;4.8;3;3.2;1935;7.8
;;;Parkano;1060;20140413;2014;4;13;3275000;6885000;2.9;4.6;1.9;8.4;2751;7.44
;;;Parkano;1060;20140414;2014;4;14;3275000;6885000;1.1;2.4;0.4;3.4;2245;6.63
;;;Parkano;1060;20140415;2014;4;15;3275000;6885000;0.9;3.6;-0.7;1.1;6705;6.34
;;;Parkano;1060;20140416;2014;4;16;3275000;6885000;1.3;3.2;0.3;0;4942;6.28
;;;Parkano;1060;20140417;2014;4;17;3275000;6885000;2.8;7.2;-1.1;2.2;10846;5.77
;;;Parkano;1060;20140418;2014;4;18;3275000;6885000;0.2;4.8;-0.4;11;2565;5.82
;;;Parkano;1060;20140419;2014;4;19;3275000;6885000;-0.6;2.4;-2.1;0.7;10237;5.38
;;;Parkano;1060;20140420;2014;4;20;3275000;6885000;2.4;7.2;-1.9;0.7;8381;6.66
;;;Parkano;1060;20140421;2014;4;21;3275000;6885000;4;9.7;-1.6;0;14381;5.98
;;;Parkano;1060;20140422;2014;4;22;3275000;6885000;4.1;9.5;-2.3;0;19894;4.42
;;;Parkano;1060;20140423;2014;4;23;3275000;6885000;4;10.5;-2;0;17793;4.93
;;;Parkano;1060;20140424;2014;4;24;3275000;6885000;3;6.7;0.4;0;19531;4.23
;;;Parkano;1060;20140425;2014;4;25;3275000;6885000;2.4;8.4;-5;0;15179;4.23
;;;Parkano;1060;20140426;2014;4;26;3275000;6885000;4.1;9.9;-1.6;0;12104;4.8
;;;Parkano;1060;20140427;2014;4;27;3275000;6885000;4.2;10.7;-4.5;0;21063;4.03
;;;Parkano;1060;20140428;2014;4;28;3275000;6885000;4.5;12.1;-3.8;0;20646;4.96
;;;Parkano;1060;20140429;2014;4;29;3275000;6885000;4.5;12.1;-2.7;0;19261;4.96
;;;Parkano;1060;20140430;2014;4;30;3275000;6885000;6.5;14.9;-3.6;0;20571;5.06
;;;Parkano;1060;20140501;2014;5;1;3275000;6885000;8.5;16.4;-0.4;0;20734;5.81
;;;Parkano;1060;20140502;2014;5;2;3275000;6885000;8.3;13.6;2.7;0;9353;8.34
;;;Parkano;1060;20140503;2014;5;3;3275000;6885000;9.7;14;4.5;0.2;6654;10.26
;;;Parkano;1060;20140504;2014;5;4;3275000;6885000;11.9;18.5;6.3;0;13493;10.05
;;;Parkano;1060;20140505;2014;5;5;3275000;6885000;14.5;21;5.7;0;19124;9.06
;;;Parkano;1060;20140506;2014;5;6;3275000;6885000;13.6;19.2;6.5;0;13065;9.26
;;;Parkano;1060;20140507;2014;5;7;3275000;6885000;15.5;21.4;9.3;0;15037;9.38
;;;Parkano;1060;20140508;2014;5;8;3275000;6885000;15.7;23.2;7.8;0;19767;8.99
;;;Parkano;1060;20140509;2014;5;9;3275000;6885000;12.5;18.8;5.3;0;21793;9.37
;;;Parkano;1060;20140510;2014;5;10;3275000;6885000;6.3;13.6;5;0.1;14429;6.68
;;;Parkano;1060;20140511;2014;5;11;3275000;6885000;3.8;11.3;-3.3;0.6;20505;5.25
;;;Parkano;1060;20140512;2014;5;12;3275000;6885000;7.4;12.5;2.4;1.7;10951;8.76
;;;Parkano;1060;20140513;2014;5;13;3275000;6885000;9;14.4;1.4;0.1;16008;7.77
;;;Parkano;1060;20140514;2014;5;14;3275000;6885000;12.5;19.1;5.9;0;21757;8.97
;;;Parkano;1060;20140515;2014;5;15;3275000;6885000;12.4;19.8;4.8;0;22649;8.19
;;;Parkano;1060;20140516;2014;5;16;3275000;6885000;12.9;22.3;2.9;0.2;20034;7.97
;;;Parkano;1060;20140517;2014;5;17;3275000;6885000;6.1;14.1;2.9;0;20819;5.15
;;;Parkano;1060;20140518;2014;5;18;3275000;6885000;3.3;7.9;-3;0.3;21712;4.14
;;;Parkano;1060;20140519;2014;5;19;3275000;6885000;3.3;8.8;-5.3;0;17659;4.71
;;;Parkano;1060;20140520;2014;5;20;3275000;6885000;3.7;9.5;-2.6;0.1;20340;4.73
;;;Parkano;1060;20140521;2014;5;21;3275000;6885000;4.6;10.2;-2.4;0.1;19954;4.73
;;;Parkano;1060;20140522;2014;5;22;3275000;6885000;5.4;11.2;-1.5;2.7;20642;4.36
;;;Parkano;1060;20140523;2014;5;23;3275000;6885000;4;9.3;1.5;0.3;8831;5.82
;;;Parkano;1060;20140524;2014;5;24;3275000;6885000;4.4;9.8;-2;0.1;18249;5.11
;;;Parkano;1060;20140525;2014;5;25;3275000;6885000;5.4;12.6;-2.9;1.1;18304;5.72
;;;Parkano;1060;20140526;2014;5;26;3275000;6885000;7.3;12.2;1.5;1.5;15979;7.55
;;;Parkano;1060;20140527;2014;5;27;3275000;6885000;9.2;15.1;0.3;0.2;19017;6.92
;;;Parkano;1060;20140528;2014;5;28;3275000;6885000;10.9;16.1;5.5;0;18835;6.9
;;;Parkano;1060;20140529;2014;5;29;3275000;6885000;11.1;17.3;2.6;0.2;24732;6.13
;;;Parkano;1060;20140530;2014;5;30;3275000;6885000;12;18.6;3.7;0;23751;6.07
;;;Parkano;1060;20140531;2014;5;31;3275000;6885000;9.7;16.6;4.8;0;21178;6.74
;;;Parkano;1060;20140601;2014;6;1;3275000;6885000;7.2;12.4;0.5;0;20032;5.41
;;;Parkano;1060;20140602;2014;6;2;3275000;6885000;10;17.3;-1.1;0;27265;6.42
;;;Parkano;1060;20140603;2014;6;3;3275000;6885000;13;19.9;2.6;0;27692;7.49
;;;Parkano;1060;20140604;2014;6;4;3275000;6885000;14.6;23.6;4.5;0.1;27012;7.64
;;;Parkano;1060;20140605;2014;6;5;3275000;6885000;15.7;24.4;5;0;28299;7.27
;;;Parkano;1060;20140606;2014;6;6;3275000;6885000;17.4;25;4.6;0.4;22301;9.1
;;;Parkano;1060;20140607;2014;6;7;3275000;6885000;14.8;22.2;12.6;0;18743;10.3
;;;Parkano;1060;20140608;2014;6;8;3275000;6885000;15.2;20.8;8.5;0;26897;8.64
;;;Parkano;1060;20140609;2014;6;9;3275000;6885000;16;23.7;5.3;0;27487;8.43
;;;Parkano;1060;20140610;2014;6;10;3275000;6885000;17;24.2;5.7;0;27953;7.63
;;;Parkano;1060;20140611;2014;6;11;3275000;6885000;18.2;26;8.3;0;24667;10.24
;;;Parkano;1060;20140612;2014;6;12;3275000;6885000;15.6;21.1;8.9;0;27861;7.81
;;;Parkano;1060;20140613;2014;6;13;3275000;6885000;16.3;22.6;9.1;9.5;21616;11.66
;;;Parkano;1060;20140614;2014;6;14;3275000;6885000;11.8;19.1;9.9;0.6;9975;11.38
;;;Parkano;1060;20140615;2014;6;15;3275000;6885000;11.1;15.6;8.6;4.6;7334;11.77
;;;Parkano;1060;20140616;2014;6;16;3275000;6885000;7.7;11.3;5.5;0.9;8304;9.08
;;;Parkano;1060;20140617;2014;6;17;3275000;6885000;8.1;12.2;4.8;0.4;14745;7.75
;;;Parkano;1060;20140618;2014;6;18;3275000;6885000;10.1;15.4;4;0.4;18089;8.96
;;;Parkano;1060;20140619;2014;6;19;3275000;6885000;13;18.6;2.9;5.8;20830;9.08
;;;Parkano;1060;20140620;2014;6;20;3275000;6885000;11.3;15.2;9.8;0.6;10567;12.05
;;;Parkano;1060;20140621;2014;6;21;3275000;6885000;11.9;17.2;6.4;7.1;21405;11.4
;;;Parkano;1060;20140622;2014;6;22;3275000;6885000;11;13.6;7.8;12.5;9515;12.31
;;;Parkano;1060;20140623;2014;6;23;3275000;6885000;12;14.9;10.2;0.9;9826;12.74
;;;Parkano;1060;20140624;2014;6;24;3275000;6885000;14.2;18.7;8;0.5;25649;11.12
;;;Parkano;1060;20140625;2014;6;25;3275000;6885000;14.1;19;11.1;5.2;13469;12.93
;;;Parkano;1060;20140626;2014;6;26;3275000;6885000;12.7;16.2;10;5;18292;11.66
;;;Parkano;1060;20140627;2014;6;27;3275000;6885000;13.4;18;8.6;0.5;22937;11.34
;;;Parkano;1060;20140628;2014;6;28;3275000;6885000;11.6;16.6;7.7;10.9;5546;12.87
;;;Parkano;1060;20140629;2014;6;29;3275000;6885000;12.2;15.2;10.5;2.6;10947;12.77
;;;Parkano;1060;20140630;2014;6;30;3275000;6885000;10.6;13.4;7.5;0.3;16152;8.13
;;;Parkano;1060;20140701;2014;7;1;3275000;6885000;11;14.4;6.7;0.2;23869;8
;;;Parkano;1060;20140702;2014;7;2;3275000;6885000;14.4;20.4;7.7;0.2;27013;8.18
;;;Parkano;1060;20140703;2014;7;3;3275000;6885000;13.2;22;5.2;8.5;20933;10.78
;;;Parkano;1060;20140704;2014;7;4;3275000;6885000;13.4;16.8;10.9;3.7;11722;13.04
;;;Parkano;1060;20140705;2014;7;5;3275000;6885000;13.9;19.4;8.8;3.2;17065;13.66
;;;Parkano;1060;20140706;2014;7;6;3275000;6885000;15.5;20.4;9.8;2.7;16822;14.21
;;;Parkano;1060;20140707;2014;7;7;3275000;6885000;14.7;18.7;12.5;0.2;22480;11.07
;;;Parkano;1060;20140708;2014;7;8;3275000;6885000;16.2;21.9;8.3;0;18931;13.72
;;;Parkano;1060;20140709;2014;7;9;3275000;6885000;20.5;26.3;13.9;0.1;27463;12.65
;;;Parkano;1060;20140710;2014;7;10;3275000;6885000;11.9;23;6.1;0.1;19756;9.32
;;;Parkano;1060;20140711;2014;7;11;3275000;6885000;10;14.8;0.3;0.1;19319;8.83
;;;Parkano;1060;20140712;2014;7;12;3275000;6885000;9.4;13.9;3.7;0.1;14864;8.87
;;;Parkano;1060;20140713;2014;7;13;3275000;6885000;12.7;19;4.5;0.1;24080;8.93
;;;Parkano;1060;20140714;2014;7;14;3275000;6885000;11.1;18;9.2;1.5;8574;11.37
;;;Parkano;1060;20140715;2014;7;15;3275000;6885000;12.7;18.6;9.3;0.1;15143;12.29
;;;Parkano;1060;20140716;2014;7;16;3275000;6885000;13.3;20.6;4.3;23.1;18295;12.83
;;;Parkano;1060;20140717;2014;7;17;3275000;6885000;16.1;19.4;13.8;1.2;15303;15.65
;;;Parkano;1060;20140718;2014;7;18;3275000;6885000;16;21;10.9;4.7;18899;14.12
;;;Parkano;1060;20140719;2014;7;19;3275000;6885000;16.9;20.5;12.3;0;21015;12.54
;;;Parkano;1060;20140720;2014;7;20;3275000;6885000;16.7;20.6;13.1;1.4;20437;13.98
;;;Parkano;1060;20140721;2014;7;21;3275000;6885000;16.2;20.2;14.5;1.5;16349;15.15
;;;Parkano;1060;20140722;2014;7;22;3275000;6885000;14.6;18.6;11.3;2.1;17631;13.27
;;;Parkano;1060;20140723;2014;7;23;3275000;6885000;13.6;18.3;8.7;7.2;19523;13.28
;;;Parkano;1060;20140724;2014;7;24;3275000;6885000;15.2;19.2;10.9;2.8;16025;15.09
;;;Parkano;1060;20140725;2014;7;25;3275000;6885000;17.1;22.5;10.1;0.3;16816;14.02
;;;Parkano;1060;20140726;2014;7;26;3275000;6885000;13.9;19.2;13.2;30.6;4242;14.97
;;;Parkano;1060;20140727;2014;7;27;3275000;6885000;13.4;14.1;12.7;4.9;5069;14.9
;;;Parkano;1060;20140728;2014;7;28;3275000;6885000;15.6;19.7;11.8;0;25640;12.85
;;;Parkano;1060;20140729;2014;7;29;3275000;6885000;17.3;22.4;11.3;0;26139;13.63
;;;Parkano;1060;20140730;2014;7;30;3275000;6885000;19.3;26.1;10.4;0;24814;14.76
;;;Parkano;1060;20140731;2014;7;31;3275000;6885000;19.7;26.6;11.2;0.1;24925;13.82
;;;Parkano;1060;20140801;2014;8;1;3275000;6885000;17.6;23.9;10.8;0;25699;11.06
;;;Parkano;1060;20140802;2014;8;2;3275000;6885000;16.3;22.1;8.1;0;22875;11.58
;;;Parkano;1060;20140803;2014;8;3;3275000;6885000;16.5;21.8;9.7;0;25330;10.76
;;;Parkano;1060;20140804;2014;8;4;3275000;6885000;16.2;23;7.3;0.1;25118;10.48
;;;Parkano;1060;20140805;2014;8;5;3275000;6885000;17.3;24.8;7.8;0.2;22914;13.18
;;;Parkano;1060;20140806;2014;8;6;3275000;6885000;15;22.1;12.9;0;17302;13.49
;;;Parkano;1060;20140807;2014;8;7;3275000;6885000;12;18.5;3.8;0;22222;9.27
;;;Parkano;1060;20140808;2014;8;8;3275000;6885000;12.9;17.9;7.6;0.7;11637;11.79
;;;Parkano;1060;20140809;2014;8;9;3275000;6885000;12.5;16.7;9.4;0;15110;10.39
;;;Parkano;1060;20140810;2014;8;10;3275000;6885000;12.4;17.7;7.5;0;19852;8.66
;;;Parkano;1060;20140811;2014;8;11;3275000;6885000;11.3;14.8;6.8;0;11312;8.79
;;;Parkano;1060;20140812;2014;8;12;3275000;6885000;11.8;16.9;2.9;15.8;10607;10.6
;;;Parkano;1060;20140813;2014;8;13;3275000;6885000;13.5;15.4;11.3;9.2;3457;15.34
;;;Parkano;1060;20140814;2014;8;14;3275000;6885000;13.8;18.6;10.8;3.5;14760;12.21
;;;Parkano;1060;20140815;2014;8;15;3275000;6885000;12.4;16.5;8.7;7.1;13180;12.21
;;;Parkano;1060;20140816;2014;8;16;3275000;6885000;13.7;17.3;8.8;8.9;9056;14.14
;;;Parkano;1060;20140817;2014;8;17;3275000;6885000;16.2;20.3;12.8;0.6;14786;14.8
;;;Parkano;1060;20140818;2014;8;18;3275000;6885000;15.4;18.9;11.1;3.9;6752;15.94
;;;Parkano;1060;20140819;2014;8;19;3275000;6885000;14.9;18.9;13.1;5;12900;14.52
;;;Parkano;1060;20140820;2014;8;20;3275000;6885000;15;18.7;12.6;0.1;15236;13.92
;;;Parkano;1060;20140821;2014;8;21;3275000;6885000;11.9;16.2;7.2;4.6;6758;12.69
;;;Parkano;1060;20140822;2014;8;22;3275000;6885000;14.1;16.7;12.1;11.1;6914;14.5
;;;Parkano;1060;20140823;2014;8;23;3275000;6885000;16.4;19.6;14.3;3.1;7976;16.92
;;;Parkano;1060;20140824;2014;8;24;3275000;6885000;13.9;16.5;13.1;1.6;6313;15.09
;;;Parkano;1060;20140825;2014;8;25;3275000;6885000;14.9;18.5;12.8;8.9;7455;15.96
;;;Parkano;1060;20140826;2014;8;26;3275000;6885000;14.7;17.6;10.7;16.6;7930;15.99
;;;Parkano;1060;20140827;2014;8;27;3275000;6885000;13.7;15.8;13.2;1.9;8342;14.31
;;;Parkano;1060;20140828;2014;8;28;3275000;6885000;13.2;17.1;10;0;16291;11.51
;;;Parkano;1060;20140829;2014;8;29;3275000;6885000;11.9;18.5;5.6;0.1;14864;10.88
;;;Parkano;1060;20140830;2014;8;30;3275000;6885000;12.2;17.8;6.7;0;14293;11.38
;;;Parkano;1060;20140831;2014;8;31;3275000;6885000;11.5;15.1;8.3;0;9100;11.37
;;;Parkano;1060;20140901;2014;9;1;3275000;6885000;11.8;16.1;6.8;0.1;11966;11.53
;;;Parkano;1060;20140902;2014;9;2;3275000;6885000;10.6;13.4;9.8;27.6;3630;12.49
;;;Parkano;1060;20140903;2014;9;3;3275000;6885000;9.7;13.3;8.1;0;10114;9.72
;;;Parkano;1060;20140904;2014;9;4;3275000;6885000;9.4;14.7;6.1;2.6;10614;10.12
;;;Parkano;1060;20140905;2014;9;5;3275000;6885000;6.5;11.2;2.3;0;16181;7.18
;;;Parkano;1060;20140906;2014;9;6;3275000;6885000;8.4;15.6;0.4;0;11456;9.02
;;;Parkano;1060;20140907;2014;9;7;3275000;6885000;6;10.8;0.9;4.8;6248;8.57
;;;Parkano;1060;20140908;2014;9;8;3275000;6885000;12.2;14.8;7.8;9.9;3795;14.04
;;;Parkano;1060;20140909;2014;9;9;3275000;6885000;12.8;15.5;11.4;1.7;10345;12.55
;;;Parkano;1060;20140910;2014;9;10;3275000;6885000;12.9;15.4;10.4;17.4;7651;13.44
;;;Parkano;1060;20140911;2014;9;11;3275000;6885000;12;14.5;10.3;0.1;9472;12.35
;;;Parkano;1060;20140912;2014;9;12;3275000;6885000;10.8;15.9;6.5;0;12594;10.17
;;;Parkano;1060;20140913;2014;9;13;3275000;6885000;8.8;15.5;2.2;0;11326;8.2
;;;Parkano;1060;20140914;2014;9;14;3275000;6885000;10.3;13.4;4.3;0;8437;9.06
;;;Parkano;1060;20140915;2014;9;15;3275000;6885000;8;12.8;3.6;0;12598;8.18
;;;Parkano;1060;20140916;2014;9;16;3275000;6885000;5.9;10.5;0.8;0;12489;6.99
;;;Parkano;1060;20140917;2014;9;17;3275000;6885000;4.8;10.1;-1.1;0;11600;6.75
;;;Parkano;1060;20140918;2014;9;18;3275000;6885000;5.6;8.3;2.5;0;5417;7.03
;;;Parkano;1060;20140919;2014;9;19;3275000;6885000;5.7;7.3;2.7;0;3775;7.25
;;;Parkano;1060;20140920;2014;9;20;3275000;6885000;5.9;7.2;4.8;0;3390;7.37
;;;Parkano;1060;20140921;2014;9;21;3275000;6885000;5.5;6.4;4.9;0;2086;7.32
;;;Parkano;1060;20140922;2014;9;22;3275000;6885000;4.5;5.7;3.8;0.2;2369;7.18
;;;Parkano;1060;20140923;2014;9;23;3275000;6885000;6.1;8.4;3.9;0.1;5118;8.14
;;;Parkano;1060;20140924;2014;9;24;3275000;6885000;7;10;3.3;0.5;6174;8.08
;;;Parkano;1060;20140925;2014;9;25;3275000;6885000;7.9;10.3;5.8;1.7;3572;10.15
;;;Parkano;1060;20140926;2014;9;26;3275000;6885000;8.1;13.1;4.5;0;5630;9.97
;;;Parkano;1060;20140927;2014;9;27;3275000;6885000;6.3;12.5;0.3;0;6875;8.92
;;;Parkano;1060;20140928;2014;9;28;3275000;6885000;8.3;16.1;2.6;0;9459;9.73
;;;Parkano;1060;20140929;2014;9;29;3275000;6885000;7.6;14.4;1.8;0;9076;9.35
;;;Parkano;1060;20140930;2014;9;30;3275000;6885000;8.1;15;3.6;0.1;9597;9.36
;;;Parkano;1060;20141001;2014;10;1;3275000;6885000;7.5;12.5;1.6;0;4737;9.8
;;;Parkano;1060;20141002;2014;10;2;3275000;6885000;7.9;12.9;0.1;0.3;4461;9.25
;;;Parkano;1060;20141003;2014;10;3;3275000;6885000;8.7;11.6;5.3;0.1;7044;8.32
;;;Parkano;1060;20141004;2014;10;4;3275000;6885000;5.6;10;3.4;0;8530;7.22
;;;Parkano;1060;20141005;2014;10;5;3275000;6885000;4.4;11.1;-0.8;0;8138;6.99
;;;Parkano;1060;20141006;2014;10;6;3275000;6885000;6.6;8.5;1.5;5.3;2156;9.27
;;;Parkano;1060;20141007;2014;10;7;3275000;6885000;7.2;8.2;6.5;2.9;1718;9.44
;;;Parkano;1060;20141008;2014;10;8;3275000;6885000;5.3;7.7;2.5;0.4;2752;8.26
;;;Parkano;1060;20141009;2014;10;9;3275000;6885000;6.6;9.5;3.8;0;3958;9.16
;;;Parkano;1060;20141010;2014;10;10;3275000;6885000;7.6;9.5;2.9;15.2;3110;9.47
;;;Parkano;1060;20141011;2014;10;11;3275000;6885000;7.3;9.3;4;0.1;5182;8.52
;;;Parkano;1060;20141012;2014;10;12;3275000;6885000;6;9.5;3.7;0;7911;7.56
;;;Parkano;1060;20141013;2014;10;13;3275000;6885000;3.7;10.1;-1.8;0;6788;7.34
;;;Parkano;1060;20141014;2014;10;14;3275000;6885000;5.2;8.4;-0.1;1.8;2685;8.58
;;;Parkano;1060;20141015;2014;10;15;3275000;6885000;7.9;11.7;4.6;0.3;5981;9.47
;;;Parkano;1060;20141016;2014;10;16;3275000;6885000;8.9;11.3;4.9;7.4;1598;11.1
;;;Parkano;1060;20141017;2014;10;17;3275000;6885000;7.6;11.5;3.7;0.1;6807;8.99
;;;Parkano;1060;20141018;2014;10;18;3275000;6885000;6.5;8.8;2.5;0.4;3633;8.85
;;;Parkano;1060;20141019;2014;10;19;3275000;6885000;7.6;10.7;4.2;0.3;4597;9.31
;;;Parkano;1060;20141020;2014;10;20;3275000;6885000;5.2;9.5;1.9;0;4940;7.94
;;;Parkano;1060;20141021;2014;10;21;3275000;6885000;5.3;8.9;-0.5;17.1;873;8.93
;;;Parkano;1060;20141022;2014;10;22;3275000;6885000;4.6;8.7;3;2.1;2060;8.16
;;;Parkano;1060;20141023;2014;10;23;3275000;6885000;3.8;6.2;0.6;1;4253;7.23
;;;Parkano;1060;20141024;2014;10;24;3275000;6885000;5.2;7.8;0.3;2.5;1672;8.79
;;;Parkano;1060;20141025;2014;10;25;3275000;6885000;6;9.1;0;0.9;3047;8.79
;;;Parkano;1060;20141026;2014;10;26;3275000;6885000;9.4;10.4;7;14.5;619;10.97
;;;Parkano;1060;20141027;2014;10;27;3275000;6885000;6.7;8.9;5.1;0.1;2937;8.04
;;;Parkano;1060;20141028;2014;10;28;3275000;6885000;4.5;7.4;1;2.2;4392;7.52
;;;Parkano;1060;20141029;2014;10;29;3275000;6885000;8.1;9.5;3.6;3.7;426;10.04
;;;Parkano;1060;20141030;2014;10;30;3275000;6885000;8.4;9.8;6.9;17.5;2823;9.25
;;;Parkano;1060;20141031;2014;10;31;3275000;6885000;7.7;8.7;6.4;18.6;507;9.87
;;;Parkano;1060;20141101;2014;11;1;3275000;6885000;6.4;8.4;4.5;1.9;2065;9.08
;;;Parkano;1060;20141102;2014;11;2;3275000;6885000;3.3;5.8;1.9;6.4;2037;7.42
;;;Parkano;1060;20141103;2014;11;3;3275000;6885000;2.5;5;1.1;0;2590;7.05
;;;Parkano;1060;20141104;2014;11;4;3275000;6885000;1.5;2.9;-0.4;15.2;1257;6.76
;;;Parkano;1060;20141105;2014;11;5;3275000;6885000;1.7;3.4;0.8;5;541;6.78
;;;Parkano;1060;20141106;2014;11;6;3275000;6885000;-0.3;1.1;-2.1;0.1;1887;5.7
;;;Parkano;1060;20141107;2014;11;7;3275000;6885000;0.3;2.5;-2.9;0.1;3239;6.08
;;;Parkano;1060;20141108;2014;11;8;3275000;6885000;3.3;6.1;1.1;0;2053;7.25
;;;Parkano;1060;20141109;2014;11;9;3275000;6885000;4.4;7.2;2;0;2160;8.04
;;;Parkano;1060;20141110;2014;11;10;3275000;6885000;2.6;6.4;-0.1;0;2827;6.27
;;;Parkano;1060;20141111;2014;11;11;3275000;6885000;-2.1;2.1;-4.9;0;3910;4.77
;;;Parkano;1060;20141112;2014;11;12;3275000;6885000;0.4;2.9;-4;0;1914;5.96
;;;Parkano;1060;20141113;2014;11;13;3275000;6885000;0.7;1.8;-0.5;8.5;273;6.26
;;;Parkano;1060;20141114;2014;11;14;3275000;6885000;4.8;6.1;1.7;8.3;236;8.59
;;;Parkano;1060;20141115;2014;11;15;3275000;6885000;5.8;7.4;4.6;12.1;1356;8.43
;;;Parkano;1060;20141116;2014;11;16;3275000;6885000;3.9;6.6;2.9;1.8;654;7.6
;;;Parkano;1060;20141117;2014;11;17;3275000;6885000;3.5;4.7;2.2;12.1;558;7.67
;;;Parkano;1060;20141118;2014;11;18;3275000;6885000;3.9;4.7;2.7;5;477;8.02
;;;Parkano;1060;20141119;2014;11;19;3275000;6885000;1.8;4.1;0.4;1.5;583;6.79
;;;Parkano;1060;20141120;2014;11;20;3275000;6885000;3.1;3.9;2.2;8.1;457;7.6
;;;Parkano;1060;20141121;2014;11;21;3275000;6885000;-0.1;2.1;-1.6;0.6;521;5.7
;;;Parkano;1060;20141122;2014;11;22;3275000;6885000;-1.3;0;-3.3;0;2395;4.79
;;;Parkano;1060;20141123;2014;11;23;3275000;6885000;1.6;3.7;-1.4;6.1;465;6.29
;;;Parkano;1060;20141124;2014;11;24;3275000;6885000;-1;1.6;-3.2;4.3;1380;5.32
;;;Parkano;1060;20141125;2014;11;25;3275000;6885000;-3.7;-0.8;-6.4;0.9;976;4.59
;;;Parkano;1060;20141126;2014;11;26;3275000;6885000;-3;-1.1;-7.5;1;701;4.68
;;;Parkano;1060;20141127;2014;11;27;3275000;6885000;-3.3;-2;-3.9;0.1;650;4.58
;;;Parkano;1060;20141128;2014;11;28;3275000;6885000;-5;-3.2;-7.3;7.7;355;3.97
;;;Parkano;1060;20141129;2014;11;29;3275000;6885000;-1.5;-0.6;-3.4;0.1;889;4.71
;;;Parkano;1060;20141130;2014;11;30;3275000;6885000;-1.3;-0.3;-2.2;0;531;5.16
;;;Parkano;1060;20141201;2014;12;1;3275000;6885000;-1.7;0.3;-3.5;3.4;328;5.14
;;;Parkano;1060;20141202;2014;12;2;3275000;6885000;-0.5;2.2;-5.7;1;340;5.8
;;;Parkano;1060;20141203;2014;12;3;3275000;6885000;3;5.7;-0.2;0;1003;6.91
;;;Parkano;1060;20141204;2014;12;4;3275000;6885000;2;2.7;-0.5;0.6;404;6.95
;;;Parkano;1060;20141205;2014;12;5;3275000;6885000;1.2;2.8;0.3;7.1;247;6.5
;;;Parkano;1060;20141206;2014;12;6;3275000;6885000;2.6;3;0.5;1.6;127;7.23
;;;Parkano;1060;20141207;2014;12;7;3275000;6885000;2.1;3.1;0.6;2.5;244;6.99
;;;Parkano;1060;20141208;2014;12;8;3275000;6885000;2.6;3.9;1.5;2.4;179;7.1
;;;Parkano;1060;20141209;2014;12;9;3275000;6885000;0.9;2.3;-0.4;4.2;147;6.25
;;;Parkano;1060;20141210;2014;12;10;3275000;6885000;-0.3;0.3;-1.3;0.5;281;5.84
;;;Parkano;1060;20141211;2014;12;11;3275000;6885000;-2.2;-0.9;-3.1;0;121;4.85
;;;Parkano;1060;20141212;2014;12;12;3275000;6885000;-3.8;-2.5;-4.9;0;208;4.43
;;;Parkano;1060;20141213;2014;12;13;3275000;6885000;-0.9;0.7;-4.5;5.4;247;5.61
;;;Parkano;1060;20141214;2014;12;14;3275000;6885000;0.5;1.4;0.1;1.2;196;6.32
;;;Parkano;1060;20141215;2014;12;15;3275000;6885000;-0.8;0.4;-2.1;1.1;182;5.67
;;;Parkano;1060;20141216;2014;12;16;3275000;6885000;-3;-1.3;-5;1.1;284;4.66
;;;Parkano;1060;20141217;2014;12;17;3275000;6885000;0.3;0.5;-1.8;1.4;116;5.96
;;;Parkano;1060;20141218;2014;12;18;3275000;6885000;0.9;2.3;-0.8;0.3;125;6.34
;;;Parkano;1060;20141219;2014;12;19;3275000;6885000;0.1;1.4;-1.3;0;163;5.99
;;;Parkano;1060;20141220;2014;12;20;3275000;6885000;-3.3;-0.5;-4.7;0;855;4.65
;;;Parkano;1060;20141221;2014;12;21;3275000;6885000;-2.3;-1.5;-5.2;0;133;4.85
;;;Parkano;1060;20141222;2014;12;22;3275000;6885000;-1.6;-0.7;-3;2.1;116;5.27
;;;Parkano;1060;20141223;2014;12;23;3275000;6885000;0.8;2.2;-1.4;1.8;223;6.13
;;;Parkano;1060;20141224;2014;12;24;3275000;6885000;2.8;3.4;1.9;8.7;135;7.35
;;;Parkano;1060;20141225;2014;12;25;3275000;6885000;0.9;2.5;0.1;1;231;6.3
;;;Parkano;1060;20141226;2014;12;26;3275000;6885000;0.6;1.5;-0.2;7.4;225;6.23
;;;Parkano;1060;20141227;2014;12;27;3275000;6885000;-0.5;-0.1;-0.8;3.7;183;5.84
;;;Parkano;1060;20141228;2014;12;28;3275000;6885000;-1.9;-0.4;-2.3;0.4;297;4.78
;;;Parkano;1060;20141229;2014;12;29;3275000;6885000;-3.4;-1.8;-4.6;0;323;4.12
;;;Parkano;1060;20141230;2014;12;30;3275000;6885000;-4.6;-2.8;-6.7;0.1;326;4.1
;;;Parkano;1060;20141231;2014;12;31;3275000;6885000;0.6;1.4;-3;0;688;6.38
;;;Parkano;1060;20150101;2015;1;1;3275000;6885000;-0.8;1.6;-3.3;0;637;5.54
;;;Parkano;1060;20150102;2015;1;2;3275000;6885000;-5.9;-2.5;-9.8;0;1166;3.77
;;;Parkano;1060;20150103;2015;1;3;3275000;6885000;-1.7;-0.4;-3.7;0;774;5.38
;;;Parkano;1060;20150104;2015;1;4;3275000;6885000;-0.4;0.5;-3.8;0;358;5.82
;;;Parkano;1060;20150105;2015;1;5;3275000;6885000;-0.3;1.9;-1.8;0.1;664;4.99
;;;Parkano;1060;20150106;2015;1;6;3275000;6885000;-0.4;0.2;-1.8;0.4;162;5.57
;;;Parkano;1060;20150107;2015;1;7;3275000;6885000;-3.6;-0.3;-6.6;0;314;4.1
;;;Parkano;1060;20150108;2015;1;8;3275000;6885000;-6.1;-4.7;-8.5;0;328;3.32
;;;Parkano;1060;20150109;2015;1;9;3275000;6885000;-7.7;-6.1;-9;0;1101;2.66
;;;Parkano;1060;20150110;2015;1;10;3275000;6885000;-8;-7;-9;0;745;1.92
;;;Parkano;1060;20150111;2015;1;11;3275000;6885000;-6;-4.7;-8.2;1.2;576;2.65
;;;Parkano;1060;20150112;2015;1;12;3275000;6885000;-5.5;-4.8;-6.1;5.4;325;3.75
;;;Parkano;1060;20150113;2015;1;13;3275000;6885000;-3.6;-2.1;-5;2.9;210;4.46
;;;Parkano;1060;20150114;2015;1;14;3275000;6885000;-3.6;-2.5;-4.7;2.7;273;4.45
;;;Parkano;1060;20150115;2015;1;15;3275000;6885000;0.4;1;-3.5;2.4;324;6.1
;;;Parkano;1060;20150116;2015;1;16;3275000;6885000;1.8;3.4;0;8;183;6.67
;;;Parkano;1060;20150117;2015;1;17;3275000;6885000;1;2.1;0.1;9.1;327;6.24
;;;Parkano;1060;20150118;2015;1;18;3275000;6885000;0.8;3.2;-1.2;2.6;244;6.25
;;;Parkano;1060;20150119;2015;1;19;3275000;6885000;0.9;3;-1.1;2.2;276;6.39
;;;Parkano;1060;20150120;2015;1;20;3275000;6885000;2.5;3.2;1;1.6;130;7.05
;;;Parkano;1060;20150121;2015;1;21;3275000;6885000;1.9;3.1;1.3;7.9;156;6.78
;;;Parkano;1060;20150122;2015;1;22;3275000;6885000;2.8;4.2;1;3.7;300;6.81
;;;Parkano;1060;20150123;2015;1;23;3275000;6885000;2.3;3.4;1.6;5.3;252;6.81
;;;Parkano;1060;20150124;2015;1;24;3275000;6885000;1.2;1.9;0.6;5.7;301;6.44
;;;Parkano;1060;20150125;2015;1;25;3275000;6885000;-0.1;1.8;-0.5;2;654;5.72
;;;Parkano;1060;20150126;2015;1;26;3275000;6885000;-2.6;-0.4;-4.2;0.9;442;4.89
;;;Parkano;1060;20150127;2015;1;27;3275000;6885000;-2.7;-2.1;-3.6;0.1;507;4.59
;;;Parkano;1060;20150128;2015;1;28;3275000;6885000;-3.7;-2;-6;0.1;835;4.09
;;;Parkano;1060;20150129;2015;1;29;3275000;6885000;-1.6;2.5;-7.4;4.6;369;5.21
;;;Parkano;1060;20150130;2015;1;30;3275000;6885000;0;2.6;-0.9;0.8;1607;5.69
;;;Parkano;1060;20150131;2015;1;31;3275000;6885000;-1.2;0.1;-3.2;0.7;1097;5.37
;;;Parkano;1060;20150201;2015;2;1;3275000;6885000;-4.5;-2.2;-6.7;0;2153;4.09
;;;Parkano;1060;20150202;2015;2;2;3275000;6885000;-5.1;-0.5;-13.5;0.1;781;4.02
;;;Parkano;1060;20150203;2015;2;3;3275000;6885000;0.8;2.5;-1.6;0;658;6.28
;;;Parkano;1060;20150204;2015;2;4;3275000;6885000;-1.9;2.4;-3.2;2.3;568;5.12
;;;Parkano;1060;20150205;2015;2;5;3275000;6885000;-3.5;-0.8;-7.9;0;2519;4.47
;;;Parkano;1060;20150206;2015;2;6;3275000;6885000;-0.1;0.5;-3.7;2.7;737;5.61
;;;Parkano;1060;20150207;2015;2;7;3275000;6885000;0.6;1.6;-0.3;12.4;834;6.24
;;;Parkano;1060;20150208;2015;2;8;3275000;6885000;-3.1;0.5;-5.9;1.2;1784;4.64
;;;Parkano;1060;20150209;2015;2;9;3275000;6885000;-3.2;-0.8;-6.7;0.1;1026;4.68
;;;Parkano;1060;20150210;2015;2;10;3275000;6885000;-0.4;0.6;-1.7;0;703;5.84
;;;Parkano;1060;20150211;2015;2;11;3275000;6885000;0.1;0.5;-0.5;1.5;866;5.9
;;;Parkano;1060;20150212;2015;2;12;3275000;6885000;0.3;0.8;-0.1;2.8;905;6.01
;;;Parkano;1060;20150213;2015;2;13;3275000;6885000;0.2;1.2;-0.4;0.9;1656;6.06
;;;Parkano;1060;20150214;2015;2;14;3275000;6885000;1.4;2.5;-0.8;0.8;1012;6.68
;;;Parkano;1060;20150215;2015;2;15;3275000;6885000;1.2;1.9;0.9;0;950;6.57
;;;Parkano;1060;20150216;2015;2;16;3275000;6885000;0.1;1.6;-1.2;0;1558;6.15
;;;Parkano;1060;20150217;2015;2;17;3275000;6885000;-2.4;0.1;-4.2;0.3;2705;5.08
;;;Parkano;1060;20150218;2015;2;18;3275000;6885000;-0.7;1.6;-2.2;0;3235;4.65
;;;Parkano;1060;20150219;2015;2;19;3275000;6885000;-4;-1.7;-5.5;0;3489;3.02
;;;Parkano;1060;20150220;2015;2;20;3275000;6885000;-7.2;-4.8;-8.4;0.1;4205;2.43
;;;Parkano;1060;20150221;2015;2;21;3275000;6885000;-8;-1.9;-16.7;2.5;2492;2.95
;;;Parkano;1060;20150222;2015;2;22;3275000;6885000;-0.8;1.5;-2.3;0;3363;5.28
;;;Parkano;1060;20150223;2015;2;23;3275000;6885000;-2.3;1.8;-7.8;0.5;3027;4.53
;;;Parkano;1060;20150224;2015;2;24;3275000;6885000;-5.7;-0.7;-10;0.8;5137;3.31
;;;Parkano;1060;20150225;2015;2;25;3275000;6885000;-1;1.9;-6.7;0;2749;5.3
;;;Parkano;1060;20150226;2015;2;26;3275000;6885000;-0.5;0.5;-1.9;10.1;1490;5.69
;;;Parkano;1060;20150227;2015;2;27;3275000;6885000;1.6;3.7;0;2.6;3467;6.08
;;;Parkano;1060;20150228;2015;2;28;3275000;6885000;-0.7;2.2;-2.8;1.8;5568;4.94
;;;Parkano;1060;20150301;2015;3;1;3275000;6885000;-0.6;2.7;-4.1;4.2;1655;5.58
;;;Parkano;1060;20150302;2015;3;2;3275000;6885000;0.9;2.8;-0.9;0.3;4220;5.38
;;;Parkano;1060;20150303;2015;3;3;3275000;6885000;-0.1;2.4;-3;4;5528;4.88
;;;Parkano;1060;20150304;2015;3;4;3275000;6885000;0.9;1.9;0.3;3.6;1828;6.41
;;;Parkano;1060;20150305;2015;3;5;3275000;6885000;-2.7;1.1;-4.2;0.4;2809;4.78
;;;Parkano;1060;20150306;2015;3;6;3275000;6885000;-3.8;0.4;-10.3;0;5754;4.3
;;;Parkano;1060;20150307;2015;3;7;3275000;6885000;-0.9;0.3;-4.2;0;2923;5.03
;;;Parkano;1060;20150308;2015;3;8;3275000;6885000;-2;0.2;-3.2;0;3035;4.45
;;;Parkano;1060;20150309;2015;3;9;3275000;6885000;-5.2;-2.7;-7;7.4;2824;3.87
;;;Parkano;1060;20150310;2015;3;10;3275000;6885000;-6.2;-4;-7.2;0.8;4152;3.42
;;;Parkano;1060;20150311;2015;3;11;3275000;6885000;-8;-2.5;-13.3;1.5;7339;2.83
;;;Parkano;1060;20150312;2015;3;12;3275000;6885000;-1.7;0.4;-10.2;2.5;3948;5.18
;;;Parkano;1060;20150313;2015;3;13;3275000;6885000;-1.8;0.5;-2.7;0.5;3006;5.07
;;;Parkano;1060;20150314;2015;3;14;3275000;6885000;-1.9;-0.1;-3.9;2.8;3317;5.05
;;;Parkano;1060;20150315;2015;3;15;3275000;6885000;1;1.4;0.1;7.2;2479;6.37
;;;Parkano;1060;20150316;2015;3;16;3275000;6885000;3;4.2;0.7;0.9;2820;7.37
;;;Parkano;1060;20150317;2015;3;17;3275000;6885000;3.2;5.4;2.1;0.1;4174;7.07
;;;Parkano;1060;20150318;2015;3;18;3275000;6885000;1.9;3.8;0.7;0;2205;6.3
;;;Parkano;1060;20150319;2015;3;19;3275000;6885000;0.5;1.5;-0.2;2.8;2583;5.85
;;;Parkano;1060;20150320;2015;3;20;3275000;6885000;0.2;1.4;-0.4;0.4;2747;6.03
;;;Parkano;1060;20150321;2015;3;21;3275000;6885000;-2.5;0.3;-3.5;0.5;3176;4.5
;;;Parkano;1060;20150322;2015;3;22;3275000;6885000;-1.8;0.1;-3.5;0.4;5082;4.7
;;;Parkano;1060;20150323;2015;3;23;3275000;6885000;-0.7;1.3;-2.5;1.6;3624;5.19
;;;Parkano;1060;20150324;2015;3;24;3275000;6885000;-1;0.6;-4.9;1.4;5712;5
;;;Parkano;1060;20150325;2015;3;25;3275000;6885000;-2.7;-0.4;-3.4;0.5;6521;4.07
;;;Parkano;1060;20150326;2015;3;26;3275000;6885000;-6.7;-2.8;-9.3;0;9952;2.78
;;;Parkano;1060;20150327;2015;3;27;3275000;6885000;-10.4;-4.4;-16.7;0;12247;1.79
;;;Parkano;1060;20150328;2015;3;28;3275000;6885000;-9.9;-3.4;-17.4;0.1;12309;1.62
;;;Parkano;1060;20150329;2015;3;29;3275000;6885000;-7.8;-3.6;-12.4;0.1;7625;2.48
;;;Parkano;1060;20150330;2015;3;30;3275000;6885000;-8.7;-2.6;-14;0;11035;2.43
;;;Parkano;1060;20150331;2015;3;31;3275000;6885000;-3.7;1.8;-12.6;0.4;11884;3.13
;;;Parkano;1060;20150401;2015;4;1;3275000;6885000;-4;-1.9;-5;5.5;4034;3.27
;;;Parkano;1060;20150402;2015;4;2;3275000;6885000;-3.5;-0.6;-5.2;4.1;8716;4.08
;;;Parkano;1060;20150403;2015;4;3;3275000;6885000;-0.7;3.6;-5.3;0;13715;3.79
;;;Parkano;1060;20150404;2015;4;4;3275000;6885000;2.2;6.3;-2.7;0;12291;4.34
;;;Parkano;1060;20150405;2015;4;5;3275000;6885000;3.2;6;1.1;0.1;4872;6.21
;;;Parkano;1060;20150406;2015;4;6;3275000;6885000;5.6;11.3;1;0;11653;6.58
;;;Parkano;1060;20150407;2015;4;7;3275000;6885000;5.1;9.5;3.5;0;9498;6.64
;;;Parkano;1060;20150408;2015;4;8;3275000;6885000;4.9;12.6;-1.8;0;11510;5.54
;;;Parkano;1060;20150409;2015;4;9;3275000;6885000;4;11.1;-2.7;0;10221;4.7
;;;Parkano;1060;20150410;2015;4;10;3275000;6885000;1.4;6.8;-0.5;0;8427;5.87
;;;Parkano;1060;20150411;2015;4;11;3275000;6885000;2.8;5.8;1;1;4669;6.81
;;;Parkano;1060;20150412;2015;4;12;3275000;6885000;3.1;6;0.2;2.5;7261;6.94
;;;Parkano;1060;20150413;2015;4;13;3275000;6885000;3.8;4.8;3;3.2;1935;7.8
;;;Parkano;1060;20150414;2015;4;14;3275000;6885000;2.9;4.6;1.9;8.4;2751;7.44
;;;Parkano;1060;20150415;2015;4;15;3275000;6885000;1.1;2.4;0.4;3.4;2245;6.63
;;;Parkano;1060;20150416;2015;4;16;3275000;6885000;0.9;3.6;-0.7;1.1;6705;6.34
;;;Parkano;1060;20150417;2015;4;17;3275000;6885000;1.3;3.2;0.3;0;4942;6.28
;;;Parkano;1060;20150418;2015;4;18;3275000;6885000;2.8;7.2;-1.1;2.2;10846;5.77
;;;Parkano;1060;20150419;2015;4;19;3275000;6885000;0.2;4.8;-0.4;11;2565;5.82
;;;Parkano;1060;20150420;2015;4;20;3275000;6885000;-0.6;2.4;-2.1;0.7;10237;5.38
;;;Parkano;1060;20150421;2015;4;21;3275000;6885000;2.4;7.2;-1.9;0.7;8381;6.66
;;;Parkano;1060;20150422;2015;4;22;3275000;6885000;4;9.7;-1.6;0;14381;5.98
;;;Parkano;1060;20150423;2015;4;23;3275000;6885000;4.1;9.5;-2.3;0;19894;4.42
;;;Parkano;1060;20150424;2015;4;24;3275000;6885000;4;10.5;-2;0;17793;4.93
;;;Parkano;1060;20150425;2015;4;25;3275000;6885000;3;6.7;0.4;0;19531;4.23
;;;Parkano;1060;20150426;2015;4;26;3275000;6885000;2.4;8.4;-5;0;15179;4.23
;;;Parkano;1060;20150427;2015;4;27;3275000;6885000;4.1;9.9;-1.6;0;12104;4.8
;;;Parkano;1060;20150428;2015;4;28;3275000;6885000;4.2;10.7;-4.5;0;21063;4.03
;;;Parkano;1060;20150429;2015;4;29;3275000;6885000;4.5;12.1;-3.8;0;20646;4.96
;;;Parkano;1060;20150430;2015;4;30;3275000;6885000;4.5;12.1;-2.7;0;19261;4.96
;;;Parkano;1060;20150501;2015;5;1;3275000;6885000;6.5;14.9;-3.6;0;20571;5.06
;;;Parkano;1060;20150502;2015;5;2;3275000;6885000;8.5;16.4;-0.4;0;20734;5.81
;;;Parkano;1060;20150503;2015;5;3;3275000;6885000;8.3;13.6;2.7;0;9353;8.34
;;;Parkano;1060;20150504;2015;5;4;3275000;6885000;9.7;14;4.5;0.2;6654;10.26
;;;Parkano;1060;20150505;2015;5;5;3275000;6885000;11.9;18.5;6.3;0;13493;10.05
;;;Parkano;1060;20150506;2015;5;6;3275000;6885000;14.5;21;5.7;0;19124;9.06
;;;Parkano;1060;20150507;2015;5;7;3275000;6885000;13.6;19.2;6.5;0;13065;9.26
;;;Parkano;1060;20150508;2015;5;8;3275000;6885000;15.5;21.4;9.3;0;15037;9.38
;;;Parkano;1060;20150509;2015;5;9;3275000;6885000;15.7;23.2;7.8;0;19767;8.99
;;;Parkano;1060;20150510;2015;5;10;3275000;6885000;12.5;18.8;5.3;0;21793;9.37
;;;Parkano;1060;20150511;2015;5;11;3275000;6885000;6.3;13.6;5;0.1;14429;6.68
;;;Parkano;1060;20150512;2015;5;12;3275000;6885000;3.8;11.3;-3.3;0.6;20505;5.25
;;;Parkano;1060;20150513;2015;5;13;3275000;6885000;7.4;12.5;2.4;1.7;10951;8.76
;;;Parkano;1060;20150514;2015;5;14;3275000;6885000;9;14.4;1.4;0.1;16008;7.77
;;;Parkano;1060;20150515;2015;5;15;3275000;6885000;12.5;19.1;5.9;0;21757;8.97
;;;Parkano;1060;20150516;2015;5;16;3275000;6885000;12.4;19.8;4.8;0;22649;8.19
;;;Parkano;1060;20150517;2015;5;17;3275000;6885000;12.9;22.3;2.9;0.2;20034;7.97
;;;Parkano;1060;20150518;2015;5;18;3275000;6885000;6.1;14.1;2.9;0;20819;5.15
;;;Parkano;1060;20150519;2015;5;19;3275000;6885000;3.3;7.9;-3;0.3;21712;4.14
;;;Parkano;1060;20150520;2015;5;20;3275000;6885000;3.3;8.8;-5.3;0;17659;4.71
;;;Parkano;1060;20150521;2015;5;21;3275000;6885000;3.7;9.5;-2.6;0.1;20340;4.73
;;;Parkano;1060;20150522;2015;5;22;3275000;6885000;4.6;10.2;-2.4;0.1;19954;4.73
;;;Parkano;1060;20150523;2015;5;23;3275000;6885000;5.4;11.2;-1.5;2.7;20642;4.36
;;;Parkano;1060;20150524;2015;5;24;3275000;6885000;4;9.3;1.5;0.3;8831;5.82
;;;Parkano;1060;20150525;2015;5;25;3275000;6885000;4.4;9.8;-2;0.1;18249;5.11
;;;Parkano;1060;20150526;2015;5;26;3275000;6885000;5.4;12.6;-2.9;1.1;18304;5.72
;;;Parkano;1060;20150527;2015;5;27;3275000;6885000;7.3;12.2;1.5;1.5;15979;7.55
;;;Parkano;1060;20150528;2015;5;28;3275000;6885000;9.2;15.1;0.3;0.2;19017;6.92
;;;Parkano;1060;20150529;2015;5;29;3275000;6885000;10.9;16.1;5.5;0;18835;6.9
;;;Parkano;1060;20150530;2015;5;30;3275000;6885000;11.1;17.3;2.6;0.2;24732;6.13
;;;Parkano;1060;20150531;2015;5;31;3275000;6885000;12;18.6;3.7;0;23751;6.07
;;;Parkano;1060;20150601;2015;6;1;3275000;6885000;9.7;16.6;4.8;0;21178;6.74
;;;Parkano;1060;20150602;2015;6;2;3275000;6885000;7.2;12.4;0.5;0;20032;5.41
;;;Parkano;1060;20150603;2015;6;3;3275000;6885000;10;17.3;-1.1;0;27265;6.42
;;;Parkano;1060;20150604;2015;6;4;3275000;6885000;13;19.9;2.6;0;27692;7.49
;;;Parkano;1060;20150605;2015;6;5;3275000;6885000;14.6;23.6;4.5;0.1;27012;7.64
;;;Parkano;1060;20150606;2015;6;6;3275000;6885000;15.7;24.4;5;0;28299;7.27
;;;Parkano;1060;20150607;2015;6;7;3275000;6885000;17.4;25;4.6;0.4;22301;9.1
;;;Parkano;1060;20150608;2015;6;8;3275000;6885000;14.8;22.2;12.6;0;18743;10.3
;;;Parkano;1060;20150609;2015;6;9;3275000;6885000;15.2;20.8;8.5;0;26897;8.64
;;;Parkano;1060;20150610;2015;6;10;3275000;6885000;16;23.7;5.3;0;27487;8.43
;;;Parkano;1060;20150611;2015;6;11;3275000;6885000;17;24.2;5.7;0;27953;7.63
;;;Parkano;1060;20150612;2015;6;12;3275000;6885000;18.2;26;8.3;0;24667;10.24
;;;Parkano;1060;20150613;2015;6;13;3275000;6885000;15.6;21.1;8.9;0;27861;7.81
;;;Parkano;1060;20150614;2015;6;14;3275000;6885000;16.3;22.6;9.1;9.5;21616;11.66
;;;Parkano;1060;20150615;2015;6;15;3275000;6885000;11.8;19.1;9.9;0.6;9975;11.38
;;;Parkano;1060;20150616;2015;6;16;3275000;6885000;11.1;15.6;8.6;4.6;7334;11.77
;;;Parkano;1060;20150617;2015;6;17;3275000;6885000;7.7;11.3;5.5;0.9;8304;9.08
;;;Parkano;1060;20150618;2015;6;18;3275000;6885000;8.1;12.2;4.8;0.4;14745;7.75
;;;Parkano;1060;20150619;2015;6;19;3275000;6885000;10.1;15.4;4;0.4;18089;8.96
;;;Parkano;1060;20150620;2015;6;20;3275000;6885000;13;18.6;2.9;5.8;20830;9.08
;;;Parkano;1060;20150621;2015;6;21;3275000;6885000;11.3;15.2;9.8;0.6;10567;12.05
;;;Parkano;1060;20150622;2015;6;22;3275000;6885000;11.9;17.2;6.4;7.1;21405;11.4
;;;Parkano;1060;20150623;2015;6;23;3275000;6885000;11;13.6;7.8;12.5;9515;12.31
;;;Parkano;1060;20150624;2015;6;24;3275000;6885000;12;14.9;10.2;0.9;9826;12.74
;;;Parkano;1060;20150625;2015;6;25;3275000;6885000;14.2;18.7;8;0.5;25649;11.12
;;;Parkano;1060;20150626;2015;6;26;3275000;6885000;14.1;19;11.1;5.2;13469;12.93
;;;Parkano;1060;20150627;2015;6;27;3275000;6885000;12.7;16.2;10;5;18292;11.66
;;;Parkano;1060;20150628;2015;6;28;3275000;6885000;13.4;18;8.6;0.5;22937;11.34
;;;Parkano;1060;20150629;2015;6;29;3275000;6885000;11.6;16.6;7.7;10.9;5546;12.87
;;;Parkano;1060;20150630;2015;6;30;3275000;6885000;12.2;15.2;10.5;2.6;10947;12.77
;;;Parkano;1060;20150701;2015;7;1;3275000;6885000;10.6;13.4;7.5;0.3;16152;8.13
;;;Parkano;1060;20150702;2015;7;2;3275000;6885000;11;14.4;6.7;0.2;23869;8
;;;Parkano;1060;20150703;2015;7;3;3275000;6885000;14.4;20.4;7.7;0.2;27013;8.18
;;;Parkano;1060;20150704;2015;7;4;3275000;6885000;13.2;22;5.2;8.5;20933;10.78
;;;Parkano;1060;20150705;2015;7;5;3275000;6885000;13.4;16.8;10.9;3.7;11722;13.04
;;;Parkano;1060;20150706;2015;7;6;3275000;6885000;13.9;19.4;8.8;3.2;17065;13.66
;;;Parkano;1060;20150707;2015;7;7;3275000;6885000;15.5;20.4;9.8;2.7;16822;14.21
;;;Parkano;1060;20150708;2015;7;8;3275000;6885000;14.7;18.7;12.5;0.2;22480;11.07
;;;Parkano;1060;20150709;2015;7;9;3275000;6885000;16.2;21.9;8.3;0;18931;13.72
;;;Parkano;1060;20150710;2015;7;10;3275000;6885000;20.5;26.3;13.9;0.1;27463;12.65
;;;Parkano;1060;20150711;2015;7;11;3275000;6885000;11.9;23;6.1;0.1;19756;9.32
;;;Parkano;1060;20150712;2015;7;12;3275000;6885000;10;14.8;0.3;0.1;19319;8.83
;;;Parkano;1060;20150713;2015;7;13;3275000;6885000;9.4;13.9;3.7;0.1;14864;8.87
;;;Parkano;1060;20150714;2015;7;14;3275000;6885000;12.7;19;4.5;0.1;24080;8.93
;;;Parkano;1060;20150715;2015;7;15;3275000;6885000;11.1;18;9.2;1.5;8574;11.37
;;;Parkano;1060;20150716;2015;7;16;3275000;6885000;12.7;18.6;9.3;0.1;15143;12.29
;;;Parkano;1060;20150717;2015;7;17;3275000;6885000;13.3;20.6;4.3;23.1;18295;12.83
;;;Parkano;1060;20150718;2015;7;18;3275000;6885000;16.1;19.4;13.8;1.2;15303;15.65
;;;Parkano;1060;20150719;2015;7;19;3275000;6885000;16;21;10.9;4.7;18899;14.12
;;;Parkano;1060;20150720;2015;7;20;3275000;6885000;16.9;20.5;12.3;0;21015;12.54
;;;Parkano;1060;20150721;2015;7;21;3275000;6885000;16.7;20.6;13.1;1.4;20437;13.98
;;;Parkano;1060;20150722;2015;7;22;3275000;6885000;16.2;20.2;14.5;1.5;16349;15.15
;;;Parkano;1060;20150723;2015;7;23;3275000;6885000;14.6;18.6;11.3;2.1;17631;13.27
;;;Parkano;1060;20150724;2015;7;24;3275000;6885000;13.6;18.3;8.7;7.2;19523;13.28
;;;Parkano;1060;20150725;2015;7;25;3275000;6885000;15.2;19.2;10.9;2.8;16025;15.09
;;;Parkano;1060;20150726;2015;7;26;3275000;6885000;17.1;22.5;10.1;0.3;16816;14.02
;;;Parkano;1060;20150727;2015;7;27;3275000;6885000;13.9;19.2;13.2;30.6;4242;14.97
;;;Parkano;1060;20150728;2015;7;28;3275000;6885000;13.4;14.1;12.7;4.9;5069;14.9
;;;Parkano;1060;20150729;2015;7;29;3275000;6885000;15.6;19.7;11.8;0;25640;12.85
;;;Parkano;1060;20150730;2015;7;30;3275000;6885000;17.3;22.4;11.3;0;26139;13.63
;;;Parkano;1060;20150731;2015;7;31;3275000;6885000;19.3;26.1;10.4;0;24814;14.76
;;;Parkano;1060;20150801;2015;8;1;3275000;6885000;19.7;26.6;11.2;0.1;24925;13.82
;;;Parkano;1060;20150802;2015;8;2;3275000;6885000;17.6;23.9;10.8;0;25699;11.06
;;;Parkano;1060;20150803;2015;8;3;3275000;6885000;16.3;22.1;8.1;0;22875;11.58
;;;Parkano;1060;20150804;2015;8;4;3275000;6885000;16.5;21.8;9.7;0;25330;10.76
;;;Parkano;1060;20150805;2015;8;5;3275000;6885000;16.2;23;7.3;0.1;25118;10.48
;;;Parkano;1060;20150806;2015;8;6;3275000;6885000;17.3;24.8;7.8;0.2;22914;13.18
;;;Parkano;1060;20150807;2015;8;7;3275000;6885000;15;22.1;12.9;0;17302;13.49
;;;Parkano;1060;20150808;2015;8;8;3275000;6885000;12;18.5;3.8;0;22222;9.27
;;;Parkano;1060;20150809;2015;8;9;3275000;6885000;12.9;17.9;7.6;0.7;11637;11.79
;;;Parkano;1060;20150810;2015;8;10;3275000;6885000;12.5;16.7;9.4;0;15110;10.39
;;;Parkano;1060;20150811;2015;8;11;3275000;6885000;12.4;17.7;7.5;0;19852;8.66
;;;Parkano;1060;20150812;2015;8;12;3275000;6885000;11.3;14.8;6.8;0;11312;8.79
;;;Parkano;1060;20150813;2015;8;13;3275000;6885000;11.8;16.9;2.9;15.8;10607;10.6
;;;Parkano;1060;20150814;2015;8;14;3275000;6885000;13.5;15.4;11.3;9.2;3457;15.34
;;;Parkano;1060;20150815;2015;8;15;3275000;6885000;13.8;18.6;10.8;3.5;14760;12.21
;;;Parkano;1060;20150816;2015;8;16;3275000;6885000;12.4;16.5;8.7;7.1;13180;12.21
;;;Parkano;1060;20150817;2015;8;17;3275000;6885000;13.7;17.3;8.8;8.9;9056;14.14
;;;Parkano;1060;20150818;2015;8;18;3275000;6885000;16.2;20.3;12.8;0.6;14786;14.8
;;;Parkano;1060;20150819;2015;8;19;3275000;6885000;15.4;18.9;11.1;3.9;6752;15.94
;;;Parkano;1060;20150820;2015;8;20;3275000;6885000;14.9;18.9;13.1;5;12900;14.52
;;;Parkano;1060;20150821;2015;8;21;3275000;6885000;15;18.7;12.6;0.1;15236;13.92
;;;Parkano;1060;20150822;2015;8;22;3275000;6885000;11.9;16.2;7.2;4.6;6758;12.69
;;;Parkano;1060;20150823;2015;8;23;3275000;6885000;14.1;16.7;12.1;11.1;6914;14.5
;;;Parkano;1060;20150824;2015;8;24;3275000;6885000;16.4;19.6;14.3;3.1;7976;16.92
;;;Parkano;1060;20150825;2015;8;25;3275000;6885000;13.9;16.5;13.1;1.6;6313;15.09
;;;Parkano;1060;20150826;2015;8;26;3275000;6885000;14.9;18.5;12.8;8.9;7455;15.96
;;;Parkano;1060;20150827;2015;8;27;3275000;6885000;14.7;17.6;10.7;16.6;7930;15.99
;;;Parkano;1060;20150828;2015;8;28;3275000;6885000;13.7;15.8;13.2;1.9;8342;14.31
;;;Parkano;1060;20150829;2015;8;29;3275000;6885000;13.2;17.1;10;0;16291;11.51
;;;Parkano;1060;20150830;2015;8;30;3275000;6885000;11.9;18.5;5.6;0.1;14864;10.88
;;;Parkano;1060;20150831;2015;8;31;3275000;6885000;12.2;17.8;6.7;0;14293;11.38
;;;Parkano;1060;20150901;2015;9;1;3275000;6885000;11.5;15.1;8.3;0;9100;11.37
;;;Parkano;1060;20150902;2015;9;2;3275000;6885000;11.8;16.1;6.8;0.1;11966;11.53
;;;Parkano;1060;20150903;2015;9;3;3275000;6885000;10.6;13.4;9.8;27.6;3630;12.49
;;;Parkano;1060;20150904;2015;9;4;3275000;6885000;9.7;13.3;8.1;0;10114;9.72
;;;Parkano;1060;20150905;2015;9;5;3275000;6885000;9.4;14.7;6.1;2.6;10614;10.12
;;;Parkano;1060;20150906;2015;9;6;3275000;6885000;6.5;11.2;2.3;0;16181;7.18
;;;Parkano;1060;20150907;2015;9;7;3275000;6885000;8.4;15.6;0.4;0;11456;9.02
;;;Parkano;1060;20150908;2015;9;8;3275000;6885000;6;10.8;0.9;4.8;6248;8.57
;;;Parkano;1060;20150909;2015;9;9;3275000;6885000;12.2;14.8;7.8;9.9;3795;14.04
;;;Parkano;1060;20150910;2015;9;10;3275000;6885000;12.8;15.5;11.4;1.7;10345;12.55
;;;Parkano;1060;20150911;2015;9;11;3275000;6885000;12.9;15.4;10.4;17.4;7651;13.44
;;;Parkano;1060;20150912;2015;9;12;3275000;6885000;12;14.5;10.3;0.1;9472;12.35
;;;Parkano;1060;20150913;2015;9;13;3275000;6885000;10.8;15.9;6.5;0;12594;10.17
;;;Parkano;1060;20150914;2015;9;14;3275000;6885000;8.8;15.5;2.2;0;11326;8.2
;;;Parkano;1060;20150915;2015;9;15;3275000;6885000;10.3;13.4;4.3;0;8437;9.06
;;;Parkano;1060;20150916;2015;9;16;3275000;6885000;8;12.8;3.6;0;12598;8.18
;;;Parkano;1060;20150917;2015;9;17;3275000;6885000;5.9;10.5;0.8;0;12489;6.99
;;;Parkano;1060;20150918;2015;9;18;3275000;6885000;4.8;10.1;-1.1;0;11600;6.75
;;;Parkano;1060;20150919;2015;9;19;3275000;6885000;5.6;8.3;2.5;0;5417;7.03
;;;Parkano;1060;20150920;2015;9;20;3275000;6885000;5.7;7.3;2.7;0;3775;7.25
;;;Parkano;1060;20150921;2015;9;21;3275000;6885000;5.9;7.2;4.8;0;3390;7.37
;;;Parkano;1060;20150922;2015;9;22;3275000;6885000;5.5;6.4;4.9;0;2086;7.32
;;;Parkano;1060;20150923;2015;9;23;3275000;6885000;4.5;5.7;3.8;0.2;2369;7.18
;;;Parkano;1060;20150924;2015;9;24;3275000;6885000;6.1;8.4;3.9;0.1;5118;8.14
;;;Parkano;1060;20150925;2015;9;25;3275000;6885000;7;10;3.3;0.5;6174;8.08
;;;Parkano;1060;20150926;2015;9;26;3275000;6885000;7.9;10.3;5.8;1.7;3572;10.15
;;;Parkano;1060;20150927;2015;9;27;3275000;6885000;8.1;13.1;4.5;0;5630;9.97
;;;Parkano;1060;20150928;2015;9;28;3275000;6885000;6.3;12.5;0.3;0;6875;8.92
;;;Parkano;1060;20150929;2015;9;29;3275000;6885000;8.3;16.1;2.6;0;9459;9.73
;;;Parkano;1060;20150930;2015;9;30;3275000;6885000;7.6;14.4;1.8;0;9076;9.35
;;;Parkano;1060;20151001;2015;10;1;3275000;6885000;8.1;15;3.6;0.1;9597;9.36
;;;Parkano;1060;20151002;2015;10;2;3275000;6885000;7.5;12.5;1.6;0;4737;9.8
;;;Parkano;1060;20151003;2015;10;3;3275000;6885000;7.9;12.9;0.1;0.3;4461;9.25
;;;Parkano;1060;20151004;2015;10;4;3275000;6885000;8.7;11.6;5.3;0.1;7044;8.32
;;;Parkano;1060;20151005;2015;10;5;3275000;6885000;5.6;10;3.4;0;8530;7.22
;;;Parkano;1060;20151006;2015;10;6;3275000;6885000;4.4;11.1;-0.8;0;8138;6.99
;;;Parkano;1060;20151007;2015;10;7;3275000;6885000;6.6;8.5;1.5;5.3;2156;9.27
;;;Parkano;1060;20151008;2015;10;8;3275000;6885000;7.2;8.2;6.5;2.9;1718;9.44
;;;Parkano;1060;20151009;2015;10;9;3275000;6885000;5.3;7.7;2.5;0.4;2752;8.26
;;;Parkano;1060;20151010;2015;10;10;3275000;6885000;6.6;9.5;3.8;0;3958;9.16
;;;Parkano;1060;20151011;2015;10;11;3275000;6885000;7.6;9.5;2.9;15.2;3110;9.47
;;;Parkano;1060;20151012;2015;10;12;3275000;6885000;7.3;9.3;4;0.1;5182;8.52
;;;Parkano;1060;20151013;2015;10;13;3275000;6885000;6;9.5;3.7;0;7911;7.56
;;;Parkano;1060;20151014;2015;10;14;3275000;6885000;3.7;10.1;-1.8;0;6788;7.34
;;;Parkano;1060;20151015;2015;10;15;3275000;6885000;5.2;8.4;-0.1;1.8;2685;8.58
;;;Parkano;1060;20151016;2015;10;16;3275000;6885000;7.9;11.7;4.6;0.3;5981;9.47
;;;Parkano;1060;20151017;2015;10;17;3275000;6885000;8.9;11.3;4.9;7.4;1598;11.1
;;;Parkano;1060;20151018;2015;10;18;3275000;6885000;7.6;11.5;3.7;0.1;6807;8.99
;;;Parkano;1060;20151019;2015;10;19;3275000;6885000;6.5;8.8;2.5;0.4;3633;8.85
;;;Parkano;1060;20151020;2015;10;20;3275000;6885000;7.6;10.7;4.2;0.3;4597;9.31
;;;Parkano;1060;20151021;2015;10;21;3275000;6885000;5.2;9.5;1.9;0;4940;7.94
;;;Parkano;1060;20151022;2015;10;22;3275000;6885000;5.3;8.9;-0.5;17.1;873;8.93
;;;Parkano;1060;20151023;2015;10;23;3275000;6885000;4.6;8.7;3;2.1;2060;8.16
;;;Parkano;1060;20151024;2015;10;24;3275000;6885000;3.8;6.2;0.6;1;4253;7.23
;;;Parkano;1060;20151025;2015;10;25;3275000;6885000;5.2;7.8;0.3;2.5;1672;8.79
;;;Parkano;1060;20151026;2015;10;26;3275000;6885000;6;9.1;0;0.9;3047;8.79
;;;Parkano;1060;20151027;2015;10;27;3275000;6885000;9.4;10.4;7;14.5;619;10.97
;;;Parkano;1060;20151028;2015;10;28;3275000;6885000;6.7;8.9;5.1;0.1;2937;8.04
;;;Parkano;1060;20151029;2015;10;29;3275000;6885000;4.5;7.4;1;2.2;4392;7.52
;;;Parkano;1060;20151030;2015;10;30;3275000;6885000;8.1;9.5;3.6;3.7;426;10.04
;;;Parkano;1060;20151031;2015;10;31;3275000;6885000;8.4;9.8;6.9;17.5;2823;9.25
;;;Parkano;1060;20151101;2015;11;1;3275000;6885000;7.7;8.7;6.4;18.6;507;9.87
;;;Parkano;1060;20151102;2015;11;2;3275000;6885000;6.4;8.4;4.5;1.9;2065;9.08
;;;Parkano;1060;20151103;2015;11;3;3275000;6885000;3.3;5.8;1.9;6.4;2037;7.42
;;;Parkano;1060;20151104;2015;11;4;3275000;6885000;2.5;5;1.1;0;2590;7.05
;;;Parkano;1060;20151105;2015;11;5;3275000;6885000;1.5;2.9;-0.4;15.2;1257;6.76
;;;Parkano;1060;20151106;2015;11;6;3275000;6885000;1.7;3.4;0.8;5;541;6.78
;;;Parkano;1060;20151107;2015;11;7;3275000;6885000;-0.3;1.1;-2.1;0.1;1887;5.7
;;;Parkano;1060;20151108;2015;11;8;3275000;6885000;0.3;2.5;-2.9;0.1;3239;6.08
;;;Parkano;1060;20151109;2015;11;9;3275000;6885000;3.3;6.1;1.1;0;2053;7.25
;;;Parkano;1060;20151110;2015;11;10;3275000;6885000;4.4;7.2;2;0;2160;8.04
;;;Parkano;1060;20151111;2015;11;11;3275000;6885000;2.6;6.4;-0.1;0;2827;6.27
;;;Parkano;1060;20151112;2015;11;12;3275000;6885000;-2.1;2.1;-4.9;0;3910;4.77
;;;Parkano;1060;20151113;2015;11;13;3275000;6885000;0.4;2.9;-4;0;1914;5.96
;;;Parkano;1060;20151114;2015;11;14;3275000;6885000;0.7;1.8;-0.5;8.5;273;6.26
;;;Parkano;1060;20151115;2015;11;15;3275000;6885000;4.8;6.1;1.7;8.3;236;8.59
;;;Parkano;1060;20151116;2015;11;16;3275000;6885000;5.8;7.4;4.6;12.1;1356;8.43
;;;Parkano;1060;20151117;2015;11;17;3275000;6885000;3.9;6.6;2.9;1.8;654;7.6
;;;Parkano;1060;20151118;2015;11;18;3275000;6885000;3.5;4.7;2.2;12.1;558;7.67
;;;Parkano;1060;20151119;2015;11;19;3275000;6885000;3.9;4.7;2.7;5;477;8.02
;;;Parkano;1060;20151120;2015;11;20;3275000;6885000;1.8;4.1;0.4;1.5;583;6.79
;;;Parkano;1060;20151121;2015;11;21;3275000;6885000;3.1;3.9;2.2;8.1;457;7.6
;;;Parkano;1060;20151122;2015;11;22;3275000;6885000;-0.1;2.1;-1.6;0.6;521;5.7
;;;Parkano;1060;20151123;2015;11;23;3275000;6885000;-1.3;0;-3.3;0;2395;4.79
;;;Parkano;1060;20151124;2015;11;24;3275000;6885000;1.6;3.7;-1.4;6.1;465;6.29
;;;Parkano;1060;20151125;2015;11;25;3275000;6885000;-1;1.6;-3.2;4.3;1380;5.32
;;;Parkano;1060;20151126;2015;11;26;3275000;6885000;-3.7;-0.8;-6.4;0.9;976;4.59
;;;Parkano;1060;20151127;2015;11;27;3275000;6885000;-3;-1.1;-7.5;1;701;4.68
;;;Parkano;1060;20151128;2015;11;28;3275000;6885000;-3.3;-2;-3.9;0.1;650;4.58
;;;Parkano;1060;20151129;2015;11;29;3275000;6885000;-5;-3.2;-7.3;7.7;355;3.97
;;;Parkano;1060;20151130;2015;11;30;3275000;6885000;-1.5;-0.6;-3.4;0.1;889;4.71
;;;Parkano;1060;20151201;2015;12;1;3275000;6885000;-1.3;-0.3;-2.2;0;531;5.16
;;;Parkano;1060;20151202;2015;12;2;3275000;6885000;-1.7;0.3;-3.5;3.4;328;5.14
;;;Parkano;1060;20151203;2015;12;3;3275000;6885000;-0.5;2.2;-5.7;1;340;5.8
;;;Parkano;1060;20151204;2015;12;4;3275000;6885000;3;5.7;-0.2;0;1003;6.91
;;;Parkano;1060;20151205;2015;12;5;3275000;6885000;2;2.7;-0.5;0.6;404;6.95
;;;Parkano;1060;20151206;2015;12;6;3275000;6885000;1.2;2.8;0.3;7.1;247;6.5
;;;Parkano;1060;20151207;2015;12;7;3275000;6885000;2.6;3;0.5;1.6;127;7.23
;;;Parkano;1060;20151208;2015;12;8;3275000;6885000;2.1;3.1;0.6;2.5;244;6.99
;;;Parkano;1060;20151209;2015;12;9;3275000;6885000;2.6;3.9;1.5;2.4;179;7.1
;;;Parkano;1060;20151210;2015;12;10;3275000;6885000;0.9;2.3;-0.4;4.2;147;6.25
;;;Parkano;1060;20151211;2015;12;11;3275000;6885000;-0.3;0.3;-1.3;0.5;281;5.84
;;;Parkano;1060;20151212;2015;12;12;3275000;6885000;-2.2;-0.9;-3.1;0;121;4.85
;;;Parkano;1060;20151213;2015;12;13;3275000;6885000;-3.8;-2.5;-4.9;0;208;4.43
;;;Parkano;1060;20151214;2015;12;14;3275000;6885000;-0.9;0.7;-4.5;5.4;247;5.61
;;;Parkano;1060;20151215;2015;12;15;3275000;6885000;0.5;1.4;0.1;1.2;196;6.32
;;;Parkano;1060;20151216;2015;12;16;3275000;6885000;-0.8;0.4;-2.1;1.1;182;5.67
;;;Parkano;1060;20151217;2015;12;17;3275000;6885000;-3;-1.3;-5;1.1;284;4.66
;;;Parkano;1060;20151218;2015;12;18;3275000;6885000;0.3;0.5;-1.8;1.4;116;5.96
;;;Parkano;1060;20151219;2015;12;19;3275000;6885000;0.9;2.3;-0.8;0.3;125;6.34
;;;Parkano;1060;20151220;2015;12;20;3275000;6885000;0.1;1.4;-1.3;0;163;5.99
;;;Parkano;1060;20151221;2015;12;21;3275000;6885000;-3.3;-0.5;-4.7;0;855;4.65
;;;Parkano;1060;20151222;2015;12;22;3275000;6885000;-2.3;-1.5;-5.2;0;133;4.85
;;;Parkano;1060;20151223;2015;12;23;3275000;6885000;-1.6;-0.7;-3;2.1;116;5.27
;;;Parkano;1060;20151224;2015;12;24;3275000;6885000;0.8;2.2;-1.4;1.8;223;6.13
;;;Parkano;1060;20151225;2015;12;25;3275000;6885000;2.8;3.4;1.9;8.7;135;7.35
;;;Parkano;1060;20151226;2015;12;26;3275000;6885000;0.9;2.5;0.1;1;231;6.3
;;;Parkano;1060;20151227;2015;12;27;3275000;6885000;0.6;1.5;-0.2;7.4;225;6.23
;;;Parkano;1060;20151228;2015;12;28;3275000;6885000;-0.5;-0.1;-0.8;3.7;183;5.84
;;;Parkano;1060;20151229;2015;12;29;3275000;6885000;-1.9;-0.4;-2.3;0.4;297;4.78
;;;Parkano;1060;20151230;2015;12;30;3275000;6885000;-3.4;-1.8;-4.6;0;323;4.12
;;;Parkano;1060;20151231;2015;12;31;3275000;6885000;-4.6;-2.8;-6.7;0.1;326;4.1
;;;Parkano;1060;20160101;2016;1;1;3275000;6885000;0.6;1.4;-3;0;688;6.38
;;;Parkano;1060;20160102;2016;1;2;3275000;6885000;-0.8;1.6;-3.3;0;637;5.54
;;;Parkano;1060;20160103;2016;1;3;3275000;6885000;-5.9;-2.5;-9.8;0;1166;3.77
;;;Parkano;1060;20160104;2016;1;4;3275000;6885000;-1.7;-0.4;-3.7;0;774;5.38
;;;Parkano;1060;20160105;2016;1;5;3275000;6885000;-0.4;0.5;-3.8;0;358;5.82
;;;Parkano;1060;20160106;2016;1;6;3275000;6885000;-0.3;1.9;-1.8;0.1;664;4.99
;;;Parkano;1060;20160107;2016;1;7;3275000;6885000;-0.4;0.2;-1.8;0.4;162;5.57
;;;Parkano;1060;20160108;2016;1;8;3275000;6885000;-3.6;-0.3;-6.6;0;314;4.1
;;;Parkano;1060;20160109;2016;1;9;3275000;6885000;-6.1;-4.7;-8.5;0;328;3.32
;;;Parkano;1060;20160110;2016;1;10;3275000;6885000;-7.7;-6.1;-9;0;1101;2.66
;;;Parkano;1060;20160111;2016;1;11;3275000;6885000;-8;-7;-9;0;745;1.92
;;;Parkano;1060;20160112;2016;1;12;3275000;6885000;-6;-4.7;-8.2;1.2;576;2.65
;;;Parkano;1060;20160113;2016;1;13;3275000;6885000;-5.5;-4.8;-6.1;5.4;325;3.75
;;;Parkano;1060;20160114;2016;1;14;3275000;6885000;-3.6;-2.1;-5;2.9;210;4.46
;;;Parkano;1060;20160115;2016;1;15;3275000;6885000;-3.6;-2.5;-4.7;2.7;273;4.45
;;;Parkano;1060;20160116;2016;1;16;3275000;6885000;0.4;1;-3.5;2.4;324;6.1
;;;Parkano;1060;20160117;2016;1;17;3275000;6885000;1.8;3.4;0;8;183;6.67
;;;Parkano;1060;20160118;2016;1;18;3275000;6885000;1;2.1;0.1;9.1;327;6.24
;;;Parkano;1060;20160119;2016;1;19;3275000;6885000;0.8;3.2;-1.2;2.6;244;6.25
;;;Parkano;1060;20160120;2016;1;20;3275000;6885000;0.9;3;-1.1;2.2;276;6.39
;;;Parkano;1060;20160121;2016;1;21;3275000;6885000;2.5;3.2;1;1.6;130;7.05
;;;Parkano;1060;20160122;2016;1;22;3275000;6885000;1.9;3.1;1.3;7.9;156;6.78
;;;Parkano;1060;20160123;2016;1;23;3275000;6885000;2.8;4.2;1;3.7;300;6.81
;;;Parkano;1060;20160124;2016;1;24;3275000;6885000;2.3;3.4;1.6;5.3;252;6.81
;;;Parkano;1060;20160125;2016;1;25;3275000;6885000;1.2;1.9;0.6;5.7;301;6.44
;;;Parkano;1060;20160126;2016;1;26;3275000;6885000;-0.1;1.8;-0.5;2;654;5.72
;;;Parkano;1060;20160127;2016;1;27;3275000;6885000;-2.6;-0.4;-4.2;0.9;442;4.89
;;;Parkano;1060;20160128;2016;1;28;3275000;6885000;-2.7;-2.1;-3.6;0.1;507;4.59
;;;Parkano;1060;20160129;2016;1;29;3275000;6885000;-3.7;-2;-6;0.1;835;4.09
;;;Parkano;1060;20160130;2016;1;30;3275000;6885000;-1.6;2.5;-7.4;4.6;369;5.21
;;;Parkano;1060;20160131;2016;1;31;3275000;6885000;0;2.6;-0.9;0.8;1607;5.69
;;;Parkano;1060;20160201;2016;2;1;3275000;6885000;-1.2;0.1;-3.2;0.7;1097;5.37
;;;Parkano;1060;20160202;2016;2;2;3275000;6885000;-4.5;-2.2;-6.7;0;2153;4.09
;;;Parkano;1060;20160203;2016;2;3;3275000;6885000;-5.1;-0.5;-13.5;0.1;781;4.02
;;;Parkano;1060;20160204;2016;2;4;3275000;6885000;0.8;2.5;-1.6;0;658;6.28
;;;Parkano;1060;20160205;2016;2;5;3275000;6885000;-1.9;2.4;-3.2;2.3;568;5.12
;;;Parkano;1060;20160206;2016;2;6;3275000;6885000;-3.5;-0.8;-7.9;0;2519;4.47
;;;Parkano;1060;20160207;2016;2;7;3275000;6885000;-0.1;0.5;-3.7;2.7;737;5.61
;;;Parkano;1060;20160208;2016;2;8;3275000;6885000;0.6;1.6;-0.3;12.4;834;6.24
;;;Parkano;1060;20160209;2016;2;9;3275000;6885000;-3.1;0.5;-5.9;1.2;1784;4.64
;;;Parkano;1060;20160210;2016;2;10;3275000;6885000;-3.2;-0.8;-6.7;0.1;1026;4.68
;;;Parkano;1060;20160211;2016;2;11;3275000;6885000;-0.4;0.6;-1.7;0;703;5.84
;;;Parkano;1060;20160212;2016;2;12;3275000;6885000;0.1;0.5;-0.5;1.5;866;5.9
;;;Parkano;1060;20160213;2016;2;13;3275000;6885000;0.3;0.8;-0.1;2.8;905;6.01
;;;Parkano;1060;20160214;2016;2;14;3275000;6885000;0.2;1.2;-0.4;0.9;1656;6.06
;;;Parkano;1060;20160215;2016;2;15;3275000;6885000;1.4;2.5;-0.8;0.8;1012;6.68
;;;Parkano;1060;20160216;2016;2;16;3275000;6885000;1.2;1.9;0.9;0;950;6.57
;;;Parkano;1060;20160217;2016;2;17;3275000;6885000;0.1;1.6;-1.2;0;1558;6.15
;;;Parkano;1060;20160218;2016;2;18;3275000;6885000;-2.4;0.1;-4.2;0.3;2705;5.08
;;;Parkano;1060;20160219;2016;2;19;3275000;6885000;-0.7;1.6;-2.2;0;3235;4.65
;;;Parkano;1060;20160220;2016;2;20;3275000;6885000;-4;-1.7;-5.5;0;3489;3.02
;;;Parkano;1060;20160221;2016;2;21;3275000;6885000;-7.2;-4.8;-8.4;0.1;4205;2.43
;;;Parkano;1060;20160222;2016;2;22;3275000;6885000;-8;-1.9;-16.7;2.5;2492;2.95
;;;Parkano;1060;20160223;2016;2;23;3275000;6885000;-0.8;1.5;-2.3;0;3363;5.28
;;;Parkano;1060;20160224;2016;2;24;3275000;6885000;-2.3;1.8;-7.8;0.5;3027;4.53
;;;Parkano;1060;20160225;2016;2;25;3275000;6885000;-5.7;-0.7;-10;0.8;5137;3.31
;;;Parkano;1060;20160226;2016;2;26;3275000;6885000;-1;1.9;-6.7;0;2749;5.3
;;;Parkano;1060;20160227;2016;2;27;3275000;6885000;-0.5;0.5;-1.9;10.1;1490;5.69
;;;Parkano;1060;20160228;2016;2;28;3275000;6885000;1.6;3.7;0;2.6;3467;6.08
;;;Parkano;1060;20160229;2016;2;29;3275000;6885000;-0.7;2.2;-2.8;1.8;5568;4.94
;;;Parkano;1060;20160301;2016;3;1;3275000;6885000;-0.6;2.7;-4.1;4.2;1655;5.58
;;;Parkano;1060;20160302;2016;3;2;3275000;6885000;0.9;2.8;-0.9;0.3;4220;5.38
;;;Parkano;1060;20160303;2016;3;3;3275000;6885000;-0.1;2.4;-3;4;5528;4.88
;;;Parkano;1060;20160304;2016;3;4;3275000;6885000;0.9;1.9;0.3;3.6;1828;6.41
;;;Parkano;1060;20160305;2016;3;5;3275000;6885000;-2.7;1.1;-4.2;0.4;2809;4.78
;;;Parkano;1060;20160306;2016;3;6;3275000;6885000;-3.8;0.4;-10.3;0;5754;4.3
;;;Parkano;1060;20160307;2016;3;7;3275000;6885000;-0.9;0.3;-4.2;0;2923;5.03
;;;Parkano;1060;20160308;2016;3;8;3275000;6885000;-2;0.2;-3.2;0;3035;4.45
;;;Parkano;1060;20160309;2016;3;9;3275000;6885000;-5.2;-2.7;-7;7.4;2824;3.87
;;;Parkano;1060;20160310;2016;3;10;3275000;6885000;-6.2;-4;-7.2;0.8;4152;3.42
;;;Parkano;1060;20160311;2016;3;11;3275000;6885000;-8;-2.5;-13.3;1.5;7339;2.83
;;;Parkano;1060;20160312;2016;3;12;3275000;6885000;-1.7;0.4;-10.2;2.5;3948;5.18
;;;Parkano;1060;20160313;2016;3;13;3275000;6885000;-1.8;0.5;-2.7;0.5;3006;5.07
;;;Parkano;1060;20160314;2016;3;14;3275000;6885000;-1.9;-0.1;-3.9;2.8;3317;5.05
;;;Parkano;1060;20160315;2016;3;15;3275000;6885000;1;1.4;0.1;7.2;2479;6.37
;;;Parkano;1060;20160316;2016;3;16;3275000;6885000;3;4.2;0.7;0.9;2820;7.37
;;;Parkano;1060;20160317;2016;3;17;3275000;6885000;3.2;5.4;2.1;0.1;4174;7.07
;;;Parkano;1060;20160318;2016;3;18;3275000;6885000;1.9;3.8;0.7;0;2205;6.3
;;;Parkano;1060;20160319;2016;3;19;3275000;6885000;0.5;1.5;-0.2;2.8;2583;5.85
;;;Parkano;1060;20160320;2016;3;20;3275000;6885000;0.2;1.4;-0.4;0.4;2747;6.03
;;;Parkano;1060;20160321;2016;3;21;3275000;6885000;-2.5;0.3;-3.5;0.5;3176;4.5
;;;Parkano;1060;20160322;2016;3;22;3275000;6885000;-1.8;0.1;-3.5;0.4;5082;4.7
;;;Parkano;1060;20160323;2016;3;23;3275000;6885000;-0.7;1.3;-2.5;1.6;3624;5.19
;;;Parkano;1060;20160324;2016;3;24;3275000;6885000;-1;0.6;-4.9;1.4;5712;5
;;;Parkano;1060;20160325;2016;3;25;3275000;6885000;-2.7;-0.4;-3.4;0.5;6521;4.07
;;;Parkano;1060;20160326;2016;3;26;3275000;6885000;-6.7;-2.8;-9.3;0;9952;2.78
;;;Parkano;1060;20160327;2016;3;27;3275000;6885000;-10.4;-4.4;-16.7;0;12247;1.79
;;;Parkano;1060;20160328;2016;3;28;3275000;6885000;-9.9;-3.4;-17.4;0.1;12309;1.62
;;;Parkano;1060;20160329;2016;3;29;3275000;6885000;-7.8;-3.6;-12.4;0.1;7625;2.48
;;;Parkano;1060;20160330;2016;3;30;3275000;6885000;-8.7;-2.6;-14;0;11035;2.43
;;;Parkano;1060;20160331;2016;3;31;3275000;6885000;-3.7;1.8;-12.6;0.4;11884;3.13
;;;Parkano;1060;20160401;2016;4;1;3275000;6885000;-4;-1.9;-5;5.5;4034;3.27
;;;Parkano;1060;20160402;2016;4;2;3275000;6885000;-3.5;-0.6;-5.2;4.1;8716;4.08
;;;Parkano;1060;20160403;2016;4;3;3275000;6885000;-0.7;3.6;-5.3;0;13715;3.79
;;;Parkano;1060;20160404;2016;4;4;3275000;6885000;2.2;6.3;-2.7;0;12291;4.34
;;;Parkano;1060;20160405;2016;4;5;3275000;6885000;3.2;6;1.1;0.1;4872;6.21
;;;Parkano;1060;20160406;2016;4;6;3275000;6885000;5.6;11.3;1;0;11653;6.58
;;;Parkano;1060;20160407;2016;4;7;3275000;6885000;5.1;9.5;3.5;0;9498;6.64
;;;Parkano;1060;20160408;2016;4;8;3275000;6885000;4.9;12.6;-1.8;0;11510;5.54
;;;Parkano;1060;20160409;2016;4;9;3275000;6885000;4;11.1;-2.7;0;10221;4.7
;;;Parkano;1060;20160410;2016;4;10;3275000;6885000;1.4;6.8;-0.5;0;8427;5.87
;;;Parkano;1060;20160411;2016;4;11;3275000;6885000;2.8;5.8;1;1;4669;6.81
;;;Parkano;1060;20160412;2016;4;12;3275000;6885000;3.1;6;0.2;2.5;7261;6.94
;;;Parkano;1060;20160413;2016;4;13;3275000;6885000;3.8;4.8;3;3.2;1935;7.8
;;;Parkano;1060;20160414;2016;4;14;3275000;6885000;2.9;4.6;1.9;8.4;2751;7.44
;;;Parkano;1060;20160415;2016;4;15;3275000;6885000;1.1;2.4;0.4;3.4;2245;6.63
;;;Parkano;1060;20160416;2016;4;16;3275000;6885000;0.9;3.6;-0.7;1.1;6705;6.34
;;;Parkano;1060;20160417;2016;4;17;3275000;6885000;1.3;3.2;0.3;0;4942;6.28
;;;Parkano;1060;20160418;2016;4;18;3275000;6885000;2.8;7.2;-1.1;2.2;10846;5.77
;;;Parkano;1060;20160419;2016;4;19;3275000;6885000;0.2;4.8;-0.4;11;2565;5.82
;;;Parkano;1060;20160420;2016;4;20;3275000;6885000;-0.6;2.4;-2.1;0.7;10237;5.38
;;;Parkano;1060;20160421;2016;4;21;3275000;6885000;2.4;7.2;-1.9;0.7;8381;6.66
;;;Parkano;1060;20160422;2016;4;22;3275000;6885000;4;9.7;-1.6;0;14381;5.98
;;;Parkano;1060;20160423;2016;4;23;3275000;6885000;4.1;9.5;-2.3;0;19894;4.42
;;;Parkano;1060;20160424;2016;4;24;3275000;6885000;4;10.5;-2;0;17793;4.93
;;;Parkano;1060;20160425;2016;4;25;3275000;6885000;3;6.7;0.4;0;19531;4.23
;;;Parkano;1060;20160426;2016;4;26;3275000;6885000;2.4;8.4;-5;0;15179;4.23
;;;Parkano;1060;20160427;2016;4;27;3275000;6885000;4.1;9.9;-1.6;0;12104;4.8
;;;Parkano;1060;20160428;2016;4;28;3275000;6885000;4.2;10.7;-4.5;0;21063;4.03
;;;Parkano;1060;20160429;2016;4;29;3275000;6885000;4.5;12.1;-3.8;0;20646;4.96
;;;Parkano;1060;20160430;2016;4;30;3275000;6885000;4.5;12.1;-2.7;0;19261;4.96
;;;Parkano;1060;20160501;2016;5;1;3275000;6885000;6.5;14.9;-3.6;0;20571;5.06
;;;Parkano;1060;20160502;2016;5;2;3275000;6885000;8.5;16.4;-0.4;0;20734;5.81
;;;Parkano;1060;20160503;2016;5;3;3275000;6885000;8.3;13.6;2.7;0;9353;8.34
;;;Parkano;1060;20160504;2016;5;4;3275000;6885000;9.7;14;4.5;0.2;6654;10.26
;;;Parkano;1060;20160505;2016;5;5;3275000;6885000;11.9;18.5;6.3;0;13493;10.05
;;;Parkano;1060;20160506;2016;5;6;3275000;6885000;14.5;21;5.7;0;19124;9.06
;;;Parkano;1060;20160507;2016;5;7;3275000;6885000;13.6;19.2;6.5;0;13065;9.26
;;;Parkano;1060;20160508;2016;5;8;3275000;6885000;15.5;21.4;9.3;0;15037;9.38
;;;Parkano;1060;20160509;2016;5;9;3275000;6885000;15.7;23.2;7.8;0;19767;8.99
;;;Parkano;1060;20160510;2016;5;10;3275000;6885000;12.5;18.8;5.3;0;21793;9.37
;;;Parkano;1060;20160511;2016;5;11;3275000;6885000;6.3;13.6;5;0.1;14429;6.68
;;;Parkano;1060;20160512;2016;5;12;3275000;6885000;3.8;11.3;-3.3;0.6;20505;5.25
;;;Parkano;1060;20160513;2016;5;13;3275000;6885000;7.4;12.5;2.4;1.7;10951;8.76
;;;Parkano;1060;20160514;2016;5;14;3275000;6885000;9;14.4;1.4;0.1;16008;7.77
;;;Parkano;1060;20160515;2016;5;15;3275000;6885000;12.5;19.1;5.9;0;21757;8.97
;;;Parkano;1060;20160516;2016;5;16;3275000;6885000;12.4;19.8;4.8;0;22649;8.19
;;;Parkano;1060;20160517;2016;5;17;3275000;6885000;12.9;22.3;2.9;0.2;20034;7.97
;;;Parkano;1060;20160518;2016;5;18;3275000;6885000;6.1;14.1;2.9;0;20819;5.15
;;;Parkano;1060;20160519;2016;5;19;3275000;6885000;3.3;7.9;-3;0.3;21712;4.14
;;;Parkano;1060;20160520;2016;5;20;3275000;6885000;3.3;8.8;-5.3;0;17659;4.71
;;;Parkano;1060;20160521;2016;5;21;3275000;6885000;3.7;9.5;-2.6;0.1;20340;4.73
;;;Parkano;1060;20160522;2016;5;22;3275000;6885000;4.6;10.2;-2.4;0.1;19954;4.73
;;;Parkano;1060;20160523;2016;5;23;3275000;6885000;5.4;11.2;-1.5;2.7;20642;4.36
;;;Parkano;1060;20160524;2016;5;24;3275000;6885000;4;9.3;1.5;0.3;8831;5.82
;;;Parkano;1060;20160525;2016;5;25;3275000;6885000;4.4;9.8;-2;0.1;18249;5.11
;;;Parkano;1060;20160526;2016;5;26;3275000;6885000;5.4;12.6;-2.9;1.1;18304;5.72
;;;Parkano;1060;20160527;2016;5;27;3275000;6885000;7.3;12.2;1.5;1.5;15979;7.55
;;;Parkano;1060;20160528;2016;5;28;3275000;6885000;9.2;15.1;0.3;0.2;19017;6.92
;;;Parkano;1060;20160529;2016;5;29;3275000;6885000;10.9;16.1;5.5;0;18835;6.9
;;;Parkano;1060;20160530;2016;5;30;3275000;6885000;11.1;17.3;2.6;0.2;24732;6.13
;;;Parkano;1060;20160531;2016;5;31;3275000;6885000;12;18.6;3.7;0;23751;6.07
;;;Parkano;1060;20160601;2016;6;1;3275000;6885000;9.7;16.6;4.8;0;21178;6.74
;;;Parkano;1060;20160602;2016;6;2;3275000;6885000;7.2;12.4;0.5;0;20032;5.41
;;;Parkano;1060;20160603;2016;6;3;3275000;6885000;10;17.3;-1.1;0;27265;6.42
;;;Parkano;1060;20160604;2016;6;4;3275000;6885000;13;19.9;2.6;0;27692;7.49
;;;Parkano;1060;20160605;2016;6;5;3275000;6885000;14.6;23.6;4.5;0.1;27012;7.64
;;;Parkano;1060;20160606;2016;6;6;3275000;6885000;15.7;24.4;5;0;28299;7.27
;;;Parkano;1060;20160607;2016;6;7;3275000;6885000;17.4;25;4.6;0.4;22301;9.1
;;;Parkano;1060;20160608;2016;6;8;3275000;6885000;14.8;22.2;12.6;0;18743;10.3
;;;Parkano;1060;20160609;2016;6;9;3275000;6885000;15.2;20.8;8.5;0;26897;8.64
;;;Parkano;1060;20160610;2016;6;10;3275000;6885000;16;23.7;5.3;0;27487;8.43
;;;Parkano;1060;20160611;2016;6;11;3275000;6885000;17;24.2;5.7;0;27953;7.63
;;;Parkano;1060;20160612;2016;6;12;3275000;6885000;18.2;26;8.3;0;24667;10.24
;;;Parkano;1060;20160613;2016;6;13;3275000;6885000;15.6;21.1;8.9;0;27861;7.81
;;;Parkano;1060;20160614;2016;6;14;3275000;6885000;16.3;22.6;9.1;9.5;21616;11.66
;;;Parkano;1060;20160615;2016;6;15;3275000;6885000;11.8;19.1;9.9;0.6;9975;11.38
;;;Parkano;1060;20160616;2016;6;16;3275000;6885000;11.1;15.6;8.6;4.6;7334;11.77
;;;Parkano;1060;20160617;2016;6;17;3275000;6885000;7.7;11.3;5.5;0.9;8304;9.08
;;;Parkano;1060;20160618;2016;6;18;3275000;6885000;8.1;12.2;4.8;0.4;14745;7.75
;;;Parkano;1060;20160619;2016;6;19;3275000;6885000;10.1;15.4;4;0.4;18089;8.96
;;;Parkano;1060;20160620;2016;6;20;3275000;6885000;13;18.6;2.9;5.8;20830;9.08
;;;Parkano;1060;20160621;2016;6;21;3275000;6885000;11.3;15.2;9.8;0.6;10567;12.05
;;;Parkano;1060;20160622;2016;6;22;3275000;6885000;11.9;17.2;6.4;7.1;21405;11.4
;;;Parkano;1060;20160623;2016;6;23;3275000;6885000;11;13.6;7.8;12.5;9515;12.31
;;;Parkano;1060;20160624;2016;6;24;3275000;6885000;12;14.9;10.2;0.9;9826;12.74
;;;Parkano;1060;20160625;2016;6;25;3275000;6885000;14.2;18.7;8;0.5;25649;11.12
;;;Parkano;1060;20160626;2016;6;26;3275000;6885000;14.1;19;11.1;5.2;13469;12.93
;;;Parkano;1060;20160627;2016;6;27;3275000;6885000;12.7;16.2;10;5;18292;11.66
;;;Parkano;1060;20160628;2016;6;28;3275000;6885000;13.4;18;8.6;0.5;22937;11.34
;;;Parkano;1060;20160629;2016;6;29;3275000;6885000;11.6;16.6;7.7;10.9;5546;12.87
;;;Parkano;1060;20160630;2016;6;30;3275000;6885000;12.2;15.2;10.5;2.6;10947;12.77
;;;Parkano;1060;20160701;2016;7;1;3275000;6885000;10.6;13.4;7.5;0.3;16152;8.13
;;;Parkano;1060;20160702;2016;7;2;3275000;6885000;11;14.4;6.7;0.2;23869;8
;;;Parkano;1060;20160703;2016;7;3;3275000;6885000;14.4;20.4;7.7;0.2;27013;8.18
;;;Parkano;1060;20160704;2016;7;4;3275000;6885000;13.2;22;5.2;8.5;20933;10.78
;;;Parkano;1060;20160705;2016;7;5;3275000;6885000;13.4;16.8;10.9;3.7;11722;13.04
;;;Parkano;1060;20160706;2016;7;6;3275000;6885000;13.9;19.4;8.8;3.2;17065;13.66
;;;Parkano;1060;20160707;2016;7;7;3275000;6885000;15.5;20.4;9.8;2.7;16822;14.21
;;;Parkano;1060;20160708;2016;7;8;3275000;6885000;14.7;18.7;12.5;0.2;22480;11.07
;;;Parkano;1060;20160709;2016;7;9;3275000;6885000;16.2;21.9;8.3;0;18931;13.72
;;;Parkano;1060;20160710;2016;7;10;3275000;6885000;20.5;26.3;13.9;0.1;27463;12.65
;;;Parkano;1060;20160711;2016;7;11;3275000;6885000;11.9;23;6.1;0.1;19756;9.32
;;;Parkano;1060;20160712;2016;7;12;3275000;6885000;10;14.8;0.3;0.1;19319;8.83
;;;Parkano;1060;20160713;2016;7;13;3275000;6885000;9.4;13.9;3.7;0.1;14864;8.87
;;;Parkano;1060;20160714;2016;7;14;3275000;6885000;12.7;19;4.5;0.1;24080;8.93
;;;Parkano;1060;20160715;2016;7;15;3275000;6885000;11.1;18;9.2;1.5;8574;11.37
;;;Parkano;1060;20160716;2016;7;16;3275000;6885000;12.7;18.6;9.3;0.1;15143;12.29
;;;Parkano;1060;20160717;2016;7;17;3275000;6885000;13.3;20.6;4.3;23.1;18295;12.83
;;;Parkano;1060;20160718;2016;7;18;3275000;6885000;16.1;19.4;13.8;1.2;15303;15.65
;;;Parkano;1060;20160719;2016;7;19;3275000;6885000;16;21;10.9;4.7;18899;14.12
;;;Parkano;1060;20160720;2016;7;20;3275000;6885000;16.9;20.5;12.3;0;21015;12.54
;;;Parkano;1060;20160721;2016;7;21;3275000;6885000;16.7;20.6;13.1;1.4;20437;13.98
;;;Parkano;1060;20160722;2016;7;22;3275000;6885000;16.2;20.2;14.5;1.5;16349;15.15
;;;Parkano;1060;20160723;2016;7;23;3275000;6885000;14.6;18.6;11.3;2.1;17631;13.27
;;;Parkano;1060;20160724;2016;7;24;3275000;6885000;13.6;18.3;8.7;7.2;19523;13.28
;;;Parkano;1060;20160725;2016;7;25;3275000;6885000;15.2;19.2;10.9;2.8;16025;15.09
;;;Parkano;1060;20160726;2016;7;26;3275000;6885000;17.1;22.5;10.1;0.3;16816;14.02
;;;Parkano;1060;20160727;2016;7;27;3275000;6885000;13.9;19.2;13.2;30.6;4242;14.97
;;;Parkano;1060;20160728;2016;7;28;3275000;6885000;13.4;14.1;12.7;4.9;5069;14.9
;;;Parkano;1060;20160729;2016;7;29;3275000;6885000;15.6;19.7;11.8;0;25640;12.85
;;;Parkano;1060;20160730;2016;7;30;3275000;6885000;17.3;22.4;11.3;0;26139;13.63
;;;Parkano;1060;20160731;2016;7;31;3275000;6885000;19.3;26.1;10.4;0;24814;14.76
;;;Parkano;1060;20160801;2016;8;1;3275000;6885000;19.7;26.6;11.2;0.1;24925;13.82
;;;Parkano;1060;20160802;2016;8;2;3275000;6885000;17.6;23.9;10.8;0;25699;11.06
;;;Parkano;1060;20160803;2016;8;3;3275000;6885000;16.3;22.1;8.1;0;22875;11.58
;;;Parkano;1060;20160804;2016;8;4;3275000;6885000;16.5;21.8;9.7;0;25330;10.76
;;;Parkano;1060;20160805;2016;8;5;3275000;6885000;16.2;23;7.3;0.1;25118;10.48
;;;Parkano;1060;20160806;2016;8;6;3275000;6885000;17.3;24.8;7.8;0.2;22914;13.18
;;;Parkano;1060;20160807;2016;8;7;3275000;6885000;15;22.1;12.9;0;17302;13.49
;;;Parkano;1060;20160808;2016;8;8;3275000;6885000;12;18.5;3.8;0;22222;9.27
;;;Parkano;1060;20160809;2016;8;9;3275000;6885000;12.9;17.9;7.6;0.7;11637;11.79
;;;Parkano;1060;20160810;2016;8;10;3275000;6885000;12.5;16.7;9.4;0;15110;10.39
;;;Parkano;1060;20160811;2016;8;11;3275000;6885000;12.4;17.7;7.5;0;19852;8.66
;;;Parkano;1060;20160812;2016;8;12;3275000;6885000;11.3;14.8;6.8;0;11312;8.79
;;;Parkano;1060;20160813;2016;8;13;3275000;6885000;11.8;16.9;2.9;15.8;10607;10.6
;;;Parkano;1060;20160814;2016;8;14;3275000;6885000;13.5;15.4;11.3;9.2;3457;15.34
;;;Parkano;1060;20160815;2016;8;15;3275000;6885000;13.8;18.6;10.8;3.5;14760;12.21
;;;Parkano;1060;20160816;2016;8;16;3275000;6885000;12.4;16.5;8.7;7.1;13180;12.21
;;;Parkano;1060;20160817;2016;8;17;3275000;6885000;13.7;17.3;8.8;8.9;9056;14.14
;;;Parkano;1060;20160818;2016;8;18;3275000;6885000;16.2;20.3;12.8;0.6;14786;14.8
;;;Parkano;1060;20160819;2016;8;19;3275000;6885000;15.4;18.9;11.1;3.9;6752;15.94
;;;Parkano;1060;20160820;2016;8;20;3275000;6885000;14.9;18.9;13.1;5;12900;14.52
;;;Parkano;1060;20160821;2016;8;21;3275000;6885000;15;18.7;12.6;0.1;15236;13.92
;;;Parkano;1060;20160822;2016;8;22;3275000;6885000;11.9;16.2;7.2;4.6;6758;12.69
;;;Parkano;1060;20160823;2016;8;23;3275000;6885000;14.1;16.7;12.1;11.1;6914;14.5
;;;Parkano;1060;20160824;2016;8;24;3275000;6885000;16.4;19.6;14.3;3.1;7976;16.92
;;;Parkano;1060;20160825;2016;8;25;3275000;6885000;13.9;16.5;13.1;1.6;6313;15.09
;;;Parkano;1060;20160826;2016;8;26;3275000;6885000;14.9;18.5;12.8;8.9;7455;15.96
;;;Parkano;1060;20160827;2016;8;27;3275000;6885000;14.7;17.6;10.7;16.6;7930;15.99
;;;Parkano;1060;20160828;2016;8;28;3275000;6885000;13.7;15.8;13.2;1.9;8342;14.31
;;;Parkano;1060;20160829;2016;8;29;3275000;6885000;13.2;17.1;10;0;16291;11.51
;;;Parkano;1060;20160830;2016;8;30;3275000;6885000;11.9;18.5;5.6;0.1;14864;10.88
;;;Parkano;1060;20160831;2016;8;31;3275000;6885000;12.2;17.8;6.7;0;14293;11.38
;;;Parkano;1060;20160901;2016;9;1;3275000;6885000;11.5;15.1;8.3;0;9100;11.37
;;;Parkano;1060;20160902;2016;9;2;3275000;6885000;11.8;16.1;6.8;0.1;11966;11.53
;;;Parkano;1060;20160903;2016;9;3;3275000;6885000;10.6;13.4;9.8;27.6;3630;12.49
;;;Parkano;1060;20160904;2016;9;4;3275000;6885000;9.7;13.3;8.1;0;10114;9.72
;;;Parkano;1060;20160905;2016;9;5;3275000;6885000;9.4;14.7;6.1;2.6;10614;10.12
;;;Parkano;1060;20160906;2016;9;6;3275000;6885000;6.5;11.2;2.3;0;16181;7.18
;;;Parkano;1060;20160907;2016;9;7;3275000;6885000;8.4;15.6;0.4;0;11456;9.02
;;;Parkano;1060;20160908;2016;9;8;3275000;6885000;6;10.8;0.9;4.8;6248;8.57
;;;Parkano;1060;20160909;2016;9;9;3275000;6885000;12.2;14.8;7.8;9.9;3795;14.04
;;;Parkano;1060;20160910;2016;9;10;3275000;6885000;12.8;15.5;11.4;1.7;10345;12.55
;;;Parkano;1060;20160911;2016;9;11;3275000;6885000;12.9;15.4;10.4;17.4;7651;13.44
;;;Parkano;1060;20160912;2016;9;12;3275000;6885000;12;14.5;10.3;0.1;9472;12.35
;;;Parkano;1060;20160913;2016;9;13;3275000;6885000;10.8;15.9;6.5;0;12594;10.17
;;;Parkano;1060;20160914;2016;9;14;3275000;6885000;8.8;15.5;2.2;0;11326;8.2
;;;Parkano;1060;20160915;2016;9;15;3275000;6885000;10.3;13.4;4.3;0;8437;9.06
;;;Parkano;1060;20160916;2016;9;16;3275000;6885000;8;12.8;3.6;0;12598;8.18
;;;Parkano;1060;20160917;2016;9;17;3275000;6885000;5.9;10.5;0.8;0;12489;6.99
;;;Parkano;1060;20160918;2016;9;18;3275000;6885000;4.8;10.1;-1.1;0;11600;6.75
;;;Parkano;1060;20160919;2016;9;19;3275000;6885000;5.6;8.3;2.5;0;5417;7.03
;;;Parkano;1060;20160920;2016;9;20;3275000;6885000;5.7;7.3;2.7;0;3775;7.25
;;;Parkano;1060;20160921;2016;9;21;3275000;6885000;5.9;7.2;4.8;0;3390;7.37
;;;Parkano;1060;20160922;2016;9;22;3275000;6885000;5.5;6.4;4.9;0;2086;7.32
;;;Parkano;1060;20160923;2016;9;23;3275000;6885000;4.5;5.7;3.8;0.2;2369;7.18
;;;Parkano;1060;20160924;2016;9;24;3275000;6885000;6.1;8.4;3.9;0.1;5118;8.14
;;;Parkano;1060;20160925;2016;9;25;3275000;6885000;7;10;3.3;0.5;6174;8.08
;;;Parkano;1060;20160926;2016;9;26;3275000;6885000;7.9;10.3;5.8;1.7;3572;10.15
;;;Parkano;1060;20160927;2016;9;27;3275000;6885000;8.1;13.1;4.5;0;5630;9.97
;;;Parkano;1060;20160928;2016;9;28;3275000;6885000;6.3;12.5;0.3;0;6875;8.92
;;;Parkano;1060;20160929;2016;9;29;3275000;6885000;8.3;16.1;2.6;0;9459;9.73
;;;Parkano;1060;20160930;2016;9;30;3275000;6885000;7.6;14.4;1.8;0;9076;9.35
;;;Parkano;1060;20161001;2016;10;1;3275000;6885000;8.1;15;3.6;0.1;9597;9.36
;;;Parkano;1060;20161002;2016;10;2;3275000;6885000;7.5;12.5;1.6;0;4737;9.8
;;;Parkano;1060;20161003;2016;10;3;3275000;6885000;7.9;12.9;0.1;0.3;4461;9.25
;;;Parkano;1060;20161004;2016;10;4;3275000;6885000;8.7;11.6;5.3;0.1;7044;8.32
;;;Parkano;1060;20161005;2016;10;5;3275000;6885000;5.6;10;3.4;0;8530;7.22
;;;Parkano;1060;20161006;2016;10;6;3275000;6885000;4.4;11.1;-0.8;0;8138;6.99
;;;Parkano;1060;20161007;2016;10;7;3275000;6885000;6.6;8.5;1.5;5.3;2156;9.27
;;;Parkano;1060;20161008;2016;10;8;3275000;6885000;7.2;8.2;6.5;2.9;1718;9.44
;;;Parkano;1060;20161009;2016;10;9;3275000;6885000;5.3;7.7;2.5;0.4;2752;8.26
;;;Parkano;1060;20161010;2016;10;10;3275000;6885000;6.6;9.5;3.8;0;3958;9.16
;;;Parkano;1060;20161011;2016;10;11;3275000;6885000;7.6;9.5;2.9;15.2;3110;9.47
;;;Parkano;1060;20161012;2016;10;12;3275000;6885000;7.3;9.3;4;0.1;5182;8.52
;;;Parkano;1060;20161013;2016;10;13;3275000;6885000;6;9.5;3.7;0;7911;7.56
;;;Parkano;1060;20161014;2016;10;14;3275000;6885000;3.7;10.1;-1.8;0;6788;7.34
;;;Parkano;1060;20161015;2016;10;15;3275000;6885000;5.2;8.4;-0.1;1.8;2685;8.58
;;;Parkano;1060;20161016;2016;10;16;3275000;6885000;7.9;11.7;4.6;0.3;5981;9.47
;;;Parkano;1060;20161017;2016;10;17;3275000;6885000;8.9;11.3;4.9;7.4;1598;11.1
;;;Parkano;1060;20161018;2016;10;18;3275000;6885000;7.6;11.5;3.7;0.1;6807;8.99
;;;Parkano;1060;20161019;2016;10;19;3275000;6885000;6.5;8.8;2.5;0.4;3633;8.85
;;;Parkano;1060;20161020;2016;10;20;3275000;6885000;7.6;10.7;4.2;0.3;4597;9.31
;;;Parkano;1060;20161021;2016;10;21;3275000;6885000;5.2;9.5;1.9;0;4940;7.94
;;;Parkano;1060;20161022;2016;10;22;3275000;6885000;5.3;8.9;-0.5;17.1;873;8.93
;;;Parkano;1060;20161023;2016;10;23;3275000;6885000;4.6;8.7;3;2.1;2060;8.16
;;;Parkano;1060;20161024;2016;10;24;3275000;6885000;3.8;6.2;0.6;1;4253;7.23
;;;Parkano;1060;20161025;2016;10;25;3275000;6885000;5.2;7.8;0.3;2.5;1672;8.79
;;;Parkano;1060;20161026;2016;10;26;3275000;6885000;6;9.1;0;0.9;3047;8.79
;;;Parkano;1060;20161027;2016;10;27;3275000;6885000;9.4;10.4;7;14.5;619;10.97
;;;Parkano;1060;20161028;2016;10;28;3275000;6885000;6.7;8.9;5.1;0.1;2937;8.04
;;;Parkano;1060;20161029;2016;10;29;3275000;6885000;4.5;7.4;1;2.2;4392;7.52
;;;Parkano;1060;20161030;2016;10;30;3275000;6885000;8.1;9.5;3.6;3.7;426;10.04
;;;Parkano;1060;20161031;2016;10;31;3275000;6885000;8.4;9.8;6.9;17.5;2823;9.25
;;;Parkano;1060;20161101;2016;11;1;3275000;6885000;7.7;8.7;6.4;18.6;507;9.87
;;;Parkano;1060;20161102;2016;11;2;3275000;6885000;6.4;8.4;4.5;1.9;2065;9.08
;;;Parkano;1060;20161103;2016;11;3;3275000;6885000;3.3;5.8;1.9;6.4;2037;7.42
;;;Parkano;1060;20161104;2016;11;4;3275000;6885000;2.5;5;1.1;0;2590;7.05
;;;Parkano;1060;20161105;2016;11;5;3275000;6885000;1.5;2.9;-0.4;15.2;1257;6.76
;;;Parkano;1060;20161106;2016;11;6;3275000;6885000;1.7;3.4;0.8;5;541;6.78
;;;Parkano;1060;20161107;2016;11;7;3275000;6885000;-0.3;1.1;-2.1;0.1;1887;5.7
;;;Parkano;1060;20161108;2016;11;8;3275000;6885000;0.3;2.5;-2.9;0.1;3239;6.08
;;;Parkano;1060;20161109;2016;11;9;3275000;6885000;3.3;6.1;1.1;0;2053;7.25
;;;Parkano;1060;20161110;2016;11;10;3275000;6885000;4.4;7.2;2;0;2160;8.04
;;;Parkano;1060;20161111;2016;11;11;3275000;6885000;2.6;6.4;-0.1;0;2827;6.27
;;;Parkano;1060;20161112;2016;11;12;3275000;6885000;-2.1;2.1;-4.9;0;3910;4.77
;;;Parkano;1060;20161113;2016;11;13;3275000;6885000;0.4;2.9;-4;0;1914;5.96
;;;Parkano;1060;20161114;2016;11;14;3275000;6885000;0.7;1.8;-0.5;8.5;273;6.26
;;;Parkano;1060;20161115;2016;11;15;3275000;6885000;4.8;6.1;1.7;8.3;236;8.59
;;;Parkano;1060;20161116;2016;11;16;3275000;6885000;5.8;7.4;4.6;12.1;1356;8.43
;;;Parkano;1060;20161117;2016;11;17;3275000;6885000;3.9;6.6;2.9;1.8;654;7.6
;;;Parkano;1060;20161118;2016;11;18;3275000;6885000;3.5;4.7;2.2;12.1;558;7.67
;;;Parkano;1060;20161119;2016;11;19;3275000;6885000;3.9;4.7;2.7;5;477;8.02
;;;Parkano;1060;20161120;2016;11;20;3275000;6885000;1.8;4.1;0.4;1.5;583;6.79
;;;Parkano;1060;20161121;2016;11;21;3275000;6885000;3.1;3.9;2.2;8.1;457;7.6
;;;Parkano;1060;20161122;2016;11;22;3275000;6885000;-0.1;2.1;-1.6;0.6;521;5.7
;;;Parkano;1060;20161123;2016;11;23;3275000;6885000;-1.3;0;-3.3;0;2395;4.79
;;;Parkano;1060;20161124;2016;11;24;3275000;6885000;1.6;3.7;-1.4;6.1;465;6.29
;;;Parkano;1060;20161125;2016;11;25;3275000;6885000;-1;1.6;-3.2;4.3;1380;5.32
;;;Parkano;1060;20161126;2016;11;26;3275000;6885000;-3.7;-0.8;-6.4;0.9;976;4.59
;;;Parkano;1060;20161127;2016;11;27;3275000;6885000;-3;-1.1;-7.5;1;701;4.68
;;;Parkano;1060;20161128;2016;11;28;3275000;6885000;-3.3;-2;-3.9;0.1;650;4.58
;;;Parkano;1060;20161129;2016;11;29;3275000;6885000;-5;-3.2;-7.3;7.7;355;3.97
;;;Parkano;1060;20161130;2016;11;30;3275000;6885000;-1.5;-0.6;-3.4;0.1;889;4.71
;;;Parkano;1060;20161201;2016;12;1;3275000;6885000;-1.3;-0.3;-2.2;0;531;5.16
;;;Parkano;1060;20161202;2016;12;2;3275000;6885000;-1.7;0.3;-3.5;3.4;328;5.14
;;;Parkano;1060;20161203;2016;12;3;3275000;6885000;-0.5;2.2;-5.7;1;340;5.8
;;;Parkano;1060;20161204;2016;12;4;3275000;6885000;3;5.7;-0.2;0;1003;6.91
;;;Parkano;1060;20161205;2016;12;5;3275000;6885000;2;2.7;-0.5;0.6;404;6.95
;;;Parkano;1060;20161206;2016;12;6;3275000;6885000;1.2;2.8;0.3;7.1;247;6.5
;;;Parkano;1060;20161207;2016;12;7;3275000;6885000;2.6;3;0.5;1.6;127;7.23
;;;Parkano;1060;20161208;2016;12;8;3275000;6885000;2.1;3.1;0.6;2.5;244;6.99
;;;Parkano;1060;20161209;2016;12;9;3275000;6885000;2.6;3.9;1.5;2.4;179;7.1
;;;Parkano;1060;20161210;2016;12;10;3275000;6885000;0.9;2.3;-0.4;4.2;147;6.25
;;;Parkano;1060;20161211;2016;12;11;3275000;6885000;-0.3;0.3;-1.3;0.5;281;5.84
;;;Parkano;1060;20161212;2016;12;12;3275000;6885000;-2.2;-0.9;-3.1;0;121;4.85
;;;Parkano;1060;20161213;2016;12;13;3275000;6885000;-3.8;-2.5;-4.9;0;208;4.43
;;;Parkano;1060;20161214;2016;12;14;3275000;6885000;-0.9;0.7;-4.5;5.4;247;5.61
;;;Parkano;1060;20161215;2016;12;15;3275000;6885000;0.5;1.4;0.1;1.2;196;6.32
;;;Parkano;1060;20161216;2016;12;16;3275000;6885000;-0.8;0.4;-2.1;1.1;182;5.67
;;;Parkano;1060;20161217;2016;12;17;3275000;6885000;-3;-1.3;-5;1.1;284;4.66
;;;Parkano;1060;20161218;2016;12;18;3275000;6885000;0.3;0.5;-1.8;1.4;116;5.96
;;;Parkano;1060;20161219;2016;12;19;3275000;6885000;0.9;2.3;-0.8;0.3;125;6.34
;;;Parkano;1060;20161220;2016;12;20;3275000;6885000;0.1;1.4;-1.3;0;163;5.99
;;;Parkano;1060;20161221;2016;12;21;3275000;6885000;-3.3;-0.5;-4.7;0;855;4.65
;;;Parkano;1060;20161222;2016;12;22;3275000;6885000;-2.3;-1.5;-5.2;0;133;4.85
;;;Parkano;1060;20161223;2016;12;23;3275000;6885000;-1.6;-0.7;-3;2.1;116;5.27
;;;Parkano;1060;20161224;2016;12;24;3275000;6885000;0.8;2.2;-1.4;1.8;223;6.13
;;;Parkano;1060;20161225;2016;12;25;3275000;6885000;2.8;3.4;1.9;8.7;135;7.35
;;;Parkano;1060;20161226;2016;12;26;3275000;6885000;0.9;2.5;0.1;1;231;6.3
;;;Parkano;1060;20161227;2016;12;27;3275000;6885000;0.6;1.5;-0.2;7.4;225;6.23
;;;Parkano;1060;20161228;2016;12;28;3275000;6885000;-0.5;-0.1;-0.8;3.7;183;5.84
;;;Parkano;1060;20161229;2016;12;29;3275000;6885000;-1.9;-0.4;-2.3;0.4;297;4.78
;;;Parkano;1060;20161230;2016;12;30;3275000;6885000;-3.4;-1.8;-4.6;0;323;4.12
;;;Parkano;1060;20161231;2016;12;31;3275000;6885000;-4.6;-2.8;-6.7;0.1;326;4.1
;;;Parkano;1060;20170101;2017;1;1;3275000;6885000;0.6;1.4;-3;0;688;6.38
;;;Parkano;1060;20170102;2017;1;2;3275000;6885000;-0.8;1.6;-3.3;0;637;5.54
;;;Parkano;1060;20170103;2017;1;3;3275000;6885000;-5.9;-2.5;-9.8;0;1166;3.77
;;;Parkano;1060;20170104;2017;1;4;3275000;6885000;-1.7;-0.4;-3.7;0;774;5.38
;;;Parkano;1060;20170105;2017;1;5;3275000;6885000;-0.4;0.5;-3.8;0;358;5.82
;;;Parkano;1060;20170106;2017;1;6;3275000;6885000;-0.3;1.9;-1.8;0.1;664;4.99
;;;Parkano;1060;20170107;2017;1;7;3275000;6885000;-0.4;0.2;-1.8;0.4;162;5.57
;;;Parkano;1060;20170108;2017;1;8;3275000;6885000;-3.6;-0.3;-6.6;0;314;4.1
;;;Parkano;1060;20170109;2017;1;9;3275000;6885000;-6.1;-4.7;-8.5;0;328;3.32
;;;Parkano;1060;20170110;2017;1;10;3275000;6885000;-7.7;-6.1;-9;0;1101;2.66
;;;Parkano;1060;20170111;2017;1;11;3275000;6885000;-8;-7;-9;0;745;1.92
;;;Parkano;1060;20170112;2017;1;12;3275000;6885000;-6;-4.7;-8.2;1.2;576;2.65
;;;Parkano;1060;20170113;2017;1;13;3275000;6885000;-5.5;-4.8;-6.1;5.4;325;3.75
;;;Parkano;1060;20170114;2017;1;14;3275000;6885000;-3.6;-2.1;-5;2.9;210;4.46
;;;Parkano;1060;20170115;2017;1;15;3275000;6885000;-3.6;-2.5;-4.7;2.7;273;4.45
;;;Parkano;1060;20170116;2017;1;16;3275000;6885000;0.4;1;-3.5;2.4;324;6.1
;;;Parkano;1060;20170117;2017;1;17;3275000;6885000;1.8;3.4;0;8;183;6.67
;;;Parkano;1060;20170118;2017;1;18;3275000;6885000;1;2.1;0.1;9.1;327;6.24
;;;Parkano;1060;20170119;2017;1;19;3275000;6885000;0.8;3.2;-1.2;2.6;244;6.25
;;;Parkano;1060;20170120;2017;1;20;3275000;6885000;0.9;3;-1.1;2.2;276;6.39
;;;Parkano;1060;20170121;2017;1;21;3275000;6885000;2.5;3.2;1;1.6;130;7.05
;;;Parkano;1060;20170122;2017;1;22;3275000;6885000;1.9;3.1;1.3;7.9;156;6.78
;;;Parkano;1060;20170123;2017;1;23;3275000;6885000;2.8;4.2;1;3.7;300;6.81
;;;Parkano;1060;20170124;2017;1;24;3275000;6885000;2.3;3.4;1.6;5.3;252;6.81
;;;Parkano;1060;20170125;2017;1;25;3275000;6885000;1.2;1.9;0.6;5.7;301;6.44
;;;Parkano;1060;20170126;2017;1;26;3275000;6885000;-0.1;1.8;-0.5;2;654;5.72
;;;Parkano;1060;20170127;2017;1;27;3275000;6885000;-2.6;-0.4;-4.2;0.9;442;4.89
;;;Parkano;1060;20170128;2017;1;28;3275000;6885000;-2.7;-2.1;-3.6;0.1;507;4.59
;;;Parkano;1060;20170129;2017;1;29;3275000;6885000;-3.7;-2;-6;0.1;835;4.09
;;;Parkano;1060;20170130;2017;1;30;3275000;6885000;-1.6;2.5;-7.4;4.6;369;5.21
;;;Parkano;1060;20170131;2017;1;31;3275000;6885000;0;2.6;-0.9;0.8;1607;5.69
;;;Parkano;1060;20170201;2017;2;1;3275000;6885000;-1.2;0.1;-3.2;0.7;1097;5.37
;;;Parkano;1060;20170202;2017;2;2;3275000;6885000;-4.5;-2.2;-6.7;0;2153;4.09
;;;Parkano;1060;20170203;2017;2;3;3275000;6885000;-5.1;-0.5;-13.5;0.1;781;4.02
;;;Parkano;1060;20170204;2017;2;4;3275000;6885000;0.8;2.5;-1.6;0;658;6.28
;;;Parkano;1060;20170205;2017;2;5;3275000;6885000;-1.9;2.4;-3.2;2.3;568;5.12
;;;Parkano;1060;20170206;2017;2;6;3275000;6885000;-3.5;-0.8;-7.9;0;2519;4.47
;;;Parkano;1060;20170207;2017;2;7;3275000;6885000;-0.1;0.5;-3.7;2.7;737;5.61
;;;Parkano;1060;20170208;2017;2;8;3275000;6885000;0.6;1.6;-0.3;12.4;834;6.24
;;;Parkano;1060;20170209;2017;2;9;3275000;6885000;-3.1;0.5;-5.9;1.2;1784;4.64
;;;Parkano;1060;20170210;2017;2;10;3275000;6885000;-3.2;-0.8;-6.7;0.1;1026;4.68
;;;Parkano;1060;20170211;2017;2;11;3275000;6885000;-0.4;0.6;-1.7;0;703;5.84
;;;Parkano;1060;20170212;2017;2;12;3275000;6885000;0.1;0.5;-0.5;1.5;866;5.9
;;;Parkano;1060;20170213;2017;2;13;3275000;6885000;0.3;0.8;-0.1;2.8;905;6.01
;;;Parkano;1060;20170214;2017;2;14;3275000;6885000;0.2;1.2;-0.4;0.9;1656;6.06
;;;Parkano;1060;20170215;2017;2;15;3275000;6885000;1.4;2.5;-0.8;0.8;1012;6.68
;;;Parkano;1060;20170216;2017;2;16;3275000;6885000;1.2;1.9;0.9;0;950;6.57
;;;Parkano;1060;20170217;2017;2;17;3275000;6885000;0.1;1.6;-1.2;0;1558;6.15
;;;Parkano;1060;20170218;2017;2;18;3275000;6885000;-2.4;0.1;-4.2;0.3;2705;5.08
;;;Parkano;1060;20170219;2017;2;19;3275000;6885000;-0.7;1.6;-2.2;0;3235;4.65
;;;Parkano;1060;20170220;2017;2;20;3275000;6885000;-4;-1.7;-5.5;0;3489;3.02
;;;Parkano;1060;20170221;2017;2;21;3275000;6885000;-7.2;-4.8;-8.4;0.1;4205;2.43
;;;Parkano;1060;20170222;2017;2;22;3275000;6885000;-8;-1.9;-16.7;2.5;2492;2.95
;;;Parkano;1060;20170223;2017;2;23;3275000;6885000;-0.8;1.5;-2.3;0;3363;5.28
;;;Parkano;1060;20170224;2017;2;24;3275000;6885000;-2.3;1.8;-7.8;0.5;3027;4.53
;;;Parkano;1060;20170225;2017;2;25;3275000;6885000;-5.7;-0.7;-10;0.8;5137;3.31
;;;Parkano;1060;20170226;2017;2;26;3275000;6885000;-1;1.9;-6.7;0;2749;5.3
;;;Parkano;1060;20170227;2017;2;27;3275000;6885000;-0.5;0.5;-1.9;10.1;1490;5.69
;;;Parkano;1060;20170228;2017;2;28;3275000;6885000;1.6;3.7;0;2.6;3467;6.08
;;;Parkano;1060;20170301;2017;3;1;3275000;6885000;-0.7;2.2;-2.8;1.8;5568;4.94
;;;Parkano;1060;20170302;2017;3;2;3275000;6885000;-0.6;2.7;-4.1;4.2;1655;5.58
;;;Parkano;1060;20170303;2017;3;3;3275000;6885000;0.9;2.8;-0.9;0.3;4220;5.38
;;;Parkano;1060;20170304;2017;3;4;3275000;6885000;-0.1;2.4;-3;4;5528;4.88
;;;Parkano;1060;20170305;2017;3;5;3275000;6885000;0.9;1.9;0.3;3.6;1828;6.41
;;;Parkano;1060;20170306;2017;3;6;3275000;6885000;-2.7;1.1;-4.2;0.4;2809;4.78
;;;Parkano;1060;20170307;2017;3;7;3275000;6885000;-3.8;0.4;-10.3;0;5754;4.3
;;;Parkano;1060;20170308;2017;3;8;3275000;6885000;-0.9;0.3;-4.2;0;2923;5.03
;;;Parkano;1060;20170309;2017;3;9;3275000;6885000;-2;0.2;-3.2;0;3035;4.45
;;;Parkano;1060;20170310;2017;3;10;3275000;6885000;-5.2;-2.7;-7;7.4;2824;3.87
;;;Parkano;1060;20170311;2017;3;11;3275000;6885000;-6.2;-4;-7.2;0.8;4152;3.42
;;;Parkano;1060;20170312;2017;3;12;3275000;6885000;-8;-2.5;-13.3;1.5;7339;2.83
;;;Parkano;1060;20170313;2017;3;13;3275000;6885000;-1.7;0.4;-10.2;2.5;3948;5.18
;;;Parkano;1060;20170314;2017;3;14;3275000;6885000;-1.8;0.5;-2.7;0.5;3006;5.07
;;;Parkano;1060;20170315;2017;3;15;3275000;6885000;-1.9;-0.1;-3.9;2.8;3317;5.05
;;;Parkano;1060;20170316;2017;3;16;3275000;6885000;1;1.4;0.1;7.2;2479;6.37
;;;Parkano;1060;20170317;2017;3;17;3275000;6885000;3;4.2;0.7;0.9;2820;7.37
;;;Parkano;1060;20170318;2017;3;18;3275000;6885000;3.2;5.4;2.1;0.1;4174;7.07
;;;Parkano;1060;20170319;2017;3;19;3275000;6885000;1.9;3.8;0.7;0;2205;6.3
;;;Parkano;1060;20170320;2017;3;20;3275000;6885000;0.5;1.5;-0.2;2.8;2583;5.85
;;;Parkano;1060;20170321;2017;3;21;3275000;6885000;0.2;1.4;-0.4;0.4;2747;6.03
;;;Parkano;1060;20170322;2017;3;22;3275000;6885000;-2.5;0.3;-3.5;0.5;3176;4.5
;;;Parkano;1060;20170323;2017;3;23;3275000;6885000;-1.8;0.1;-3.5;0.4;5082;4.7
;;;Parkano;1060;20170324;2017;3;24;3275000;6885000;-0.7;1.3;-2.5;1.6;3624;5.19
;;;Parkano;1060;20170325;2017;3;25;3275000;6885000;-1;0.6;-4.9;1.4;5712;5
;;;Parkano;1060;20170326;2017;3;26;3275000;6885000;-2.7;-0.4;-3.4;0.5;6521;4.07
;;;Parkano;1060;20170327;2017;3;27;3275000;6885000;-6.7;-2.8;-9.3;0;9952;2.78
;;;Parkano;1060;20170328;2017;3;28;3275000;6885000;-10.4;-4.4;-16.7;0;12247;1.79
;;;Parkano;1060;20170329;2017;3;29;3275000;6885000;-9.9;-3.4;-17.4;0.1;12309;1.62
;;;Parkano;1060;20170330;2017;3;30;3275000;6885000;-7.8;-3.6;-12.4;0.1;7625;2.48
;;;Parkano;1060;20170331;2017;3;31;3275000;6885000;-8.7;-2.6;-14;0;11035;2.43
;;;Parkano;1060;20170401;2017;4;1;3275000;6885000;-3.7;1.8;-12.6;0.4;11884;3.13
;;;Parkano;1060;20170402;2017;4;2;3275000;6885000;-4;-1.9;-5;5.5;4034;3.27
;;;Parkano;1060;20170403;2017;4;3;3275000;6885000;-3.5;-0.6;-5.2;4.1;8716;4.08
;;;Parkano;1060;20170404;2017;4;4;3275000;6885000;-0.7;3.6;-5.3;0;13715;3.79
;;;Parkano;1060;20170405;2017;4;5;3275000;6885000;2.2;6.3;-2.7;0;12291;4.34
;;;Parkano;1060;20170406;2017;4;6;3275000;6885000;3.2;6;1.1;0.1;4872;6.21
;;;Parkano;1060;20170407;2017;4;7;3275000;6885000;5.6;11.3;1;0;11653;6.58
;;;Parkano;1060;20170408;2017;4;8;3275000;6885000;5.1;9.5;3.5;0;9498;6.64
;;;Parkano;1060;20170409;2017;4;9;3275000;6885000;4.9;12.6;-1.8;0;11510;5.54
;;;Parkano;1060;20170410;2017;4;10;3275000;6885000;4;11.1;-2.7;0;10221;4.7
;;;Parkano;1060;20170411;2017;4;11;3275000;6885000;1.4;6.8;-0.5;0;8427;5.87
;;;Parkano;1060;20170412;2017;4;12;3275000;6885000;2.8;5.8;1;1;4669;6.81
;;;Parkano;1060;20170413;2017;4;13;3275000;6885000;3.1;6;0.2;2.5;7261;6.94
;;;Parkano;1060;20170414;2017;4;14;3275000;6885000;3.8;4.8;3;3.2;1935;7.8
;;;Parkano;1060;20170415;2017;4;15;3275000;6885000;2.9;4.6;1.9;8.4;2751;7.44
;;;Parkano;1060;20170416;2017;4;16;3275000;6885000;1.1;2.4;0.4;3.4;2245;6.63
;;;Parkano;1060;20170417;2017;4;17;3275000;6885000;0.9;3.6;-0.7;1.1;6705;6.34
;;;Parkano;1060;20170418;2017;4;18;3275000;6885000;1.3;3.2;0.3;0;4942;6.28
;;;Parkano;1060;20170419;2017;4;19;3275000;6885000;2.8;7.2;-1.1;2.2;10846;5.77
;;;Parkano;1060;20170420;2017;4;20;3275000;6885000;0.2;4.8;-0.4;11;2565;5.82
;;;Parkano;1060;20170421;2017;4;21;3275000;6885000;-0.6;2.4;-2.1;0.7;10237;5.38
;;;Parkano;1060;20170422;2017;4;22;3275000;6885000;2.4;7.2;-1.9;0.7;8381;6.66
;;;Parkano;1060;20170423;2017;4;23;3275000;6885000;4;9.7;-1.6;0;14381;5.98
;;;Parkano;1060;20170424;2017;4;24;3275000;6885000;4.1;9.5;-2.3;0;19894;4.42
;;;Parkano;1060;20170425;2017;4;25;3275000;6885000;4;10.5;-2;0;17793;4.93
;;;Parkano;1060;20170426;2017;4;26;3275000;6885000;3;6.7;0.4;0;19531;4.23
;;;Parkano;1060;20170427;2017;4;27;3275000;6885000;2.4;8.4;-5;0;15179;4.23
;;;Parkano;1060;20170428;2017;4;28;3275000;6885000;4.1;9.9;-1.6;0;12104;4.8
;;;Parkano;1060;20170429;2017;4;29;3275000;6885000;4.2;10.7;-4.5;0;21063;4.03
;;;Parkano;1060;20170430;2017;4;30;3275000;6885000;4.5;12.1;-3.8;0;20646;4.96
;;;Parkano;1060;20170501;2017;5;1;3275000;6885000;4.5;12.1;-2.7;0;19261;4.96
;;;Parkano;1060;20170502;2017;5;2;3275000;6885000;6.5;14.9;-3.6;0;20571;5.06
;;;Parkano;1060;20170503;2017;5;3;3275000;6885000;8.5;16.4;-0.4;0;20734;5.81
;;;Parkano;1060;20170504;2017;5;4;3275000;6885000;8.3;13.6;2.7;0;9353;8.34
;;;Parkano;1060;20170505;2017;5;5;3275000;6885000;9.7;14;4.5;0.2;6654;10.26
;;;Parkano;1060;20170506;2017;5;6;3275000;6885000;11.9;18.5;6.3;0;13493;10.05
;;;Parkano;1060;20170507;2017;5;7;3275000;6885000;14.5;21;5.7;0;19124;9.06
;;;Parkano;1060;20170508;2017;5;8;3275000;6885000;13.6;19.2;6.5;0;13065;9.26
;;;Parkano;1060;20170509;2017;5;9;3275000;6885000;15.5;21.4;9.3;0;15037;9.38
;;;Parkano;1060;20170510;2017;5;10;3275000;6885000;15.7;23.2;7.8;0;19767;8.99
;;;Parkano;1060;20170511;2017;5;11;3275000;6885000;12.5;18.8;5.3;0;21793;9.37
;;;Parkano;1060;20170512;2017;5;12;3275000;6885000;6.3;13.6;5;0.1;14429;6.68
;;;Parkano;1060;20170513;2017;5;13;3275000;6885000;3.8;11.3;-3.3;0.6;20505;5.25
;;;Parkano;1060;20170514;2017;5;14;3275000;6885000;7.4;12.5;2.4;1.7;10951;8.76
;;;Parkano;1060;20170515;2017;5;15;3275000;6885000;9;14.4;1.4;0.1;16008;7.77
;;;Parkano;1060;20170516;2017;5;16;3275000;6885000;12.5;19.1;5.9;0;21757;8.97
;;;Parkano;1060;20170517;2017;5;17;3275000;6885000;12.4;19.8;4.8;0;22649;8.19
;;;Parkano;1060;20170518;2017;5;18;3275000;6885000;12.9;22.3;2.9;0.2;20034;7.97
;;;Parkano;1060;20170519;2017;5;19;3275000;6885000;6.1;14.1;2.9;0;20819;5.15
;;;Parkano;1060;20170520;2017;5;20;3275000;6885000;3.3;7.9;-3;0.3;21712;4.14
;;;Parkano;1060;20170521;2017;5;21;3275000;6885000;3.3;8.8;-5.3;0;17659;4.71
;;;Parkano;1060;20170522;2017;5;22;3275000;6885000;3.7;9.5;-2.6;0.1;20340;4.73
;;;Parkano;1060;20170523;2017;5;23;3275000;6885000;4.6;10.2;-2.4;0.1;19954;4.73
;;;Parkano;1060;20170524;2017;5;24;3275000;6885000;5.4;11.2;-1.5;2.7;20642;4.36
;;;Parkano;1060;20170525;2017;5;25;3275000;6885000;4;9.3;1.5;0.3;8831;5.82
;;;Parkano;1060;20170526;2017;5;26;3275000;6885000;4.4;9.8;-2;0.1;18249;5.11
;;;Parkano;1060;20170527;2017;5;27;3275000;6885000;5.4;12.6;-2.9;1.1;18304;5.72
;;;Parkano;1060;20170528;2017;5;28;3275000;6885000;7.3;12.2;1.5;1.5;15979;7.55
;;;Parkano;1060;20170529;2017;5;29;3275000;6885000;9.2;15.1;0.3;0.2;19017;6.92
;;;Parkano;1060;20170530;2017;5;30;3275000;6885000;10.9;16.1;5.5;0;18835;6.9
;;;Parkano;1060;20170531;2017;5;31;3275000;6885000;11.1;17.3;2.6;0.2;24732;6.13
;;;Parkano;1060;20170601;2017;6;1;3275000;6885000;12;18.6;3.7;0;23751;6.07
;;;Parkano;1060;20170602;2017;6;2;3275000;6885000;9.7;16.6;4.8;0;21178;6.74
;;;Parkano;1060;20170603;2017;6;3;3275000;6885000;7.2;12.4;0.5;0;20032;5.41
;;;Parkano;1060;20170604;2017;6;4;3275000;6885000;10;17.3;-1.1;0;27265;6.42
;;;Parkano;1060;20170605;2017;6;5;3275000;6885000;13;19.9;2.6;0;27692;7.49
;;;Parkano;1060;20170606;2017;6;6;3275000;6885000;14.6;23.6;4.5;0.1;27012;7.64
;;;Parkano;1060;20170607;2017;6;7;3275000;6885000;15.7;24.4;5;0;28299;7.27
;;;Parkano;1060;20170608;2017;6;8;3275000;6885000;17.4;25;4.6;0.4;22301;9.1
;;;Parkano;1060;20170609;2017;6;9;3275000;6885000;14.8;22.2;12.6;0;18743;10.3
;;;Parkano;1060;20170610;2017;6;10;3275000;6885000;15.2;20.8;8.5;0;26897;8.64
;;;Parkano;1060;20170611;2017;6;11;3275000;6885000;16;23.7;5.3;0;27487;8.43
;;;Parkano;1060;20170612;2017;6;12;3275000;6885000;17;24.2;5.7;0;27953;7.63
;;;Parkano;1060;20170613;2017;6;13;3275000;6885000;18.2;26;8.3;0;24667;10.24
;;;Parkano;1060;20170614;2017;6;14;3275000;6885000;15.6;21.1;8.9;0;27861;7.81
;;;Parkano;1060;20170615;2017;6;15;3275000;6885000;16.3;22.6;9.1;9.5;21616;11.66
;;;Parkano;1060;20170616;2017;6;16;3275000;6885000;11.8;19.1;9.9;0.6;9975;11.38
;;;Parkano;1060;20170617;2017;6;17;3275000;6885000;11.1;15.6;8.6;4.6;7334;11.77
;;;Parkano;1060;20170618;2017;6;18;3275000;6885000;7.7;11.3;5.5;0.9;8304;9.08
;;;Parkano;1060;20170619;2017;6;19;3275000;6885000;8.1;12.2;4.8;0.4;14745;7.75
;;;Parkano;1060;20170620;2017;6;20;3275000;6885000;10.1;15.4;4;0.4;18089;8.96
;;;Parkano;1060;20170621;2017;6;21;3275000;6885000;13;18.6;2.9;5.8;20830;9.08
;;;Parkano;1060;20170622;2017;6;22;3275000;6885000;11.3;15.2;9.8;0.6;10567;12.05
;;;Parkano;1060;20170623;2017;6;23;3275000;6885000;11.9;17.2;6.4;7.1;21405;11.4
;;;Parkano;1060;20170624;2017;6;24;3275000;6885000;11;13.6;7.8;12.5;9515;12.31
;;;Parkano;1060;20170625;2017;6;25;3275000;6885000;12;14.9;10.2;0.9;9826;12.74
;;;Parkano;1060;20170626;2017;6;26;3275000;6885000;14.2;18.7;8;0.5;25649;11.12
;;;Parkano;1060;20170627;2017;6;27;3275000;6885000;14.1;19;11.1;5.2;13469;12.93
;;;Parkano;1060;20170628;2017;6;28;3275000;6885000;12.7;16.2;10;5;18292;11.66
;;;Parkano;1060;20170629;2017;6;29;3275000;6885000;13.4;18;8.6;0.5;22937;11.34
;;;Parkano;1060;20170630;2017;6;30;3275000;6885000;11.6;16.6;7.7;10.9;5546;12.87
;;;Parkano;1060;20170701;2017;7;1;3275000;6885000;12.2;15.2;10.5;2.6;10947;12.77
;;;Parkano;1060;20170702;2017;7;2;3275000;6885000;10.6;13.4;7.5;0.3;16152;8.13
;;;Parkano;1060;20170703;2017;7;3;3275000;6885000;11;14.4;6.7;0.2;23869;8
;;;Parkano;1060;20170704;2017;7;4;3275000;6885000;14.4;20.4;7.7;0.2;27013;8.18
;;;Parkano;1060;20170705;2017;7;5;3275000;6885000;13.2;22;5.2;8.5;20933;10.78
;;;Parkano;1060;20170706;2017;7;6;3275000;6885000;13.4;16.8;10.9;3.7;11722;13.04
;;;Parkano;1060;20170707;2017;7;7;3275000;6885000;13.9;19.4;8.8;3.2;17065;13.66
;;;Parkano;1060;20170708;2017;7;8;3275000;6885000;15.5;20.4;9.8;2.7;16822;14.21
;;;Parkano;1060;20170709;2017;7;9;3275000;6885000;14.7;18.7;12.5;0.2;22480;11.07
;;;Parkano;1060;20170710;2017;7;10;3275000;6885000;16.2;21.9;8.3;0;18931;13.72
;;;Parkano;1060;20170711;2017;7;11;3275000;6885000;20.5;26.3;13.9;0.1;27463;12.65
;;;Parkano;1060;20170712;2017;7;12;3275000;6885000;11.9;23;6.1;0.1;19756;9.32
;;;Parkano;1060;20170713;2017;7;13;3275000;6885000;10;14.8;0.3;0.1;19319;8.83
;;;Parkano;1060;20170714;2017;7;14;3275000;6885000;9.4;13.9;3.7;0.1;14864;8.87
;;;Parkano;1060;20170715;2017;7;15;3275000;6885000;12.7;19;4.5;0.1;24080;8.93
;;;Parkano;1060;20170716;2017;7;16;3275000;6885000;11.1;18;9.2;1.5;8574;11.37
;;;Parkano;1060;20170717;2017;7;17;3275000;6885000;12.7;18.6;9.3;0.1;15143;12.29
;;;Parkano;1060;20170718;2017;7;18;3275000;6885000;13.3;20.6;4.3;23.1;18295;12.83
;;;Parkano;1060;20170719;2017;7;19;3275000;6885000;16.1;19.4;13.8;1.2;15303;15.65
;;;Parkano;1060;20170720;2017;7;20;3275000;6885000;16;21;10.9;4.7;18899;14.12
;;;Parkano;1060;20170721;2017;7;21;3275000;6885000;16.9;20.5;12.3;0;21015;12.54
;;;Parkano;1060;20170722;2017;7;22;3275000;6885000;16.7;20.6;13.1;1.4;20437;13.98
;;;Parkano;1060;20170723;2017;7;23;3275000;6885000;16.2;20.2;14.5;1.5;16349;15.15
;;;Parkano;1060;20170724;2017;7;24;3275000;6885000;14.6;18.6;11.3;2.1;17631;13.27
;;;Parkano;1060;20170725;2017;7;25;3275000;6885000;13.6;18.3;8.7;7.2;19523;13.28
;;;Parkano;1060;20170726;2017;7;26;3275000;6885000;15.2;19.2;10.9;2.8;16025;15.09
;;;Parkano;1060;20170727;2017;7;27;3275000;6885000;17.1;22.5;10.1;0.3;16816;14.02
;;;Parkano;1060;20170728;2017;7;28;3275000;6885000;13.9;19.2;13.2;30.6;4242;14.97
;;;Parkano;1060;20170729;2017;7;29;3275000;6885000;13.4;14.1;12.7;4.9;5069;14.9
;;;Parkano;1060;20170730;2017;7;30;3275000;6885000;15.6;19.7;11.8;0;25640;12.85
;;;Parkano;1060;20170731;2017;7;31;3275000;6885000;17.3;22.4;11.3;0;26139;13.63
;;;Parkano;1060;20170801;2017;8;1;3275000;6885000;19.3;26.1;10.4;0;24814;14.76
;;;Parkano;1060;20170802;2017;8;2;3275000;6885000;19.7;26.6;11.2;0.1;24925;13.82
;;;Parkano;1060;20170803;2017;8;3;3275000;6885000;17.6;23.9;10.8;0;25699;11.06
;;;Parkano;1060;20170804;2017;8;4;3275000;6885000;16.3;22.1;8.1;0;22875;11.58
;;;Parkano;1060;20170805;2017;8;5;3275000;6885000;16.5;21.8;9.7;0;25330;10.76
;;;Parkano;1060;20170806;2017;8;6;3275000;6885000;16.2;23;7.3;0.1;25118;10.48
;;;Parkano;1060;20170807;2017;8;7;3275000;6885000;17.3;24.8;7.8;0.2;22914;13.18
;;;Parkano;1060;20170808;2017;8;8;3275000;6885000;15;22.1;12.9;0;17302;13.49
;;;Parkano;1060;20170809;2017;8;9;3275000;6885000;12;18.5;3.8;0;22222;9.27
;;;Parkano;1060;20170810;2017;8;10;3275000;6885000;12.9;17.9;7.6;0.7;11637;11.79
;;;Parkano;1060;20170811;2017;8;11;3275000;6885000;12.5;16.7;9.4;0;15110;10.39
;;;Parkano;1060;20170812;2017;8;12;3275000;6885000;12.4;17.7;7.5;0;19852;8.66
;;;Parkano;1060;20170813;2017;8;13;3275000;6885000;11.3;14.8;6.8;0;11312;8.79
;;;Parkano;1060;20170814;2017;8;14;3275000;6885000;11.8;16.9;2.9;15.8;10607;10.6
;;;Parkano;1060;20170815;2017;8;15;3275000;6885000;13.5;15.4;11.3;9.2;3457;15.34
;;;Parkano;1060;20170816;2017;8;16;3275000;6885000;13.8;18.6;10.8;3.5;14760;12.21
;;;Parkano;1060;20170817;2017;8;17;3275000;6885000;12.4;16.5;8.7;7.1;13180;12.21
;;;Parkano;1060;20170818;2017;8;18;3275000;6885000;13.7;17.3;8.8;8.9;9056;14.14
;;;Parkano;1060;20170819;2017;8;19;3275000;6885000;16.2;20.3;12.8;0.6;14786;14.8
;;;Parkano;1060;20170820;2017;8;20;3275000;6885000;15.4;18.9;11.1;3.9;6752;15.94
;;;Parkano;1060;20170821;2017;8;21;3275000;6885000;14.9;18.9;13.1;5;12900;14.52
;;;Parkano;1060;20170822;2017;8;22;3275000;6885000;15;18.7;12.6;0.1;15236;13.92
;;;Parkano;1060;20170823;2017;8;23;3275000;6885000;11.9;16.2;7.2;4.6;6758;12.69
;;;Parkano;1060;20170824;2017;8;24;3275000;6885000;14.1;16.7;12.1;11.1;6914;14.5
;;;Parkano;1060;20170825;2017;8;25;3275000;6885000;16.4;19.6;14.3;3.1;7976;16.92
;;;Parkano;1060;20170826;2017;8;26;3275000;6885000;13.9;16.5;13.1;1.6;6313;15.09
;;;Parkano;1060;20170827;2017;8;27;3275000;6885000;14.9;18.5;12.8;8.9;7455;15.96
;;;Parkano;1060;20170828;2017;8;28;3275000;6885000;14.7;17.6;10.7;16.6;7930;15.99
;;;Parkano;1060;20170829;2017;8;29;3275000;6885000;13.7;15.8;13.2;1.9;8342;14.31
;;;Parkano;1060;20170830;2017;8;30;3275000;6885000;13.2;17.1;10;0;16291;11.51
;;;Parkano;1060;20170831;2017;8;31;3275000;6885000;11.9;18.5;5.6;0.1;14864;10.88
;;;Parkano;1060;20170901;2017;9;1;3275000;6885000;12.2;17.8;6.7;0;14293;11.38
;;;Parkano;1060;20170902;2017;9;2;3275000;6885000;11.5;15.1;8.3;0;9100;11.37
;;;Parkano;1060;20170903;2017;9;3;3275000;6885000;11.8;16.1;6.8;0.1;11966;11.53
;;;Parkano;1060;20170904;2017;9;4;3275000;6885000;10.6;13.4;9.8;27.6;3630;12.49
;;;Parkano;1060;20170905;2017;9;5;3275000;6885000;9.7;13.3;8.1;0;10114;9.72
;;;Parkano;1060;20170906;2017;9;6;3275000;6885000;9.4;14.7;6.1;2.6;10614;10.12
;;;Parkano;1060;20170907;2017;9;7;3275000;6885000;6.5;11.2;2.3;0;16181;7.18
;;;Parkano;1060;20170908;2017;9;8;3275000;6885000;8.4;15.6;0.4;0;11456;9.02
;;;Parkano;1060;20170909;2017;9;9;3275000;6885000;6;10.8;0.9;4.8;6248;8.57
;;;Parkano;1060;20170910;2017;9;10;3275000;6885000;12.2;14.8;7.8;9.9;3795;14.04
;;;Parkano;1060;20170911;2017;9;11;3275000;6885000;12.8;15.5;11.4;1.7;10345;12.55
;;;Parkano;1060;20170912;2017;9;12;3275000;6885000;12.9;15.4;10.4;17.4;7651;13.44
;;;Parkano;1060;20170913;2017;9;13;3275000;6885000;12;14.5;10.3;0.1;9472;12.35
;;;Parkano;1060;20170914;2017;9;14;3275000;6885000;10.8;15.9;6.5;0;12594;10.17
;;;Parkano;1060;20170915;2017;9;15;3275000;6885000;8.8;15.5;2.2;0;11326;8.2
;;;Parkano;1060;20170916;2017;9;16;3275000;6885000;10.3;13.4;4.3;0;8437;9.06
;;;Parkano;1060;20170917;2017;9;17;3275000;6885000;8;12.8;3.6;0;12598;8.18
;;;Parkano;1060;20170918;2017;9;18;3275000;6885000;5.9;10.5;0.8;0;12489;6.99
;;;Parkano;1060;20170919;2017;9;19;3275000;6885000;4.8;10.1;-1.1;0;11600;6.75
;;;Parkano;1060;20170920;2017;9;20;3275000;6885000;5.6;8.3;2.5;0;5417;7.03
;;;Parkano;1060;20170921;2017;9;21;3275000;6885000;5.7;7.3;2.7;0;3775;7.25
;;;Parkano;1060;20170922;2017;9;22;3275000;6885000;5.9;7.2;4.8;0;3390;7.37
;;;Parkano;1060;20170923;2017;9;23;3275000;6885000;5.5;6.4;4.9;0;2086;7.32
;;;Parkano;1060;20170924;2017;9;24;3275000;6885000;4.5;5.7;3.8;0.2;2369;7.18
;;;Parkano;1060;20170925;2017;9;25;3275000;6885000;6.1;8.4;3.9;0.1;5118;8.14
;;;Parkano;1060;20170926;2017;9;26;3275000;6885000;7;10;3.3;0.5;6174;8.08
;;;Parkano;1060;20170927;2017;9;27;3275000;6885000;7.9;10.3;5.8;1.7;3572;10.15
;;;Parkano;1060;20170928;2017;9;28;3275000;6885000;8.1;13.1;4.5;0;5630;9.97
;;;Parkano;1060;20170929;2017;9;29;3275000;6885000;6.3;12.5;0.3;0;6875;8.92
;;;Parkano;1060;20170930;2017;9;30;3275000;6885000;8.3;16.1;2.6;0;9459;9.73
;;;Parkano;1060;20171001;2017;10;1;3275000;6885000;7.6;14.4;1.8;0;9076;9.35
;;;Parkano;1060;20171002;2017;10;2;3275000;6885000;8.1;15;3.6;0.1;9597;9.36
;;;Parkano;1060;20171003;2017;10;3;3275000;6885000;7.5;12.5;1.6;0;4737;9.8
;;;Parkano;1060;20171004;2017;10;4;3275000;6885000;7.9;12.9;0.1;0.3;4461;9.25
;;;Parkano;1060;20171005;2017;10;5;3275000;6885000;8.7;11.6;5.3;0.1;7044;8.32
;;;Parkano;1060;20171006;2017;10;6;3275000;6885000;5.6;10;3.4;0;8530;7.22
;;;Parkano;1060;20171007;2017;10;7;3275000;6885000;4.4;11.1;-0.8;0;8138;6.99
;;;Parkano;1060;20171008;2017;10;8;3275000;6885000;6.6;8.5;1.5;5.3;2156;9.27
;;;Parkano;1060;20171009;2017;10;9;3275000;6885000;7.2;8.2;6.5;2.9;1718;9.44
;;;Parkano;1060;20171010;2017;10;10;3275000;6885000;5.3;7.7;2.5;0.4;2752;8.26
;;;Parkano;1060;20171011;2017;10;11;3275000;6885000;6.6;9.5;3.8;0;3958;9.16
;;;Parkano;1060;20171012;2017;10;12;3275000;6885000;7.6;9.5;2.9;15.2;3110;9.47
;;;Parkano;1060;20171013;2017;10;13;3275000;6885000;7.3;9.3;4;0.1;5182;8.52
;;;Parkano;1060;20171014;2017;10;14;3275000;6885000;6;9.5;3.7;0;7911;7.56
;;;Parkano;1060;20171015;2017;10;15;3275000;6885000;3.7;10.1;-1.8;0;6788;7.34
;;;Parkano;1060;20171016;2017;10;16;3275000;6885000;5.2;8.4;-0.1;1.8;2685;8.58
;;;Parkano;1060;20171017;2017;10;17;3275000;6885000;7.9;11.7;4.6;0.3;5981;9.47
;;;Parkano;1060;20171018;2017;10;18;3275000;6885000;8.9;11.3;4.9;7.4;1598;11.1
;;;Parkano;1060;20171019;2017;10;19;3275000;6885000;7.6;11.5;3.7;0.1;6807;8.99
;;;Parkano;1060;20171020;2017;10;20;3275000;6885000;6.5;8.8;2.5;0.4;3633;8.85
;;;Parkano;1060;20171021;2017;10;21;3275000;6885000;7.6;10.7;4.2;0.3;4597;9.31
;;;Parkano;1060;20171022;2017;10;22;3275000;6885000;5.2;9.5;1.9;0;4940;7.94
;;;Parkano;1060;20171023;2017;10;23;3275000;6885000;5.3;8.9;-0.5;17.1;873;8.93
;;;Parkano;1060;20171024;2017;10;24;3275000;6885000;4.6;8.7;3;2.1;2060;8.16
;;;Parkano;1060;20171025;2017;10;25;3275000;6885000;3.8;6.2;0.6;1;4253;7.23
;;;Parkano;1060;20171026;2017;10;26;3275000;6885000;5.2;7.8;0.3;2.5;1672;8.79
;;;Parkano;1060;20171027;2017;10;27;3275000;6885000;6;9.1;0;0.9;3047;8.79
;;;Parkano;1060;20171028;2017;10;28;3275000;6885000;9.4;10.4;7;14.5;619;10.97
;;;Parkano;1060;20171029;2017;10;29;3275000;6885000;6.7;8.9;5.1;0.1;2937;8.04
;;;Parkano;1060;20171030;2017;10;30;3275000;6885000;4.5;7.4;1;2.2;4392;7.52
;;;Parkano;1060;20171031;2017;10;31;3275000;6885000;8.1;9.5;3.6;3.7;426;10.04
;;;Parkano;1060;20171101;2017;11;1;3275000;6885000;8.4;9.8;6.9;17.5;2823;9.25
;;;Parkano;1060;20171102;2017;11;2;3275000;6885000;7.7;8.7;6.4;18.6;507;9.87
;;;Parkano;1060;20171103;2017;11;3;3275000;6885000;6.4;8.4;4.5;1.9;2065;9.08
;;;Parkano;1060;20171104;2017;11;4;3275000;6885000;3.3;5.8;1.9;6.4;2037;7.42
;;;Parkano;1060;20171105;2017;11;5;3275000;6885000;2.5;5;1.1;0;2590;7.05
;;;Parkano;1060;20171106;2017;11;6;3275000;6885000;1.5;2.9;-0.4;15.2;1257;6.76
;;;Parkano;1060;20171107;2017;11;7;3275000;6885000;1.7;3.4;0.8;5;541;6.78
;;;Parkano;1060;20171108;2017;11;8;3275000;6885000;-0.3;1.1;-2.1;0.1;1887;5.7
;;;Parkano;1060;20171109;2017;11;9;3275000;6885000;0.3;2.5;-2.9;0.1;3239;6.08
;;;Parkano;1060;20171110;2017;11;10;3275000;6885000;3.3;6.1;1.1;0;2053;7.25
;;;Parkano;1060;20171111;2017;11;11;3275000;6885000;4.4;7.2;2;0;2160;8.04
;;;Parkano;1060;20171112;2017;11;12;3275000;6885000;2.6;6.4;-0.1;0;2827;6.27
;;;Parkano;1060;20171113;2017;11;13;3275000;6885000;-2.1;2.1;-4.9;0;3910;4.77
;;;Parkano;1060;20171114;2017;11;14;3275000;6885000;0.4;2.9;-4;0;1914;5.96
;;;Parkano;1060;20171115;2017;11;15;3275000;6885000;0.7;1.8;-0.5;8.5;273;6.26
;;;Parkano;1060;20171116;2017;11;16;3275000;6885000;4.8;6.1;1.7;8.3;236;8.59
;;;Parkano;1060;20171117;2017;11;17;3275000;6885000;5.8;7.4;4.6;12.1;1356;8.43
;;;Parkano;1060;20171118;2017;11;18;3275000;6885000;3.9;6.6;2.9;1.8;654;7.6
;;;Parkano;1060;20171119;2017;11;19;3275000;6885000;3.5;4.7;2.2;12.1;558;7.67
;;;Parkano;1060;20171120;2017;11;20;3275000;6885000;3.9;4.7;2.7;5;477;8.02
;;;Parkano;1060;20171121;2017;11;21;3275000;6885000;1.8;4.1;0.4;1.5;583;6.79
;;;Parkano;1060;20171122;2017;11;22;3275000;6885000;3.1;3.9;2.2;8.1;457;7.6
;;;Parkano;1060;20171123;2017;11;23;3275000;6885000;-0.1;2.1;-1.6;0.6;521;5.7
;;;Parkano;1060;20171124;2017;11;24;3275000;6885000;-1.3;0;-3.3;0;2395;4.79
;;;Parkano;1060;20171125;2017;11;25;3275000;6885000;1.6;3.7;-1.4;6.1;465;6.29
;;;Parkano;1060;20171126;2017;11;26;3275000;6885000;-1;1.6;-3.2;4.3;1380;5.32
;;;Parkano;1060;20171127;2017;11;27;3275000;6885000;-3.7;-0.8;-6.4;0.9;976;4.59
;;;Parkano;1060;20171128;2017;11;28;3275000;6885000;-3;-1.1;-7.5;1;701;4.68
;;;Parkano;1060;20171129;2017;11;29;3275000;6885000;-3.3;-2;-3.9;0.1;650;4.58
;;;Parkano;1060;20171130;2017;11;30;3275000;6885000;-5;-3.2;-7.3;7.7;355;3.97
;;;Parkano;1060;20171201;2017;12;1;3275000;6885000;-1.5;-0.6;-3.4;0.1;889;4.71
;;;Parkano;1060;20171202;2017;12;2;3275000;6885000;-1.3;-0.3;-2.2;0;531;5.16
;;;Parkano;1060;20171203;2017;12;3;3275000;6885000;-1.7;0.3;-3.5;3.4;328;5.14
;;;Parkano;1060;20171204;2017;12;4;3275000;6885000;-0.5;2.2;-5.7;1;340;5.8
;;;Parkano;1060;20171205;2017;12;5;3275000;6885000;3;5.7;-0.2;0;1003;6.91
;;;Parkano;1060;20171206;2017;12;6;3275000;6885000;2;2.7;-0.5;0.6;404;6.95
;;;Parkano;1060;20171207;2017;12;7;3275000;6885000;1.2;2.8;0.3;7.1;247;6.5
;;;Parkano;1060;20171208;2017;12;8;3275000;6885000;2.6;3;0.5;1.6;127;7.23
;;;Parkano;1060;20171209;2017;12;9;3275000;6885000;2.1;3.1;0.6;2.5;244;6.99
;;;Parkano;1060;20171210;2017;12;10;3275000;6885000;2.6;3.9;1.5;2.4;179;7.1
;;;Parkano;1060;20171211;2017;12;11;3275000;6885000;0.9;2.3;-0.4;4.2;147;6.25
;;;Parkano;1060;20171212;2017;12;12;3275000;6885000;-0.3;0.3;-1.3;0.5;281;5.84
;;;Parkano;1060;20171213;2017;12;13;3275000;6885000;-2.2;-0.9;-3.1;0;121;4.85
;;;Parkano;1060;20171214;2017;12;14;3275000;6885000;-3.8;-2.5;-4.9;0;208;4.43
;;;Parkano;1060;20171215;2017;12;15;3275000;6885000;-0.9;0.7;-4.5;5.4;247;5.61
;;;Parkano;1060;20171216;2017;12;16;3275000;6885000;0.5;1.4;0.1;1.2;196;6.32
;;;Parkano;1060;20171217;2017;12;17;3275000;6885000;-0.8;0.4;-2.1;1.1;182;5.67
;;;Parkano;1060;20171218;2017;12;18;3275000;6885000;-3;-1.3;-5;1.1;284;4.66
;;;Parkano;1060;20171219;2017;12;19;3275000;6885000;0.3;0.5;-1.8;1.4;116;5.96
;;;Parkano;1060;20171220;2017;12;20;3275000;6885000;0.9;2.3;-0.8;0.3;125;6.34
;;;Parkano;1060;20171221;2017;12;21;3275000;6885000;0.1;1.4;-1.3;0;163;5.99
;;;Parkano;1060;20171222;2017;12;22;3275000;6885000;-3.3;-0.5;-4.7;0;855;4.65
;;;Parkano;1060;20171223;2017;12;23;3275000;6885000;-2.3;-1.5;-5.2;0;133;4.85
;;;Parkano;1060;20171224;2017;12;24;3275000;6885000;-1.6;-0.7;-3;2.1;116;5.27
;;;Parkano;1060;20171225;2017;12;25;3275000;6885000;0.8;2.2;-1.4;1.8;223;6.13
;;;Parkano;1060;20171226;2017;12;26;3275000;6885000;2.8;3.4;1.9;8.7;135;7.35
;;;Parkano;1060;20171227;2017;12;27;3275000;6885000;0.9;2.5;0.1;1;231;6.3
;;;Parkano;1060;20171228;2017;12;28;3275000;6885000;0.6;1.5;-0.2;7.4;225;6.23
;;;Parkano;1060;20171229;2017;12;29;3275000;6885000;-0.5;-0.1;-0.8;3.7;183;5.84
;;;Parkano;1060;20171230;2017;12;30;3275000;6885000;-1.9;-0.4;-2.3;0.4;297;4.78
;;;Parkano;1060;20171231;2017;12;31;3275000;6885000;-3.4;-1.8;-4.6;0;323;4.12
;;;Parkano;1060;20180101;2018;1;1;3275000;6885000;-4.6;-2.8;-6.7;0.1;326;4.1
;;;Parkano;1060;20180102;2018;1;2;3275000;6885000;0.6;1.4;-3;0;688;6.38
;;;Parkano;1060;20180103;2018;1;3;3275000;6885000;-0.8;1.6;-3.3;0;637;5.54
;;;Parkano;1060;20180104;2018;1;4;3275000;6885000;-5.9;-2.5;-9.8;0;1166;3.77
;;;Parkano;1060;20180105;2018;1;5;3275000;6885000;-1.7;-0.4;-3.7;0;774;5.38
;;;Parkano;1060;20180106;2018;1;6;3275000;6885000;-0.4;0.5;-3.8;0;358;5.82
;;;Parkano;1060;20180107;2018;1;7;3275000;6885000;-0.3;1.9;-1.8;0.1;664;4.99
