OmaTunniste;OmaIta;OmaPohjoinen;Kunta;siteid;aika;vuosi;kk;paiva;longitude;latitude;t_mean;t_max;t_min;rainfall;radiation;hpa
;;;Parkano;1060;19930101;1993;1;1;3275000;6885000;-0.6;0.5;-5.5;0;428;5.29
;;;Parkano;1060;19930102;1993;1;2;3275000;6885000;-0.1;0.4;-0.7;0;444;5.24
;;;Parkano;1060;19930103;1993;1;3;3275000;6885000;0.7;1.2;0;0;444;5.92
;;;Parkano;1060;19930104;1993;1;4;3275000;6885000;-2.3;0.5;-3.4;0;699;4.48
;;;Parkano;1060;19930105;1993;1;5;3275000;6885000;-0.8;-0.2;-3.2;3;535;4.52
;;;Parkano;1060;19930106;1993;1;6;3275000;6885000;0.2;1.3;-1.7;4;513;5.98
;;;Parkano;1060;19930107;1993;1;7;3275000;6885000;-1.6;1.5;-6.2;0;526;5.21
;;;Parkano;1060;19930108;1993;1;8;3275000;6885000;-1.3;1.1;-7.1;2;513;5.35
;;;Parkano;1060;19930109;1993;1;9;3275000;6885000;-1.2;0.7;-3;10;744;5.35
;;;Parkano;1060;19930110;1993;1;10;3275000;6885000;0.2;1.6;-0.7;5;815;5.91
;;;Parkano;1060;19930111;1993;1;11;3275000;6885000;0.7;3.8;-1.9;8;571;6.01
;;;Parkano;1060;19930112;1993;1;12;3275000;6885000;-0.5;1;-1.3;0;659;5.26
;;;Parkano;1060;19930113;1993;1;13;3275000;6885000;-2.6;-0.7;-6;0;840;5
;;;Parkano;1060;19930114;1993;1;14;3275000;6885000;-0.2;0.4;-2.7;3;621;6.01
;;;Parkano;1060;19930115;1993;1;15;3275000;6885000;-1.9;0.1;-4;4;1026;4.97
;;;Parkano;1060;19930116;1993;1;16;3275000;6885000;0.4;2;-3.4;0;886;6
;;;Parkano;1060;19930117;1993;1;17;3275000;6885000;-1.1;2.3;-5.3;10;901;5.67
;;;Parkano;1060;19930118;1993;1;18;3275000;6885000;0.8;4.4;-0.7;0;958;5.38
;;;Parkano;1060;19930119;1993;1;19;3275000;6885000;-5.6;0.4;-10.5;0;749;3.61
;;;Parkano;1060;19930120;1993;1;20;3275000;6885000;-5.9;-0.9;-15.3;2;937;4.02
;;;Parkano;1060;19930121;1993;1;21;3275000;6885000;1;1.7;-0.9;2;787;6.16
;;;Parkano;1060;19930122;1993;1;22;3275000;6885000;-0.1;1.4;-1;7;806;5.82
;;;Parkano;1060;19930123;1993;1;23;3275000;6885000;-4.4;0.1;-6.9;0;1374;3.95
;;;Parkano;1060;19930124;1993;1;24;3275000;6885000;-12;-6.8;-17.4;0;1293;2.34
;;;Parkano;1060;19930125;1993;1;25;3275000;6885000;-8.4;-7.2;-10.5;1;879;2.94
;;;Parkano;1060;19930126;1993;1;26;3275000;6885000;-11.5;-8.3;-14.3;0;1607;2.3
;;;Parkano;1060;19930127;1993;1;27;3275000;6885000;-12;-9.4;-17.1;0;1288;2.14
;;;Parkano;1060;19930128;1993;1;28;3275000;6885000;-12.2;-7.4;-17.5;0;1839;2.14
;;;Parkano;1060;19930129;1993;1;29;3275000;6885000;-8.2;-6.9;-13.8;0;1259;3.04
;;;Parkano;1060;19930130;1993;1;30;3275000;6885000;-6.5;-3.7;-11.2;0;1056;3.55
;;;Parkano;1060;19930131;1993;1;31;3275000;6885000;-1.6;0.2;-4.6;0;1315;4.96
;;;Parkano;1060;19930201;1993;2;1;3275000;6885000;3;5.5;-1.3;0;1302;4.73
;;;Parkano;1060;19930202;1993;2;2;3275000;6885000;1.7;5.7;-0.7;0;2267;4.91
;;;Parkano;1060;19930203;1993;2;3;3275000;6885000;0.2;2.6;-2.6;0;1543;5.19
;;;Parkano;1060;19930204;1993;2;4;3275000;6885000;1.5;2.4;0.1;1;1227;6.15
;;;Parkano;1060;19930205;1993;2;5;3275000;6885000;-1.7;0.8;-3;0;2377;3.68
;;;Parkano;1060;19930206;1993;2;6;3275000;6885000;-3;-0.4;-4.6;0;2662;2.69
;;;Parkano;1060;19930207;1993;2;7;3275000;6885000;-5;-1.4;-10.9;1;2162;3.81
;;;Parkano;1060;19930208;1993;2;8;3275000;6885000;2.1;4.9;-2.6;0;2515;5.67
;;;Parkano;1060;19930209;1993;2;9;3275000;6885000;2.9;5;-0.7;1;2358;4.95
;;;Parkano;1060;19930210;1993;2;10;3275000;6885000;-5.5;-0.5;-9.2;1;2749;3.39
;;;Parkano;1060;19930211;1993;2;11;3275000;6885000;-2.5;1.9;-9.6;0;1585;5.1
;;;Parkano;1060;19930212;1993;2;12;3275000;6885000;-0.9;0.9;-2;0;1534;5.67
;;;Parkano;1060;19930213;1993;2;13;3275000;6885000;-0.8;2;-2.9;0;2015;5.49
;;;Parkano;1060;19930214;1993;2;14;3275000;6885000;-0.6;0.8;-2.1;0;1506;5.38
;;;Parkano;1060;19930215;1993;2;15;3275000;6885000;0.1;1;-1;4;1545;5.49
;;;Parkano;1060;19930216;1993;2;16;3275000;6885000;-1.2;0.5;-3.9;0;3642;5.03
;;;Parkano;1060;19930217;1993;2;17;3275000;6885000;-8.7;-3.5;-14.8;0;4013;3.18
;;;Parkano;1060;19930218;1993;2;18;3275000;6885000;-7.6;-4.1;-11.3;0;3889;2.4
;;;Parkano;1060;19930219;1993;2;19;3275000;6885000;-8.8;-7.9;-10;4;1637;2.73
;;;Parkano;1060;19930220;1993;2;20;3275000;6885000;-12.5;-8.5;-14.6;0;3863;1.95
;;;Parkano;1060;19930221;1993;2;21;3275000;6885000;-14.9;-11.1;-19.5;0;4149;1.64
;;;Parkano;1060;19930222;1993;2;22;3275000;6885000;-15;-9.7;-20.5;0;4734;1.68
;;;Parkano;1060;19930223;1993;2;23;3275000;6885000;-12.6;-7.5;-16.8;0;4622;2.17
;;;Parkano;1060;19930224;1993;2;24;3275000;6885000;-7.5;-3.6;-15;1;2056;3.46
;;;Parkano;1060;19930225;1993;2;25;3275000;6885000;-3.9;-2.4;-6.9;0;2056;4.35
;;;Parkano;1060;19930226;1993;2;26;3275000;6885000;-6.1;-2.9;-7.2;0;2488;3.29
;;;Parkano;1060;19930227;1993;2;27;3275000;6885000;-5.4;-3.7;-6.9;1;2509;3.62
;;;Parkano;1060;19930228;1993;2;28;3275000;6885000;-6.1;-2.8;-9.3;0;4432;3.27
;;;Parkano;1060;19930301;1993;3;1;3275000;6885000;-4.3;-2.5;-6.9;0;3049;3.59
;;;Parkano;1060;19930302;1993;3;2;3275000;6885000;-4;0.2;-6.9;0;4549;3.92
;;;Parkano;1060;19930303;1993;3;3;3275000;6885000;-3.8;1.7;-8.8;0;5334;3.98
;;;Parkano;1060;19930304;1993;3;4;3275000;6885000;-2.9;-1.9;-6.8;0;2464;4.65
;;;Parkano;1060;19930305;1993;3;5;3275000;6885000;-2.4;-1.6;-3.5;14;2383;4.81
;;;Parkano;1060;19930306;1993;3;6;3275000;6885000;-2.6;-1.5;-3.8;3;2565;4.7
;;;Parkano;1060;19930307;1993;3;7;3275000;6885000;-6.2;-3.6;-8.7;0;4193;3.56
;;;Parkano;1060;19930308;1993;3;8;3275000;6885000;-4.1;-2.2;-9.4;0;2302;4.14
;;;Parkano;1060;19930309;1993;3;9;3275000;6885000;0.4;1.4;-2.6;0;2749;5.14
;;;Parkano;1060;19930310;1993;3;10;3275000;6885000;-2.8;2.2;-5.3;0;7427;2.42
;;;Parkano;1060;19930311;1993;3;11;3275000;6885000;-6.2;0.8;-16.8;0;3766;3.1
;;;Parkano;1060;19930312;1993;3;12;3275000;6885000;-8;1.2;-11.8;0;4682;2.51
;;;Parkano;1060;19930313;1993;3;13;3275000;6885000;0;5.7;-6.4;0;8356;5.15
;;;Parkano;1060;19930314;1993;3;14;3275000;6885000;2.6;7.7;-1.1;0;9440;6.05
;;;Parkano;1060;19930315;1993;3;15;3275000;6885000;4;10.2;0;0;9776;6.42
;;;Parkano;1060;19930316;1993;3;16;3275000;6885000;2.7;5.8;0.5;0;5031;6.21
;;;Parkano;1060;19930317;1993;3;17;3275000;6885000;-0.6;2;-4.1;2;3459;5.65
;;;Parkano;1060;19930318;1993;3;18;3275000;6885000;0;4.1;-2.6;0;9814;4.7
;;;Parkano;1060;19930319;1993;3;19;3275000;6885000;-1.7;2.7;-6.8;0;9550;4.32
;;;Parkano;1060;19930320;1993;3;20;3275000;6885000;-0.9;2.6;-3.4;0;9878;4.35
;;;Parkano;1060;19930321;1993;3;21;3275000;6885000;2;7.4;-4.2;0;9223;5.78
;;;Parkano;1060;19930322;1993;3;22;3275000;6885000;1.5;6;-0.8;0;11074;5.12
;;;Parkano;1060;19930323;1993;3;23;3275000;6885000;0.4;1.6;-3.1;9;3537;5.87
;;;Parkano;1060;19930324;1993;3;24;3275000;6885000;0.5;4;-1.2;0;8470;5.55
;;;Parkano;1060;19930325;1993;3;25;3275000;6885000;-0.5;3.7;-4.3;0;11434;4.29
;;;Parkano;1060;19930326;1993;3;26;3275000;6885000;-0.8;2.2;-2.6;0;11159;3.82
;;;Parkano;1060;19930327;1993;3;27;3275000;6885000;-2.4;1.8;-7.3;0;11674;3.54
;;;Parkano;1060;19930328;1993;3;28;3275000;6885000;-1.3;1.4;-2.7;0;7430;4.04
;;;Parkano;1060;19930329;1993;3;29;3275000;6885000;-2.7;1.8;-8.6;0;10059;3.73
;;;Parkano;1060;19930330;1993;3;30;3275000;6885000;-1.2;-0.1;-2.6;2;4665;4.8
;;;Parkano;1060;19930331;1993;3;31;3275000;6885000;1.5;3.6;-0.4;0;4232;6.64
;;;Parkano;1060;19930401;1993;4;1;3275000;6885000;1.2;3.3;0.1;0;5424;6.08
;;;Parkano;1060;19930402;1993;4;2;3275000;6885000;0.1;1.7;-2.5;0;4574;5.73
;;;Parkano;1060;19930403;1993;4;3;3275000;6885000;0.8;2.5;-0.6;0;4717;5.67
;;;Parkano;1060;19930404;1993;4;4;3275000;6885000;-0.1;4.5;-4.5;0;14804;4.11
;;;Parkano;1060;19930405;1993;4;5;3275000;6885000;-1.1;2.9;-5.5;1;7180;4.74
;;;Parkano;1060;19930406;1993;4;6;3275000;6885000;0.4;2;-0.6;0;4937;5.9
;;;Parkano;1060;19930407;1993;4;7;3275000;6885000;0.9;2.9;-0.1;2;5019;6.02
;;;Parkano;1060;19930408;1993;4;8;3275000;6885000;-2.5;0.7;-5.5;0;16579;2.59
;;;Parkano;1060;19930409;1993;4;9;3275000;6885000;-4.4;0.9;-10.4;0;16964;1.94
;;;Parkano;1060;19930410;1993;4;10;3275000;6885000;-2.9;3.5;-10.8;0;17179;2.09
;;;Parkano;1060;19930411;1993;4;11;3275000;6885000;-0.8;5.4;-7.4;0;17560;3.07
;;;Parkano;1060;19930412;1993;4;12;3275000;6885000;-0.3;6.7;-7.8;0;18008;2.84
;;;Parkano;1060;19930413;1993;4;13;3275000;6885000;0.8;7.8;-7.1;0;17978;3.28
;;;Parkano;1060;19930414;1993;4;14;3275000;6885000;0.2;5.5;-4;0;18110;3.19
;;;Parkano;1060;19930415;1993;4;15;3275000;6885000;-0.6;6;-7.7;0;17962;3
;;;Parkano;1060;19930416;1993;4;16;3275000;6885000;0.9;6.6;-6.2;0;15409;3.88
;;;Parkano;1060;19930417;1993;4;17;3275000;6885000;2;3.9;-0.1;8;5513;6
;;;Parkano;1060;19930418;1993;4;18;3275000;6885000;2.5;5.8;0.4;0;9574;5.94
;;;Parkano;1060;19930419;1993;4;19;3275000;6885000;-1.5;2;-3.6;0;9506;3.87
;;;Parkano;1060;19930420;1993;4;20;3275000;6885000;-1.3;3.5;-6.1;0;19727;2.72
;;;Parkano;1060;19930421;1993;4;21;3275000;6885000;-1.9;2.5;-6.4;9;4945;4.64
;;;Parkano;1060;19930422;1993;4;22;3275000;6885000;3.8;8;0.1;2;7557;7.29
;;;Parkano;1060;19930423;1993;4;23;3275000;6885000;6.9;14.1;1;0;19491;7
;;;Parkano;1060;19930424;1993;4;24;3275000;6885000;8.2;11.4;5.8;0;7610;8.88
;;;Parkano;1060;19930425;1993;4;25;3275000;6885000;10.1;18;1.9;0;18885;8.37
;;;Parkano;1060;19930426;1993;4;26;3275000;6885000;10.5;16.3;5.9;0;13520;9.33
;;;Parkano;1060;19930427;1993;4;27;3275000;6885000;12.4;21.7;2.4;0;20979;9.04
;;;Parkano;1060;19930428;1993;4;28;3275000;6885000;7.5;15.5;3.2;0;19344;6.09
;;;Parkano;1060;19930429;1993;4;29;3275000;6885000;7;15.1;-2.4;0;21288;5.32
;;;Parkano;1060;19930430;1993;4;30;3275000;6885000;10.7;19.5;0.7;0;22394;6.02
;;;Parkano;1060;19930501;1993;5;1;3275000;6885000;12;21.2;0;0;22826;5.86
;;;Parkano;1060;19930502;1993;5;2;3275000;6885000;13.8;22.1;3.4;0;20416;7.39
;;;Parkano;1060;19930503;1993;5;3;3275000;6885000;12.9;21.5;5;0;18541;8.55
;;;Parkano;1060;19930504;1993;5;4;3275000;6885000;12;19.1;5.1;0;14861;10.06
;;;Parkano;1060;19930505;1993;5;5;3275000;6885000;9.6;16.4;0;0;21939;7.13
;;;Parkano;1060;19930506;1993;5;6;3275000;6885000;13.3;23.4;5.4;1;16749;10.23
;;;Parkano;1060;19930507;1993;5;7;3275000;6885000;16;24.7;9.8;0;19846;11.92
;;;Parkano;1060;19930508;1993;5;8;3275000;6885000;14;22.9;6.4;0;21155;9.52
;;;Parkano;1060;19930509;1993;5;9;3275000;6885000;8.8;15.2;0.5;0;22016;8.35
;;;Parkano;1060;19930510;1993;5;10;3275000;6885000;10.6;17.8;0.6;0;22562;6.96
;;;Parkano;1060;19930511;1993;5;11;3275000;6885000;11.5;19.4;1.5;0;24790;6.13
;;;Parkano;1060;19930512;1993;5;12;3275000;6885000;10.1;16;2.3;0;23733;7.21
;;;Parkano;1060;19930513;1993;5;13;3275000;6885000;11.7;20.6;2.6;0;23660;7.89
;;;Parkano;1060;19930514;1993;5;14;3275000;6885000;14.6;23;6.2;0;17371;10
;;;Parkano;1060;19930515;1993;5;15;3275000;6885000;19.2;26.2;9.7;0;19939;8.78
;;;Parkano;1060;19930516;1993;5;16;3275000;6885000;16.2;22.5;12.2;0;15224;12.16
;;;Parkano;1060;19930517;1993;5;17;3275000;6885000;12.5;17;9;0;23804;7.93
;;;Parkano;1060;19930518;1993;5;18;3275000;6885000;13.8;21.6;4.5;0;25793;8.23
;;;Parkano;1060;19930519;1993;5;19;3275000;6885000;15.7;24.9;2.3;0;26194;7.12
;;;Parkano;1060;19930520;1993;5;20;3275000;6885000;17.9;26.7;5;0;26687;8.63
;;;Parkano;1060;19930521;1993;5;21;3275000;6885000;17.7;23.9;9.5;0;24894;11.05
;;;Parkano;1060;19930522;1993;5;22;3275000;6885000;12.5;21.2;8.8;0;16802;9.2
;;;Parkano;1060;19930523;1993;5;23;3275000;6885000;13.6;20.6;5;0;24596;8.46
;;;Parkano;1060;19930524;1993;5;24;3275000;6885000;11.7;19.8;3.2;0;26059;6.44
;;;Parkano;1060;19930525;1993;5;25;3275000;6885000;5.7;12.3;0.7;0;19294;5.47
;;;Parkano;1060;19930526;1993;5;26;3275000;6885000;5.4;8.5;1.6;0;12663;5.74
;;;Parkano;1060;19930527;1993;5;27;3275000;6885000;5.8;8.9;1.8;0;12614;6.38
;;;Parkano;1060;19930528;1993;5;28;3275000;6885000;6.3;11.5;-1.2;1;17110;4.95
;;;Parkano;1060;19930529;1993;5;29;3275000;6885000;7.6;15.3;0.7;0;14102;8.17
;;;Parkano;1060;19930530;1993;5;30;3275000;6885000;8.1;12.5;4.2;0;19782;7.17
;;;Parkano;1060;19930531;1993;5;31;3275000;6885000;12.1;17.1;5.4;0;18050;8.56
;;;Parkano;1060;19930601;1993;6;1;3275000;6885000;12;16.5;9.1;7;14412;11.34
;;;Parkano;1060;19930602;1993;6;2;3275000;6885000;10.8;13.8;7.3;6;11240;11.62
;;;Parkano;1060;19930603;1993;6;3;3275000;6885000;7.3;11;4.5;5;13519;8.74
;;;Parkano;1060;19930604;1993;6;4;3275000;6885000;6.2;9;4.2;0;9813;8.33
;;;Parkano;1060;19930605;1993;6;5;3275000;6885000;9.3;15.2;1.5;4;17789;7.98
;;;Parkano;1060;19930606;1993;6;6;3275000;6885000;9;12.7;6.8;0;11325;9.93
;;;Parkano;1060;19930607;1993;6;7;3275000;6885000;7.9;11.3;3.2;0;15515;7.87
;;;Parkano;1060;19930608;1993;6;8;3275000;6885000;8.1;11.1;5.5;0;13366;7.01
;;;Parkano;1060;19930609;1993;6;9;3275000;6885000;10.3;16.9;1;0;26521;6.39
;;;Parkano;1060;19930610;1993;6;10;3275000;6885000;9.6;15.1;2.8;0;14394;7.16
;;;Parkano;1060;19930611;1993;6;11;3275000;6885000;8.3;12.7;1.3;0;17945;6.66
;;;Parkano;1060;19930612;1993;6;12;3275000;6885000;9;14.3;1.3;0;20969;6.33
;;;Parkano;1060;19930613;1993;6;13;3275000;6885000;7.9;12.7;3;3;11664;7.75
;;;Parkano;1060;19930614;1993;6;14;3275000;6885000;9.9;14.1;5.9;0;18690;7.69
;;;Parkano;1060;19930615;1993;6;15;3275000;6885000;10;16.1;0.1;1;25406;6.44
;;;Parkano;1060;19930616;1993;6;16;3275000;6885000;9.2;14.1;6.1;1;14916;8.32
;;;Parkano;1060;19930617;1993;6;17;3275000;6885000;8.9;15.1;-0.1;26;17793;9.34
;;;Parkano;1060;19930618;1993;6;18;3275000;6885000;10.7;14.1;7.4;0;20099;8.81
;;;Parkano;1060;19930619;1993;6;19;3275000;6885000;12.6;17.6;5.3;0;26243;7.33
;;;Parkano;1060;19930620;1993;6;20;3275000;6885000;13.2;20;2.6;0;23548;7.55
;;;Parkano;1060;19930621;1993;6;21;3275000;6885000;14.3;20.1;7.3;0;17625;8.91
;;;Parkano;1060;19930622;1993;6;22;3275000;6885000;12.8;17.8;9;2;18503;9.06
;;;Parkano;1060;19930623;1993;6;23;3275000;6885000;9.4;14;7.1;6;12339;9.85
;;;Parkano;1060;19930624;1993;6;24;3275000;6885000;9.7;14.4;4;0;15997;8.87
;;;Parkano;1060;19930625;1993;6;25;3275000;6885000;12.5;17.4;2.7;0;20662;8.69
;;;Parkano;1060;19930626;1993;6;26;3275000;6885000;14.6;19.5;8;0;21611;9.55
;;;Parkano;1060;19930627;1993;6;27;3275000;6885000;14.7;20.1;8.2;2;22479;11.4
;;;Parkano;1060;19930628;1993;6;28;3275000;6885000;13.9;20;6.6;4;19252;11.6
;;;Parkano;1060;19930629;1993;6;29;3275000;6885000;14.2;19.1;7.8;0;23653;11.22
;;;Parkano;1060;19930630;1993;6;30;3275000;6885000;12.4;15.2;8.3;0;16244;9.66
;;;Parkano;1060;19930701;1993;7;1;3275000;6885000;14;19.3;7.5;0;24838;9.76
;;;Parkano;1060;19930702;1993;7;2;3275000;6885000;15.6;23.1;4.7;0;26433;9.58
;;;Parkano;1060;19930703;1993;7;3;3275000;6885000;16.4;23.4;9.1;6;14741;11.91
;;;Parkano;1060;19930704;1993;7;4;3275000;6885000;13.2;17.1;11.9;10;14227;12.33
;;;Parkano;1060;19930705;1993;7;5;3275000;6885000;10;14.8;5.2;8;9049;11.66
;;;Parkano;1060;19930706;1993;7;6;3275000;6885000;11.2;14;8.3;0;17834;9.72
;;;Parkano;1060;19930707;1993;7;7;3275000;6885000;9.8;15.8;3.1;1;19955;9.74
;;;Parkano;1060;19930708;1993;7;8;3275000;6885000;9.5;10.9;7.7;0;10501;10.03
;;;Parkano;1060;19930709;1993;7;9;3275000;6885000;12.7;17.8;7;0;19223;10.95
;;;Parkano;1060;19930710;1993;7;10;3275000;6885000;18.4;24.6;11.7;0;21757;13.23
;;;Parkano;1060;19930711;1993;7;11;3275000;6885000;18.8;23.4;15.1;0;16899;14.89
;;;Parkano;1060;19930712;1993;7;12;3275000;6885000;19.2;24.6;11.6;0;27137;11.32
;;;Parkano;1060;19930713;1993;7;13;3275000;6885000;15.9;21.6;12.3;2;10736;12.99
;;;Parkano;1060;19930714;1993;7;14;3275000;6885000;17.4;23;13.2;0;18747;12.33
;;;Parkano;1060;19930715;1993;7;15;3275000;6885000;17;21.7;11;0;17462;11.26
;;;Parkano;1060;19930716;1993;7;16;3275000;6885000;16.3;21.4;10.1;0;18794;11.71
;;;Parkano;1060;19930717;1993;7;17;3275000;6885000;16.3;23.5;9.9;0;23548;12.19
;;;Parkano;1060;19930718;1993;7;18;3275000;6885000;15.2;21.6;9.8;8;16551;14.1
;;;Parkano;1060;19930719;1993;7;19;3275000;6885000;14.4;21.6;8;0;19086;13.16
;;;Parkano;1060;19930720;1993;7;20;3275000;6885000;16.4;22.9;8.3;2;19169;14.38
;;;Parkano;1060;19930721;1993;7;21;3275000;6885000;17.6;23.7;9.6;0;18776;14.78
;;;Parkano;1060;19930722;1993;7;22;3275000;6885000;15.5;19;13.6;12;9847;16.57
;;;Parkano;1060;19930723;1993;7;23;3275000;6885000;16.4;21.2;13.1;0;16807;14.98
;;;Parkano;1060;19930724;1993;7;24;3275000;6885000;15.1;19.6;9.6;19;12358;14.91
;;;Parkano;1060;19930725;1993;7;25;3275000;6885000;15.6;18.6;13.8;4;10485;16.62
;;;Parkano;1060;19930726;1993;7;26;3275000;6885000;14.1;17.7;12.3;3;11999;14.19
;;;Parkano;1060;19930727;1993;7;27;3275000;6885000;14.1;18.4;11;0;17490;12.17
;;;Parkano;1060;19930728;1993;7;28;3275000;6885000;13;18.4;7.2;0;16848;11.33
;;;Parkano;1060;19930729;1993;7;29;3275000;6885000;13.7;20;6.2;0;17597;11.16
;;;Parkano;1060;19930730;1993;7;30;3275000;6885000;15.3;22.9;6.4;0;19604;10.92
;;;Parkano;1060;19930731;1993;7;31;3275000;6885000;15;19.1;10.4;0;9026;13.36
;;;Parkano;1060;19930801;1993;8;1;3275000;6885000;15.3;20;12.8;9;12033;14.62
;;;Parkano;1060;19930802;1993;8;2;3275000;6885000;14.8;19.8;10;0;20798;12.27
;;;Parkano;1060;19930803;1993;8;3;3275000;6885000;13.9;19.8;5.7;0;16510;11.95
;;;Parkano;1060;19930804;1993;8;4;3275000;6885000;15.3;19.9;10.4;0;15483;13.02
;;;Parkano;1060;19930805;1993;8;5;3275000;6885000;14.9;18.6;11.5;0;13877;12.57
;;;Parkano;1060;19930806;1993;8;6;3275000;6885000;14.9;22;7.7;0;17650;12.02
;;;Parkano;1060;19930807;1993;8;7;3275000;6885000;14.7;18.9;10.6;0;17335;12.23
;;;Parkano;1060;19930808;1993;8;8;3275000;6885000;13.6;18.3;10;0;12154;12.06
;;;Parkano;1060;19930809;1993;8;9;3275000;6885000;14.4;20;9.1;1;18117;12.61
;;;Parkano;1060;19930810;1993;8;10;3275000;6885000;14.8;17.7;12.6;11;8003;14.96
;;;Parkano;1060;19930811;1993;8;11;3275000;6885000;14.6;15.6;13.6;18;6460;15.9
;;;Parkano;1060;19930812;1993;8;12;3275000;6885000;13.8;17.3;11.2;0;14463;11.79
;;;Parkano;1060;19930813;1993;8;13;3275000;6885000;13.4;15.5;12.4;18;8423;13.66
;;;Parkano;1060;19930814;1993;8;14;3275000;6885000;10.2;12.5;8.6;3;6545;11.48
;;;Parkano;1060;19930815;1993;8;15;3275000;6885000;12.9;19.6;5.6;0;18685;11.12
;;;Parkano;1060;19930816;1993;8;16;3275000;6885000;11.8;15.1;8.7;15;7997;13.15
;;;Parkano;1060;19930817;1993;8;17;3275000;6885000;12.6;14.6;11.7;16;5761;14.28
;;;Parkano;1060;19930818;1993;8;18;3275000;6885000;11.4;13.3;9.4;15;6015;13.11
;;;Parkano;1060;19930819;1993;8;19;3275000;6885000;11.3;14.4;9.7;0;8206;12.09
;;;Parkano;1060;19930820;1993;8;20;3275000;6885000;11.6;16.7;9;0;12118;11.85
;;;Parkano;1060;19930821;1993;8;21;3275000;6885000;11.6;17.1;8;4;9343;11.39
;;;Parkano;1060;19930822;1993;8;22;3275000;6885000;10.6;16;7.8;13;10371;11.4
;;;Parkano;1060;19930823;1993;8;23;3275000;6885000;10.4;12.7;9;10;5296;12.01
;;;Parkano;1060;19930824;1993;8;24;3275000;6885000;10.4;12.8;8.9;2;6303;12.06
;;;Parkano;1060;19930825;1993;8;25;3275000;6885000;10.1;14.5;8.2;0;10445;10.22
;;;Parkano;1060;19930826;1993;8;26;3275000;6885000;8;13.4;3.1;0;12013;8.51
;;;Parkano;1060;19930827;1993;8;27;3275000;6885000;10;13.2;7.1;0;8061;10.45
;;;Parkano;1060;19930828;1993;8;28;3275000;6885000;10.2;13.8;7.5;1;13687;9.92
;;;Parkano;1060;19930829;1993;8;29;3275000;6885000;9;10.4;7.5;0;6758;9.86
;;;Parkano;1060;19930830;1993;8;30;3275000;6885000;8.1;11.2;3.3;0;7338;8.37
;;;Parkano;1060;19930831;1993;8;31;3275000;6885000;8.3;12.6;5.4;0;9408;7.8
;;;Parkano;1060;19930901;1993;9;1;3275000;6885000;8.7;13.7;2.3;0;11129;8.77
;;;Parkano;1060;19930902;1993;9;2;3275000;6885000;9.6;11.5;7.5;11;5293;11.23
;;;Parkano;1060;19930903;1993;9;3;3275000;6885000;7.5;11.2;4.3;0;7837;9.23
;;;Parkano;1060;19930904;1993;9;4;3275000;6885000;6.9;11.4;3.2;0;13109;7.2
;;;Parkano;1060;19930905;1993;9;5;3275000;6885000;5.7;11.7;0.1;1;12012;6.42
;;;Parkano;1060;19930906;1993;9;6;3275000;6885000;8;11.7;3.8;5;6742;9.68
;;;Parkano;1060;19930907;1993;9;7;3275000;6885000;7.8;11.4;6.1;0;10610;8.32
;;;Parkano;1060;19930908;1993;9;8;3275000;6885000;5.6;11.9;-1.3;0;10360;7.55
;;;Parkano;1060;19930909;1993;9;9;3275000;6885000;7.6;12.9;3.4;0;10842;7.83
;;;Parkano;1060;19930910;1993;9;10;3275000;6885000;5.7;12.3;-0.7;0;9946;6.54
;;;Parkano;1060;19930911;1993;9;11;3275000;6885000;5.6;12.9;-1.5;0;9755;6.95
;;;Parkano;1060;19930912;1993;9;12;3275000;6885000;5.9;11.2;2.4;1;8257;8.18
;;;Parkano;1060;19930913;1993;9;13;3275000;6885000;3.8;8.6;-1.5;0;10686;5.9
;;;Parkano;1060;19930914;1993;9;14;3275000;6885000;2.4;8.5;-2.2;0;8459;6.24
;;;Parkano;1060;19930915;1993;9;15;3275000;6885000;2.5;8.5;-2.8;0;10505;5.23
;;;Parkano;1060;19930916;1993;9;16;3275000;6885000;3;7.9;-0.7;0;8306;5.91
;;;Parkano;1060;19930917;1993;9;17;3275000;6885000;2.5;9.7;-3.4;0;11502;5.34
;;;Parkano;1060;19930918;1993;9;18;3275000;6885000;3.3;11.6;-3.9;0;10217;6.06
;;;Parkano;1060;19930919;1993;9;19;3275000;6885000;2;8.3;-2.9;0;7985;5.21
;;;Parkano;1060;19930920;1993;9;20;3275000;6885000;3.9;11.9;-4.4;0;8588;6.66
;;;Parkano;1060;19930921;1993;9;21;3275000;6885000;8.2;10.6;4.6;2;3590;9.5
;;;Parkano;1060;19930922;1993;9;22;3275000;6885000;9.1;11.2;7.5;1;3345;10.64
;;;Parkano;1060;19930923;1993;9;23;3275000;6885000;6.2;10.1;1.9;2;5509;8.27
;;;Parkano;1060;19930924;1993;9;24;3275000;6885000;3.7;7.5;0;0;5535;6.82
;;;Parkano;1060;19930925;1993;9;25;3275000;6885000;1.3;9;-3.8;0;7905;5.63
;;;Parkano;1060;19930926;1993;9;26;3275000;6885000;1.4;7.1;-4.4;0;8832;5.44
;;;Parkano;1060;19930927;1993;9;27;3275000;6885000;3.4;7.3;0.8;0;7265;6.25
;;;Parkano;1060;19930928;1993;9;28;3275000;6885000;3;7.8;-1.6;0;7026;6.69
;;;Parkano;1060;19930929;1993;9;29;3275000;6885000;0.1;6.8;-4.3;0;6420;5.41
;;;Parkano;1060;19930930;1993;9;30;3275000;6885000;2.1;8.4;-3.2;0;5110;6
;;;Parkano;1060;19931001;1993;10;1;3275000;6885000;2.9;8.9;-0.9;0;3866;6.45
;;;Parkano;1060;19931002;1993;10;2;3275000;6885000;1.4;9.3;-3.9;0;8378;5.38
;;;Parkano;1060;19931003;1993;10;3;3275000;6885000;2.4;10;-3.4;0;7513;5.8
;;;Parkano;1060;19931004;1993;10;4;3275000;6885000;5.2;6.7;1.4;6;2350;8.55
;;;Parkano;1060;19931005;1993;10;5;3275000;6885000;9.8;11;6.6;0;2254;11.41
;;;Parkano;1060;19931006;1993;10;6;3275000;6885000;9.8;12.2;7.7;1;3483;11.1
;;;Parkano;1060;19931007;1993;10;7;3275000;6885000;10;12;8.5;1;2843;11.05
;;;Parkano;1060;19931008;1993;10;8;3275000;6885000;8.1;10.2;6.6;11;2256;10.11
;;;Parkano;1060;19931009;1993;10;9;3275000;6885000;4;6.8;2.8;0;2332;7.67
;;;Parkano;1060;19931010;1993;10;10;3275000;6885000;3;3.8;2.2;14;2133;7.49
;;;Parkano;1060;19931011;1993;10;11;3275000;6885000;3.1;4.3;1.7;0;2246;7.41
;;;Parkano;1060;19931012;1993;10;12;3275000;6885000;1.1;3.7;-0.2;14;3187;6.05
;;;Parkano;1060;19931013;1993;10;13;3275000;6885000;5.4;10.7;0.2;7;2212;8.81
;;;Parkano;1060;19931014;1993;10;14;3275000;6885000;0.4;4.3;-2.2;0;5203;4.86
;;;Parkano;1060;19931015;1993;10;15;3275000;6885000;-2.9;2.8;-8;0;5204;4.05
;;;Parkano;1060;19931016;1993;10;16;3275000;6885000;0.1;5.2;-3.5;4;4459;4.92
;;;Parkano;1060;19931017;1993;10;17;3275000;6885000;-0.2;1.9;-1.5;2;2109;5.75
;;;Parkano;1060;19931018;1993;10;18;3275000;6885000;-1.1;3.6;-6.7;0;4721;5.2
;;;Parkano;1060;19931019;1993;10;19;3275000;6885000;5.1;7.2;0.7;1;2009;7.5
;;;Parkano;1060;19931020;1993;10;20;3275000;6885000;3.1;5.9;-0.4;0;2942;6.61
;;;Parkano;1060;19931021;1993;10;21;3275000;6885000;-2.1;0.9;-4.4;0;3436;4.2
;;;Parkano;1060;19931022;1993;10;22;3275000;6885000;-6.5;-0.3;-10.4;0;4243;2.74
;;;Parkano;1060;19931023;1993;10;23;3275000;6885000;-5.7;0.8;-11.3;0;4038;3.37
;;;Parkano;1060;19931024;1993;10;24;3275000;6885000;1.2;5.1;-3.3;0;2409;5.3
;;;Parkano;1060;19931025;1993;10;25;3275000;6885000;0.6;3.4;-1.3;0;3336;4.41
;;;Parkano;1060;19931026;1993;10;26;3275000;6885000;-2;1.4;-4;0;1624;4.68
;;;Parkano;1060;19931027;1993;10;27;3275000;6885000;0.4;6.1;-9;0;1680;6.01
;;;Parkano;1060;19931028;1993;10;28;3275000;6885000;3.6;6.3;0.6;0;3459;4.67
;;;Parkano;1060;19931029;1993;10;29;3275000;6885000;-1.1;3.7;-4;0;2561;4.65
;;;Parkano;1060;19931030;1993;10;30;3275000;6885000;0.3;3.7;-4.5;0;1814;5.91
;;;Parkano;1060;19931031;1993;10;31;3275000;6885000;2;4.3;0.3;0;2716;5.02
;;;Parkano;1060;19931101;1993;11;1;3275000;6885000;2.1;6;-0.4;0;2900;6.5
;;;Parkano;1060;19931102;1993;11;2;3275000;6885000;1.7;2.8;0.5;0;1269;6.61
;;;Parkano;1060;19931103;1993;11;3;3275000;6885000;1.2;2.4;0.4;0;1229;6.42
;;;Parkano;1060;19931104;1993;11;4;3275000;6885000;0.1;1.1;-0.7;0;1567;5.81
;;;Parkano;1060;19931105;1993;11;5;3275000;6885000;-0.3;0.4;-0.6;0;1195;5.62
;;;Parkano;1060;19931106;1993;11;6;3275000;6885000;-0.7;-0.1;-1;0;1128;5.22
;;;Parkano;1060;19931107;1993;11;7;3275000;6885000;-1.9;-0.7;-2.6;0;1102;4.31
;;;Parkano;1060;19931108;1993;11;8;3275000;6885000;-1.1;-0.2;-2.3;0;1074;4.86
;;;Parkano;1060;19931109;1993;11;9;3275000;6885000;-2.4;0;-3;0;1023;4.15
;;;Parkano;1060;19931110;1993;11;10;3275000;6885000;-4.1;-2.5;-5.5;0;1124;3.79
;;;Parkano;1060;19931111;1993;11;11;3275000;6885000;-3;-1.2;-6.1;0;1061;3.96
;;;Parkano;1060;19931112;1993;11;12;3275000;6885000;-5.6;-4;-8.7;0;1147;3.27
;;;Parkano;1060;19931113;1993;11;13;3275000;6885000;-1.6;-0.9;-4.3;0;918;4.98
;;;Parkano;1060;19931114;1993;11;14;3275000;6885000;-3.2;-1.8;-3.9;0;883;4.37
;;;Parkano;1060;19931115;1993;11;15;3275000;6885000;-8.5;-3.8;-11.8;0;1651;2.8
;;;Parkano;1060;19931116;1993;11;16;3275000;6885000;-7.5;-5.7;-10.4;0;1134;3.15
;;;Parkano;1060;19931117;1993;11;17;3275000;6885000;-5;-2.6;-9.6;0;817;4.13
;;;Parkano;1060;19931118;1993;11;18;3275000;6885000;-1.1;-0.2;-2.6;0;790;5.47
;;;Parkano;1060;19931119;1993;11;19;3275000;6885000;-7.4;-0.3;-13.6;0;1045;3.22
;;;Parkano;1060;19931120;1993;11;20;3275000;6885000;-12.2;-9.6;-16.2;0;1249;2.14
;;;Parkano;1060;19931121;1993;11;21;3275000;6885000;-14;-9.5;-17.7;0;1176;1.86
;;;Parkano;1060;19931122;1993;11;22;3275000;6885000;-12;-9;-16.1;0;1188;2.29
;;;Parkano;1060;19931123;1993;11;23;3275000;6885000;-7.8;-4.9;-11.8;0;987;2.74
;;;Parkano;1060;19931124;1993;11;24;3275000;6885000;-3.3;-2.2;-5.2;0;706;4.29
;;;Parkano;1060;19931125;1993;11;25;3275000;6885000;-2.2;-1.7;-2.6;0;636;4.94
;;;Parkano;1060;19931126;1993;11;26;3275000;6885000;-1.8;0;-3.8;0;655;5.03
;;;Parkano;1060;19931127;1993;11;27;3275000;6885000;-2.4;-1.5;-5.1;2;581;5.1
;;;Parkano;1060;19931128;1993;11;28;3275000;6885000;-3.9;-1.2;-6.1;0;838;4.42
;;;Parkano;1060;19931129;1993;11;29;3275000;6885000;-7.6;-4.6;-10.3;0;845;3.16
;;;Parkano;1060;19931130;1993;11;30;3275000;6885000;-6.7;-5.8;-7.3;0;538;3.35
;;;Parkano;1060;19931201;1993;12;1;3275000;6885000;-6.3;-5.5;-7.8;0;532;3.45
;;;Parkano;1060;19931202;1993;12;2;3275000;6885000;-5.8;-4.8;-7.1;1;508;3.51
;;;Parkano;1060;19931203;1993;12;3;3275000;6885000;-7.2;-6.7;-8.2;0;507;3.13
;;;Parkano;1060;19931204;1993;12;4;3275000;6885000;-3.2;0;-7.1;14;478;4.74
;;;Parkano;1060;19931205;1993;12;5;3275000;6885000;0;1.6;-1;0;714;5.72
;;;Parkano;1060;19931206;1993;12;6;3275000;6885000;0;1.3;-1.4;0;618;5.13
;;;Parkano;1060;19931207;1993;12;7;3275000;6885000;0.9;2.5;-3.8;2;445;6.62
;;;Parkano;1060;19931208;1993;12;8;3275000;6885000;1.1;2.7;0;6;432;6.34
;;;Parkano;1060;19931209;1993;12;9;3275000;6885000;-1;0;-2;1;449;5.53
;;;Parkano;1060;19931210;1993;12;10;3275000;6885000;-3.9;-1.8;-5.4;0;433;4.45
;;;Parkano;1060;19931211;1993;12;11;3275000;6885000;-8.9;-4.6;-11.4;0;586;2.96
;;;Parkano;1060;19931212;1993;12;12;3275000;6885000;-7.3;-6.6;-9.1;0;396;3.32
;;;Parkano;1060;19931213;1993;12;13;3275000;6885000;-6.5;-5.8;-7.8;0;401;3.5
;;;Parkano;1060;19931214;1993;12;14;3275000;6885000;-5.9;-4.7;-6.8;0;454;3.8
;;;Parkano;1060;19931215;1993;12;15;3275000;6885000;-5.6;-3.3;-8.3;0;447;3.81
;;;Parkano;1060;19931216;1993;12;16;3275000;6885000;-6.5;-3.5;-7.7;4;393;3.49
;;;Parkano;1060;19931217;1993;12;17;3275000;6885000;-3.4;-0.9;-7;2;372;4.74
;;;Parkano;1060;19931218;1993;12;18;3275000;6885000;-2.2;-0.6;-3.9;5;373;5.06
;;;Parkano;1060;19931219;1993;12;19;3275000;6885000;1.2;3.2;-3.7;12;368;6.72
;;;Parkano;1060;19931220;1993;12;20;3275000;6885000;1.1;3.3;-2;13;368;6.52
;;;Parkano;1060;19931221;1993;12;21;3275000;6885000;-1.3;-1;-2.1;5;372;5.37
;;;Parkano;1060;19931222;1993;12;22;3275000;6885000;-2;-0.9;-4.2;4;473;5.03
;;;Parkano;1060;19931223;1993;12;23;3275000;6885000;-1.3;-0.5;-1.9;1;376;5.48
;;;Parkano;1060;19931224;1993;12;24;3275000;6885000;-4.8;-1.8;-9;0;497;4.3
;;;Parkano;1060;19931225;1993;12;25;3275000;6885000;-6.5;-5;-9.7;0;376;3.59
;;;Parkano;1060;19931226;1993;12;26;3275000;6885000;-14.1;-6.7;-16.8;0;555;1.91
;;;Parkano;1060;19931227;1993;12;27;3275000;6885000;-20.5;-16.5;-24.6;0;552;1.1
;;;Parkano;1060;19931228;1993;12;28;3275000;6885000;-21.3;-18.8;-25.6;1;588;1.09
;;;Parkano;1060;19931229;1993;12;29;3275000;6885000;-8.9;-2.4;-21;1;399;3.28
;;;Parkano;1060;19931230;1993;12;30;3275000;6885000;-1.2;-0.6;-2.4;5;406;5.52
;;;Parkano;1060;19931231;1993;12;31;3275000;6885000;-2.4;-0.6;-3.5;1;413;5.02
;;;Parkano;1060;19940101;1994;1;1;3275000;6885000;-0.6;0.5;-5.5;0;428;5.29
;;;Parkano;1060;19940102;1994;1;2;3275000;6885000;-0.1;0.4;-0.7;0;444;5.24
;;;Parkano;1060;19940103;1994;1;3;3275000;6885000;0.7;1.2;0;0;444;5.92
;;;Parkano;1060;19940104;1994;1;4;3275000;6885000;-2.3;0.5;-3.4;0;699;4.48
;;;Parkano;1060;19940105;1994;1;5;3275000;6885000;-0.8;-0.2;-3.2;3;535;4.52
;;;Parkano;1060;19940106;1994;1;6;3275000;6885000;0.2;1.3;-1.7;4;513;5.98
;;;Parkano;1060;19940107;1994;1;7;3275000;6885000;-1.6;1.5;-6.2;0;526;5.21
;;;Parkano;1060;19940108;1994;1;8;3275000;6885000;-1.3;1.1;-7.1;2;513;5.35
;;;Parkano;1060;19940109;1994;1;9;3275000;6885000;-1.2;0.7;-3;10;744;5.35
;;;Parkano;1060;19940110;1994;1;10;3275000;6885000;0.2;1.6;-0.7;5;815;5.91
;;;Parkano;1060;19940111;1994;1;11;3275000;6885000;0.7;3.8;-1.9;8;571;6.01
;;;Parkano;1060;19940112;1994;1;12;3275000;6885000;-0.5;1;-1.3;0;659;5.26
;;;Parkano;1060;19940113;1994;1;13;3275000;6885000;-2.6;-0.7;-6;0;840;5
;;;Parkano;1060;19940114;1994;1;14;3275000;6885000;-0.2;0.4;-2.7;3;621;6.01
;;;Parkano;1060;19940115;1994;1;15;3275000;6885000;-1.9;0.1;-4;4;1026;4.97
;;;Parkano;1060;19940116;1994;1;16;3275000;6885000;0.4;2;-3.4;0;886;6
;;;Parkano;1060;19940117;1994;1;17;3275000;6885000;-1.1;2.3;-5.3;10;901;5.67
;;;Parkano;1060;19940118;1994;1;18;3275000;6885000;0.8;4.4;-0.7;0;958;5.38
;;;Parkano;1060;19940119;1994;1;19;3275000;6885000;-5.6;0.4;-10.5;0;749;3.61
;;;Parkano;1060;19940120;1994;1;20;3275000;6885000;-5.9;-0.9;-15.3;2;937;4.02
;;;Parkano;1060;19940121;1994;1;21;3275000;6885000;1;1.7;-0.9;2;787;6.16
;;;Parkano;1060;19940122;1994;1;22;3275000;6885000;-0.1;1.4;-1;7;806;5.82
;;;Parkano;1060;19940123;1994;1;23;3275000;6885000;-4.4;0.1;-6.9;0;1374;3.95
;;;Parkano;1060;19940124;1994;1;24;3275000;6885000;-12;-6.8;-17.4;0;1293;2.34
;;;Parkano;1060;19940125;1994;1;25;3275000;6885000;-8.4;-7.2;-10.5;1;879;2.94
;;;Parkano;1060;19940126;1994;1;26;3275000;6885000;-11.5;-8.3;-14.3;0;1607;2.3
;;;Parkano;1060;19940127;1994;1;27;3275000;6885000;-12;-9.4;-17.1;0;1288;2.14
;;;Parkano;1060;19940128;1994;1;28;3275000;6885000;-12.2;-7.4;-17.5;0;1839;2.14
;;;Parkano;1060;19940129;1994;1;29;3275000;6885000;-8.2;-6.9;-13.8;0;1259;3.04
;;;Parkano;1060;19940130;1994;1;30;3275000;6885000;-6.5;-3.7;-11.2;0;1056;3.55
;;;Parkano;1060;19940131;1994;1;31;3275000;6885000;-1.6;0.2;-4.6;0;1315;4.96
;;;Parkano;1060;19940201;1994;2;1;3275000;6885000;3;5.5;-1.3;0;1302;4.73
;;;Parkano;1060;19940202;1994;2;2;3275000;6885000;1.7;5.7;-0.7;0;2267;4.91
;;;Parkano;1060;19940203;1994;2;3;3275000;6885000;0.2;2.6;-2.6;0;1543;5.19
;;;Parkano;1060;19940204;1994;2;4;3275000;6885000;1.5;2.4;0.1;1;1227;6.15
;;;Parkano;1060;19940205;1994;2;5;3275000;6885000;-1.7;0.8;-3;0;2377;3.68
;;;Parkano;1060;19940206;1994;2;6;3275000;6885000;-3;-0.4;-4.6;0;2662;2.69
;;;Parkano;1060;19940207;1994;2;7;3275000;6885000;-5;-1.4;-10.9;1;2162;3.81
;;;Parkano;1060;19940208;1994;2;8;3275000;6885000;2.1;4.9;-2.6;0;2515;5.67
;;;Parkano;1060;19940209;1994;2;9;3275000;6885000;2.9;5;-0.7;1;2358;4.95
;;;Parkano;1060;19940210;1994;2;10;3275000;6885000;-5.5;-0.5;-9.2;1;2749;3.39
;;;Parkano;1060;19940211;1994;2;11;3275000;6885000;-2.5;1.9;-9.6;0;1585;5.1
;;;Parkano;1060;19940212;1994;2;12;3275000;6885000;-0.9;0.9;-2;0;1534;5.67
;;;Parkano;1060;19940213;1994;2;13;3275000;6885000;-0.8;2;-2.9;0;2015;5.49
;;;Parkano;1060;19940214;1994;2;14;3275000;6885000;-0.6;0.8;-2.1;0;1506;5.38
;;;Parkano;1060;19940215;1994;2;15;3275000;6885000;0.1;1;-1;4;1545;5.49
;;;Parkano;1060;19940216;1994;2;16;3275000;6885000;-1.2;0.5;-3.9;0;3642;5.03
;;;Parkano;1060;19940217;1994;2;17;3275000;6885000;-8.7;-3.5;-14.8;0;4013;3.18
;;;Parkano;1060;19940218;1994;2;18;3275000;6885000;-7.6;-4.1;-11.3;0;3889;2.4
;;;Parkano;1060;19940219;1994;2;19;3275000;6885000;-8.8;-7.9;-10;4;1637;2.73
;;;Parkano;1060;19940220;1994;2;20;3275000;6885000;-12.5;-8.5;-14.6;0;3863;1.95
;;;Parkano;1060;19940221;1994;2;21;3275000;6885000;-14.9;-11.1;-19.5;0;4149;1.64
;;;Parkano;1060;19940222;1994;2;22;3275000;6885000;-15;-9.7;-20.5;0;4734;1.68
;;;Parkano;1060;19940223;1994;2;23;3275000;6885000;-12.6;-7.5;-16.8;0;4622;2.17
;;;Parkano;1060;19940224;1994;2;24;3275000;6885000;-7.5;-3.6;-15;1;2056;3.46
;;;Parkano;1060;19940225;1994;2;25;3275000;6885000;-3.9;-2.4;-6.9;0;2056;4.35
;;;Parkano;1060;19940226;1994;2;26;3275000;6885000;-6.1;-2.9;-7.2;0;2488;3.29
;;;Parkano;1060;19940227;1994;2;27;3275000;6885000;-5.4;-3.7;-6.9;1;2509;3.62
;;;Parkano;1060;19940228;1994;2;28;3275000;6885000;-6.1;-2.8;-9.3;0;4432;3.27
;;;Parkano;1060;19940301;1994;3;1;3275000;6885000;-4.3;-2.5;-6.9;0;3049;3.59
;;;Parkano;1060;19940302;1994;3;2;3275000;6885000;-4;0.2;-6.9;0;4549;3.92
;;;Parkano;1060;19940303;1994;3;3;3275000;6885000;-3.8;1.7;-8.8;0;5334;3.98
;;;Parkano;1060;19940304;1994;3;4;3275000;6885000;-2.9;-1.9;-6.8;0;2464;4.65
;;;Parkano;1060;19940305;1994;3;5;3275000;6885000;-2.4;-1.6;-3.5;14;2383;4.81
;;;Parkano;1060;19940306;1994;3;6;3275000;6885000;-2.6;-1.5;-3.8;3;2565;4.7
;;;Parkano;1060;19940307;1994;3;7;3275000;6885000;-6.2;-3.6;-8.7;0;4193;3.56
;;;Parkano;1060;19940308;1994;3;8;3275000;6885000;-4.1;-2.2;-9.4;0;2302;4.14
;;;Parkano;1060;19940309;1994;3;9;3275000;6885000;0.4;1.4;-2.6;0;2749;5.14
;;;Parkano;1060;19940310;1994;3;10;3275000;6885000;-2.8;2.2;-5.3;0;7427;2.42
;;;Parkano;1060;19940311;1994;3;11;3275000;6885000;-6.2;0.8;-16.8;0;3766;3.1
;;;Parkano;1060;19940312;1994;3;12;3275000;6885000;-8;1.2;-11.8;0;4682;2.51
;;;Parkano;1060;19940313;1994;3;13;3275000;6885000;0;5.7;-6.4;0;8356;5.15
;;;Parkano;1060;19940314;1994;3;14;3275000;6885000;2.6;7.7;-1.1;0;9440;6.05
;;;Parkano;1060;19940315;1994;3;15;3275000;6885000;4;10.2;0;0;9776;6.42
;;;Parkano;1060;19940316;1994;3;16;3275000;6885000;2.7;5.8;0.5;0;5031;6.21
;;;Parkano;1060;19940317;1994;3;17;3275000;6885000;-0.6;2;-4.1;2;3459;5.65
;;;Parkano;1060;19940318;1994;3;18;3275000;6885000;0;4.1;-2.6;0;9814;4.7
;;;Parkano;1060;19940319;1994;3;19;3275000;6885000;-1.7;2.7;-6.8;0;9550;4.32
;;;Parkano;1060;19940320;1994;3;20;3275000;6885000;-0.9;2.6;-3.4;0;9878;4.35
;;;Parkano;1060;19940321;1994;3;21;3275000;6885000;2;7.4;-4.2;0;9223;5.78
;;;Parkano;1060;19940322;1994;3;22;3275000;6885000;1.5;6;-0.8;0;11074;5.12
;;;Parkano;1060;19940323;1994;3;23;3275000;6885000;0.4;1.6;-3.1;9;3537;5.87
;;;Parkano;1060;19940324;1994;3;24;3275000;6885000;0.5;4;-1.2;0;8470;5.55
;;;Parkano;1060;19940325;1994;3;25;3275000;6885000;-0.5;3.7;-4.3;0;11434;4.29
;;;Parkano;1060;19940326;1994;3;26;3275000;6885000;-0.8;2.2;-2.6;0;11159;3.82
;;;Parkano;1060;19940327;1994;3;27;3275000;6885000;-2.4;1.8;-7.3;0;11674;3.54
;;;Parkano;1060;19940328;1994;3;28;3275000;6885000;-1.3;1.4;-2.7;0;7430;4.04
;;;Parkano;1060;19940329;1994;3;29;3275000;6885000;-2.7;1.8;-8.6;0;10059;3.73
;;;Parkano;1060;19940330;1994;3;30;3275000;6885000;-1.2;-0.1;-2.6;2;4665;4.8
;;;Parkano;1060;19940331;1994;3;31;3275000;6885000;1.5;3.6;-0.4;0;4232;6.64
;;;Parkano;1060;19940401;1994;4;1;3275000;6885000;1.2;3.3;0.1;0;5424;6.08
;;;Parkano;1060;19940402;1994;4;2;3275000;6885000;0.1;1.7;-2.5;0;4574;5.73
;;;Parkano;1060;19940403;1994;4;3;3275000;6885000;0.8;2.5;-0.6;0;4717;5.67
;;;Parkano;1060;19940404;1994;4;4;3275000;6885000;-0.1;4.5;-4.5;0;14804;4.11
;;;Parkano;1060;19940405;1994;4;5;3275000;6885000;-1.1;2.9;-5.5;1;7180;4.74
;;;Parkano;1060;19940406;1994;4;6;3275000;6885000;0.4;2;-0.6;0;4937;5.9
;;;Parkano;1060;19940407;1994;4;7;3275000;6885000;0.9;2.9;-0.1;2;5019;6.02
;;;Parkano;1060;19940408;1994;4;8;3275000;6885000;-2.5;0.7;-5.5;0;16579;2.59
;;;Parkano;1060;19940409;1994;4;9;3275000;6885000;-4.4;0.9;-10.4;0;16964;1.94
;;;Parkano;1060;19940410;1994;4;10;3275000;6885000;-2.9;3.5;-10.8;0;17179;2.09
;;;Parkano;1060;19940411;1994;4;11;3275000;6885000;-0.8;5.4;-7.4;0;17560;3.07
;;;Parkano;1060;19940412;1994;4;12;3275000;6885000;-0.3;6.7;-7.8;0;18008;2.84
;;;Parkano;1060;19940413;1994;4;13;3275000;6885000;0.8;7.8;-7.1;0;17978;3.28
;;;Parkano;1060;19940414;1994;4;14;3275000;6885000;0.2;5.5;-4;0;18110;3.19
;;;Parkano;1060;19940415;1994;4;15;3275000;6885000;-0.6;6;-7.7;0;17962;3
;;;Parkano;1060;19940416;1994;4;16;3275000;6885000;0.9;6.6;-6.2;0;15409;3.88
;;;Parkano;1060;19940417;1994;4;17;3275000;6885000;2;3.9;-0.1;8;5513;6
;;;Parkano;1060;19940418;1994;4;18;3275000;6885000;2.5;5.8;0.4;0;9574;5.94
;;;Parkano;1060;19940419;1994;4;19;3275000;6885000;-1.5;2;-3.6;0;9506;3.87
;;;Parkano;1060;19940420;1994;4;20;3275000;6885000;-1.3;3.5;-6.1;0;19727;2.72
;;;Parkano;1060;19940421;1994;4;21;3275000;6885000;-1.9;2.5;-6.4;9;4945;4.64
;;;Parkano;1060;19940422;1994;4;22;3275000;6885000;3.8;8;0.1;2;7557;7.29
;;;Parkano;1060;19940423;1994;4;23;3275000;6885000;6.9;14.1;1;0;19491;7
;;;Parkano;1060;19940424;1994;4;24;3275000;6885000;8.2;11.4;5.8;0;7610;8.88
;;;Parkano;1060;19940425;1994;4;25;3275000;6885000;10.1;18;1.9;0;18885;8.37
;;;Parkano;1060;19940426;1994;4;26;3275000;6885000;10.5;16.3;5.9;0;13520;9.33
;;;Parkano;1060;19940427;1994;4;27;3275000;6885000;12.4;21.7;2.4;0;20979;9.04
;;;Parkano;1060;19940428;1994;4;28;3275000;6885000;7.5;15.5;3.2;0;19344;6.09
;;;Parkano;1060;19940429;1994;4;29;3275000;6885000;7;15.1;-2.4;0;21288;5.32
;;;Parkano;1060;19940430;1994;4;30;3275000;6885000;10.7;19.5;0.7;0;22394;6.02
;;;Parkano;1060;19940501;1994;5;1;3275000;6885000;12;21.2;0;0;22826;5.86
;;;Parkano;1060;19940502;1994;5;2;3275000;6885000;13.8;22.1;3.4;0;20416;7.39
;;;Parkano;1060;19940503;1994;5;3;3275000;6885000;12.9;21.5;5;0;18541;8.55
;;;Parkano;1060;19940504;1994;5;4;3275000;6885000;12;19.1;5.1;0;14861;10.06
;;;Parkano;1060;19940505;1994;5;5;3275000;6885000;9.6;16.4;0;0;21939;7.13
;;;Parkano;1060;19940506;1994;5;6;3275000;6885000;13.3;23.4;5.4;1;16749;10.23
;;;Parkano;1060;19940507;1994;5;7;3275000;6885000;16;24.7;9.8;0;19846;11.92
;;;Parkano;1060;19940508;1994;5;8;3275000;6885000;14;22.9;6.4;0;21155;9.52
;;;Parkano;1060;19940509;1994;5;9;3275000;6885000;8.8;15.2;0.5;0;22016;8.35
;;;Parkano;1060;19940510;1994;5;10;3275000;6885000;10.6;17.8;0.6;0;22562;6.96
;;;Parkano;1060;19940511;1994;5;11;3275000;6885000;11.5;19.4;1.5;0;24790;6.13
;;;Parkano;1060;19940512;1994;5;12;3275000;6885000;10.1;16;2.3;0;23733;7.21
;;;Parkano;1060;19940513;1994;5;13;3275000;6885000;11.7;20.6;2.6;0;23660;7.89
;;;Parkano;1060;19940514;1994;5;14;3275000;6885000;14.6;23;6.2;0;17371;10
;;;Parkano;1060;19940515;1994;5;15;3275000;6885000;19.2;26.2;9.7;0;19939;8.78
;;;Parkano;1060;19940516;1994;5;16;3275000;6885000;16.2;22.5;12.2;0;15224;12.16
;;;Parkano;1060;19940517;1994;5;17;3275000;6885000;12.5;17;9;0;23804;7.93
;;;Parkano;1060;19940518;1994;5;18;3275000;6885000;13.8;21.6;4.5;0;25793;8.23
;;;Parkano;1060;19940519;1994;5;19;3275000;6885000;15.7;24.9;2.3;0;26194;7.12
;;;Parkano;1060;19940520;1994;5;20;3275000;6885000;17.9;26.7;5;0;26687;8.63
;;;Parkano;1060;19940521;1994;5;21;3275000;6885000;17.7;23.9;9.5;0;24894;11.05
;;;Parkano;1060;19940522;1994;5;22;3275000;6885000;12.5;21.2;8.8;0;16802;9.2
;;;Parkano;1060;19940523;1994;5;23;3275000;6885000;13.6;20.6;5;0;24596;8.46
;;;Parkano;1060;19940524;1994;5;24;3275000;6885000;11.7;19.8;3.2;0;26059;6.44
;;;Parkano;1060;19940525;1994;5;25;3275000;6885000;5.7;12.3;0.7;0;19294;5.47
;;;Parkano;1060;19940526;1994;5;26;3275000;6885000;5.4;8.5;1.6;0;12663;5.74
;;;Parkano;1060;19940527;1994;5;27;3275000;6885000;5.8;8.9;1.8;0;12614;6.38
;;;Parkano;1060;19940528;1994;5;28;3275000;6885000;6.3;11.5;-1.2;1;17110;4.95
;;;Parkano;1060;19940529;1994;5;29;3275000;6885000;7.6;15.3;0.7;0;14102;8.17
;;;Parkano;1060;19940530;1994;5;30;3275000;6885000;8.1;12.5;4.2;0;19782;7.17
;;;Parkano;1060;19940531;1994;5;31;3275000;6885000;12.1;17.1;5.4;0;18050;8.56
;;;Parkano;1060;19940601;1994;6;1;3275000;6885000;12;16.5;9.1;7;14412;11.34
;;;Parkano;1060;19940602;1994;6;2;3275000;6885000;10.8;13.8;7.3;6;11240;11.62
;;;Parkano;1060;19940603;1994;6;3;3275000;6885000;7.3;11;4.5;5;13519;8.74
;;;Parkano;1060;19940604;1994;6;4;3275000;6885000;6.2;9;4.2;0;9813;8.33
;;;Parkano;1060;19940605;1994;6;5;3275000;6885000;9.3;15.2;1.5;4;17789;7.98
;;;Parkano;1060;19940606;1994;6;6;3275000;6885000;9;12.7;6.8;0;11325;9.93
;;;Parkano;1060;19940607;1994;6;7;3275000;6885000;7.9;11.3;3.2;0;15515;7.87
;;;Parkano;1060;19940608;1994;6;8;3275000;6885000;8.1;11.1;5.5;0;13366;7.01
;;;Parkano;1060;19940609;1994;6;9;3275000;6885000;10.3;16.9;1;0;26521;6.39
;;;Parkano;1060;19940610;1994;6;10;3275000;6885000;9.6;15.1;2.8;0;14394;7.16
;;;Parkano;1060;19940611;1994;6;11;3275000;6885000;8.3;12.7;1.3;0;17945;6.66
;;;Parkano;1060;19940612;1994;6;12;3275000;6885000;9;14.3;1.3;0;20969;6.33
;;;Parkano;1060;19940613;1994;6;13;3275000;6885000;7.9;12.7;3;3;11664;7.75
;;;Parkano;1060;19940614;1994;6;14;3275000;6885000;9.9;14.1;5.9;0;18690;7.69
;;;Parkano;1060;19940615;1994;6;15;3275000;6885000;10;16.1;0.1;1;25406;6.44
;;;Parkano;1060;19940616;1994;6;16;3275000;6885000;9.2;14.1;6.1;1;14916;8.32
;;;Parkano;1060;19940617;1994;6;17;3275000;6885000;8.9;15.1;-0.1;26;17793;9.34
;;;Parkano;1060;19940618;1994;6;18;3275000;6885000;10.7;14.1;7.4;0;20099;8.81
;;;Parkano;1060;19940619;1994;6;19;3275000;6885000;12.6;17.6;5.3;0;26243;7.33
;;;Parkano;1060;19940620;1994;6;20;3275000;6885000;13.2;20;2.6;0;23548;7.55
;;;Parkano;1060;19940621;1994;6;21;3275000;6885000;14.3;20.1;7.3;0;17625;8.91
;;;Parkano;1060;19940622;1994;6;22;3275000;6885000;12.8;17.8;9;2;18503;9.06
;;;Parkano;1060;19940623;1994;6;23;3275000;6885000;9.4;14;7.1;6;12339;9.85
;;;Parkano;1060;19940624;1994;6;24;3275000;6885000;9.7;14.4;4;0;15997;8.87
;;;Parkano;1060;19940625;1994;6;25;3275000;6885000;12.5;17.4;2.7;0;20662;8.69
;;;Parkano;1060;19940626;1994;6;26;3275000;6885000;14.6;19.5;8;0;21611;9.55
;;;Parkano;1060;19940627;1994;6;27;3275000;6885000;14.7;20.1;8.2;2;22479;11.4
;;;Parkano;1060;19940628;1994;6;28;3275000;6885000;13.9;20;6.6;4;19252;11.6
;;;Parkano;1060;19940629;1994;6;29;3275000;6885000;14.2;19.1;7.8;0;23653;11.22
;;;Parkano;1060;19940630;1994;6;30;3275000;6885000;12.4;15.2;8.3;0;16244;9.66
;;;Parkano;1060;19940701;1994;7;1;3275000;6885000;14;19.3;7.5;0;24838;9.76
;;;Parkano;1060;19940702;1994;7;2;3275000;6885000;15.6;23.1;4.7;0;26433;9.58
;;;Parkano;1060;19940703;1994;7;3;3275000;6885000;16.4;23.4;9.1;6;14741;11.91
;;;Parkano;1060;19940704;1994;7;4;3275000;6885000;13.2;17.1;11.9;10;14227;12.33
;;;Parkano;1060;19940705;1994;7;5;3275000;6885000;10;14.8;5.2;8;9049;11.66
;;;Parkano;1060;19940706;1994;7;6;3275000;6885000;11.2;14;8.3;0;17834;9.72
;;;Parkano;1060;19940707;1994;7;7;3275000;6885000;9.8;15.8;3.1;1;19955;9.74
;;;Parkano;1060;19940708;1994;7;8;3275000;6885000;9.5;10.9;7.7;0;10501;10.03
;;;Parkano;1060;19940709;1994;7;9;3275000;6885000;12.7;17.8;7;0;19223;10.95
;;;Parkano;1060;19940710;1994;7;10;3275000;6885000;18.4;24.6;11.7;0;21757;13.23
;;;Parkano;1060;19940711;1994;7;11;3275000;6885000;18.8;23.4;15.1;0;16899;14.89
;;;Parkano;1060;19940712;1994;7;12;3275000;6885000;19.2;24.6;11.6;0;27137;11.32
;;;Parkano;1060;19940713;1994;7;13;3275000;6885000;15.9;21.6;12.3;2;10736;12.99
;;;Parkano;1060;19940714;1994;7;14;3275000;6885000;17.4;23;13.2;0;18747;12.33
;;;Parkano;1060;19940715;1994;7;15;3275000;6885000;17;21.7;11;0;17462;11.26
;;;Parkano;1060;19940716;1994;7;16;3275000;6885000;16.3;21.4;10.1;0;18794;11.71
;;;Parkano;1060;19940717;1994;7;17;3275000;6885000;16.3;23.5;9.9;0;23548;12.19
;;;Parkano;1060;19940718;1994;7;18;3275000;6885000;15.2;21.6;9.8;8;16551;14.1
;;;Parkano;1060;19940719;1994;7;19;3275000;6885000;14.4;21.6;8;0;19086;13.16
;;;Parkano;1060;19940720;1994;7;20;3275000;6885000;16.4;22.9;8.3;2;19169;14.38
;;;Parkano;1060;19940721;1994;7;21;3275000;6885000;17.6;23.7;9.6;0;18776;14.78
;;;Parkano;1060;19940722;1994;7;22;3275000;6885000;15.5;19;13.6;12;9847;16.57
;;;Parkano;1060;19940723;1994;7;23;3275000;6885000;16.4;21.2;13.1;0;16807;14.98
;;;Parkano;1060;19940724;1994;7;24;3275000;6885000;15.1;19.6;9.6;19;12358;14.91
;;;Parkano;1060;19940725;1994;7;25;3275000;6885000;15.6;18.6;13.8;4;10485;16.62
;;;Parkano;1060;19940726;1994;7;26;3275000;6885000;14.1;17.7;12.3;3;11999;14.19
;;;Parkano;1060;19940727;1994;7;27;3275000;6885000;14.1;18.4;11;0;17490;12.17
;;;Parkano;1060;19940728;1994;7;28;3275000;6885000;13;18.4;7.2;0;16848;11.33
;;;Parkano;1060;19940729;1994;7;29;3275000;6885000;13.7;20;6.2;0;17597;11.16
;;;Parkano;1060;19940730;1994;7;30;3275000;6885000;15.3;22.9;6.4;0;19604;10.92
;;;Parkano;1060;19940731;1994;7;31;3275000;6885000;15;19.1;10.4;0;9026;13.36
;;;Parkano;1060;19940801;1994;8;1;3275000;6885000;15.3;20;12.8;9;12033;14.62
;;;Parkano;1060;19940802;1994;8;2;3275000;6885000;14.8;19.8;10;0;20798;12.27
;;;Parkano;1060;19940803;1994;8;3;3275000;6885000;13.9;19.8;5.7;0;16510;11.95
;;;Parkano;1060;19940804;1994;8;4;3275000;6885000;15.3;19.9;10.4;0;15483;13.02
;;;Parkano;1060;19940805;1994;8;5;3275000;6885000;14.9;18.6;11.5;0;13877;12.57
;;;Parkano;1060;19940806;1994;8;6;3275000;6885000;14.9;22;7.7;0;17650;12.02
;;;Parkano;1060;19940807;1994;8;7;3275000;6885000;14.7;18.9;10.6;0;17335;12.23
;;;Parkano;1060;19940808;1994;8;8;3275000;6885000;13.6;18.3;10;0;12154;12.06
;;;Parkano;1060;19940809;1994;8;9;3275000;6885000;14.4;20;9.1;1;18117;12.61
;;;Parkano;1060;19940810;1994;8;10;3275000;6885000;14.8;17.7;12.6;11;8003;14.96
;;;Parkano;1060;19940811;1994;8;11;3275000;6885000;14.6;15.6;13.6;18;6460;15.9
;;;Parkano;1060;19940812;1994;8;12;3275000;6885000;13.8;17.3;11.2;0;14463;11.79
;;;Parkano;1060;19940813;1994;8;13;3275000;6885000;13.4;15.5;12.4;18;8423;13.66
;;;Parkano;1060;19940814;1994;8;14;3275000;6885000;10.2;12.5;8.6;3;6545;11.48
;;;Parkano;1060;19940815;1994;8;15;3275000;6885000;12.9;19.6;5.6;0;18685;11.12
;;;Parkano;1060;19940816;1994;8;16;3275000;6885000;11.8;15.1;8.7;15;7997;13.15
;;;Parkano;1060;19940817;1994;8;17;3275000;6885000;12.6;14.6;11.7;16;5761;14.28
;;;Parkano;1060;19940818;1994;8;18;3275000;6885000;11.4;13.3;9.4;15;6015;13.11
;;;Parkano;1060;19940819;1994;8;19;3275000;6885000;11.3;14.4;9.7;0;8206;12.09
;;;Parkano;1060;19940820;1994;8;20;3275000;6885000;11.6;16.7;9;0;12118;11.85
;;;Parkano;1060;19940821;1994;8;21;3275000;6885000;11.6;17.1;8;4;9343;11.39
;;;Parkano;1060;19940822;1994;8;22;3275000;6885000;10.6;16;7.8;13;10371;11.4
;;;Parkano;1060;19940823;1994;8;23;3275000;6885000;10.4;12.7;9;10;5296;12.01
;;;Parkano;1060;19940824;1994;8;24;3275000;6885000;10.4;12.8;8.9;2;6303;12.06
;;;Parkano;1060;19940825;1994;8;25;3275000;6885000;10.1;14.5;8.2;0;10445;10.22
;;;Parkano;1060;19940826;1994;8;26;3275000;6885000;8;13.4;3.1;0;12013;8.51
;;;Parkano;1060;19940827;1994;8;27;3275000;6885000;10;13.2;7.1;0;8061;10.45
;;;Parkano;1060;19940828;1994;8;28;3275000;6885000;10.2;13.8;7.5;1;13687;9.92
;;;Parkano;1060;19940829;1994;8;29;3275000;6885000;9;10.4;7.5;0;6758;9.86
;;;Parkano;1060;19940830;1994;8;30;3275000;6885000;8.1;11.2;3.3;0;7338;8.37
;;;Parkano;1060;19940831;1994;8;31;3275000;6885000;8.3;12.6;5.4;0;9408;7.8
;;;Parkano;1060;19940901;1994;9;1;3275000;6885000;8.7;13.7;2.3;0;11129;8.77
;;;Parkano;1060;19940902;1994;9;2;3275000;6885000;9.6;11.5;7.5;11;5293;11.23
;;;Parkano;1060;19940903;1994;9;3;3275000;6885000;7.5;11.2;4.3;0;7837;9.23
;;;Parkano;1060;19940904;1994;9;4;3275000;6885000;6.9;11.4;3.2;0;13109;7.2
;;;Parkano;1060;19940905;1994;9;5;3275000;6885000;5.7;11.7;0.1;1;12012;6.42
;;;Parkano;1060;19940906;1994;9;6;3275000;6885000;8;11.7;3.8;5;6742;9.68
;;;Parkano;1060;19940907;1994;9;7;3275000;6885000;7.8;11.4;6.1;0;10610;8.32
;;;Parkano;1060;19940908;1994;9;8;3275000;6885000;5.6;11.9;-1.3;0;10360;7.55
;;;Parkano;1060;19940909;1994;9;9;3275000;6885000;7.6;12.9;3.4;0;10842;7.83
;;;Parkano;1060;19940910;1994;9;10;3275000;6885000;5.7;12.3;-0.7;0;9946;6.54
;;;Parkano;1060;19940911;1994;9;11;3275000;6885000;5.6;12.9;-1.5;0;9755;6.95
;;;Parkano;1060;19940912;1994;9;12;3275000;6885000;5.9;11.2;2.4;1;8257;8.18
;;;Parkano;1060;19940913;1994;9;13;3275000;6885000;3.8;8.6;-1.5;0;10686;5.9
;;;Parkano;1060;19940914;1994;9;14;3275000;6885000;2.4;8.5;-2.2;0;8459;6.24
;;;Parkano;1060;19940915;1994;9;15;3275000;6885000;2.5;8.5;-2.8;0;10505;5.23
;;;Parkano;1060;19940916;1994;9;16;3275000;6885000;3;7.9;-0.7;0;8306;5.91
;;;Parkano;1060;19940917;1994;9;17;3275000;6885000;2.5;9.7;-3.4;0;11502;5.34
;;;Parkano;1060;19940918;1994;9;18;3275000;6885000;3.3;11.6;-3.9;0;10217;6.06
;;;Parkano;1060;19940919;1994;9;19;3275000;6885000;2;8.3;-2.9;0;7985;5.21
;;;Parkano;1060;19940920;1994;9;20;3275000;6885000;3.9;11.9;-4.4;0;8588;6.66
;;;Parkano;1060;19940921;1994;9;21;3275000;6885000;8.2;10.6;4.6;2;3590;9.5
;;;Parkano;1060;19940922;1994;9;22;3275000;6885000;9.1;11.2;7.5;1;3345;10.64
;;;Parkano;1060;19940923;1994;9;23;3275000;6885000;6.2;10.1;1.9;2;5509;8.27
;;;Parkano;1060;19940924;1994;9;24;3275000;6885000;3.7;7.5;0;0;5535;6.82
;;;Parkano;1060;19940925;1994;9;25;3275000;6885000;1.3;9;-3.8;0;7905;5.63
;;;Parkano;1060;19940926;1994;9;26;3275000;6885000;1.4;7.1;-4.4;0;8832;5.44
;;;Parkano;1060;19940927;1994;9;27;3275000;6885000;3.4;7.3;0.8;0;7265;6.25
;;;Parkano;1060;19940928;1994;9;28;3275000;6885000;3;7.8;-1.6;0;7026;6.69
;;;Parkano;1060;19940929;1994;9;29;3275000;6885000;0.1;6.8;-4.3;0;6420;5.41
;;;Parkano;1060;19940930;1994;9;30;3275000;6885000;2.1;8.4;-3.2;0;5110;6
;;;Parkano;1060;19941001;1994;10;1;3275000;6885000;2.9;8.9;-0.9;0;3866;6.45
;;;Parkano;1060;19941002;1994;10;2;3275000;6885000;1.4;9.3;-3.9;0;8378;5.38
;;;Parkano;1060;19941003;1994;10;3;3275000;6885000;2.4;10;-3.4;0;7513;5.8
;;;Parkano;1060;19941004;1994;10;4;3275000;6885000;5.2;6.7;1.4;6;2350;8.55
;;;Parkano;1060;19941005;1994;10;5;3275000;6885000;9.8;11;6.6;0;2254;11.41
;;;Parkano;1060;19941006;1994;10;6;3275000;6885000;9.8;12.2;7.7;1;3483;11.1
;;;Parkano;1060;19941007;1994;10;7;3275000;6885000;10;12;8.5;1;2843;11.05
;;;Parkano;1060;19941008;1994;10;8;3275000;6885000;8.1;10.2;6.6;11;2256;10.11
;;;Parkano;1060;19941009;1994;10;9;3275000;6885000;4;6.8;2.8;0;2332;7.67
;;;Parkano;1060;19941010;1994;10;10;3275000;6885000;3;3.8;2.2;14;2133;7.49
;;;Parkano;1060;19941011;1994;10;11;3275000;6885000;3.1;4.3;1.7;0;2246;7.41
;;;Parkano;1060;19941012;1994;10;12;3275000;6885000;1.1;3.7;-0.2;14;3187;6.05
;;;Parkano;1060;19941013;1994;10;13;3275000;6885000;5.4;10.7;0.2;7;2212;8.81
;;;Parkano;1060;19941014;1994;10;14;3275000;6885000;0.4;4.3;-2.2;0;5203;4.86
;;;Parkano;1060;19941015;1994;10;15;3275000;6885000;-2.9;2.8;-8;0;5204;4.05
;;;Parkano;1060;19941016;1994;10;16;3275000;6885000;0.1;5.2;-3.5;4;4459;4.92
;;;Parkano;1060;19941017;1994;10;17;3275000;6885000;-0.2;1.9;-1.5;2;2109;5.75
;;;Parkano;1060;19941018;1994;10;18;3275000;6885000;-1.1;3.6;-6.7;0;4721;5.2
;;;Parkano;1060;19941019;1994;10;19;3275000;6885000;5.1;7.2;0.7;1;2009;7.5
;;;Parkano;1060;19941020;1994;10;20;3275000;6885000;3.1;5.9;-0.4;0;2942;6.61
;;;Parkano;1060;19941021;1994;10;21;3275000;6885000;-2.1;0.9;-4.4;0;3436;4.2
;;;Parkano;1060;19941022;1994;10;22;3275000;6885000;-6.5;-0.3;-10.4;0;4243;2.74
;;;Parkano;1060;19941023;1994;10;23;3275000;6885000;-5.7;0.8;-11.3;0;4038;3.37
;;;Parkano;1060;19941024;1994;10;24;3275000;6885000;1.2;5.1;-3.3;0;2409;5.3
;;;Parkano;1060;19941025;1994;10;25;3275000;6885000;0.6;3.4;-1.3;0;3336;4.41
;;;Parkano;1060;19941026;1994;10;26;3275000;6885000;-2;1.4;-4;0;1624;4.68
;;;Parkano;1060;19941027;1994;10;27;3275000;6885000;0.4;6.1;-9;0;1680;6.01
;;;Parkano;1060;19941028;1994;10;28;3275000;6885000;3.6;6.3;0.6;0;3459;4.67
;;;Parkano;1060;19941029;1994;10;29;3275000;6885000;-1.1;3.7;-4;0;2561;4.65
;;;Parkano;1060;19941030;1994;10;30;3275000;6885000;0.3;3.7;-4.5;0;1814;5.91
;;;Parkano;1060;19941031;1994;10;31;3275000;6885000;2;4.3;0.3;0;2716;5.02
;;;Parkano;1060;19941101;1994;11;1;3275000;6885000;2.1;6;-0.4;0;2900;6.5
;;;Parkano;1060;19941102;1994;11;2;3275000;6885000;1.7;2.8;0.5;0;1269;6.61
;;;Parkano;1060;19941103;1994;11;3;3275000;6885000;1.2;2.4;0.4;0;1229;6.42
;;;Parkano;1060;19941104;1994;11;4;3275000;6885000;0.1;1.1;-0.7;0;1567;5.81
;;;Parkano;1060;19941105;1994;11;5;3275000;6885000;-0.3;0.4;-0.6;0;1195;5.62
;;;Parkano;1060;19941106;1994;11;6;3275000;6885000;-0.7;-0.1;-1;0;1128;5.22
;;;Parkano;1060;19941107;1994;11;7;3275000;6885000;-1.9;-0.7;-2.6;0;1102;4.31
;;;Parkano;1060;19941108;1994;11;8;3275000;6885000;-1.1;-0.2;-2.3;0;1074;4.86
;;;Parkano;1060;19941109;1994;11;9;3275000;6885000;-2.4;0;-3;0;1023;4.15
;;;Parkano;1060;19941110;1994;11;10;3275000;6885000;-4.1;-2.5;-5.5;0;1124;3.79
;;;Parkano;1060;19941111;1994;11;11;3275000;6885000;-3;-1.2;-6.1;0;1061;3.96
;;;Parkano;1060;19941112;1994;11;12;3275000;6885000;-5.6;-4;-8.7;0;1147;3.27
;;;Parkano;1060;19941113;1994;11;13;3275000;6885000;-1.6;-0.9;-4.3;0;918;4.98
;;;Parkano;1060;19941114;1994;11;14;3275000;6885000;-3.2;-1.8;-3.9;0;883;4.37
;;;Parkano;1060;19941115;1994;11;15;3275000;6885000;-8.5;-3.8;-11.8;0;1651;2.8
;;;Parkano;1060;19941116;1994;11;16;3275000;6885000;-7.5;-5.7;-10.4;0;1134;3.15
;;;Parkano;1060;19941117;1994;11;17;3275000;6885000;-5;-2.6;-9.6;0;817;4.13
;;;Parkano;1060;19941118;1994;11;18;3275000;6885000;-1.1;-0.2;-2.6;0;790;5.47
;;;Parkano;1060;19941119;1994;11;19;3275000;6885000;-7.4;-0.3;-13.6;0;1045;3.22
;;;Parkano;1060;19941120;1994;11;20;3275000;6885000;-12.2;-9.6;-16.2;0;1249;2.14
;;;Parkano;1060;19941121;1994;11;21;3275000;6885000;-14;-9.5;-17.7;0;1176;1.86
;;;Parkano;1060;19941122;1994;11;22;3275000;6885000;-12;-9;-16.1;0;1188;2.29
;;;Parkano;1060;19941123;1994;11;23;3275000;6885000;-7.8;-4.9;-11.8;0;987;2.74
;;;Parkano;1060;19941124;1994;11;24;3275000;6885000;-3.3;-2.2;-5.2;0;706;4.29
;;;Parkano;1060;19941125;1994;11;25;3275000;6885000;-2.2;-1.7;-2.6;0;636;4.94
;;;Parkano;1060;19941126;1994;11;26;3275000;6885000;-1.8;0;-3.8;0;655;5.03
;;;Parkano;1060;19941127;1994;11;27;3275000;6885000;-2.4;-1.5;-5.1;2;581;5.1
;;;Parkano;1060;19941128;1994;11;28;3275000;6885000;-3.9;-1.2;-6.1;0;838;4.42
;;;Parkano;1060;19941129;1994;11;29;3275000;6885000;-7.6;-4.6;-10.3;0;845;3.16
;;;Parkano;1060;19941130;1994;11;30;3275000;6885000;-6.7;-5.8;-7.3;0;538;3.35
;;;Parkano;1060;19941201;1994;12;1;3275000;6885000;-6.3;-5.5;-7.8;0;532;3.45
;;;Parkano;1060;19941202;1994;12;2;3275000;6885000;-5.8;-4.8;-7.1;1;508;3.51
;;;Parkano;1060;19941203;1994;12;3;3275000;6885000;-7.2;-6.7;-8.2;0;507;3.13
;;;Parkano;1060;19941204;1994;12;4;3275000;6885000;-3.2;0;-7.1;14;478;4.74
;;;Parkano;1060;19941205;1994;12;5;3275000;6885000;0;1.6;-1;0;714;5.72
;;;Parkano;1060;19941206;1994;12;6;3275000;6885000;0;1.3;-1.4;0;618;5.13
;;;Parkano;1060;19941207;1994;12;7;3275000;6885000;0.9;2.5;-3.8;2;445;6.62
;;;Parkano;1060;19941208;1994;12;8;3275000;6885000;1.1;2.7;0;6;432;6.34
;;;Parkano;1060;19941209;1994;12;9;3275000;6885000;-1;0;-2;1;449;5.53
;;;Parkano;1060;19941210;1994;12;10;3275000;6885000;-3.9;-1.8;-5.4;0;433;4.45
;;;Parkano;1060;19941211;1994;12;11;3275000;6885000;-8.9;-4.6;-11.4;0;586;2.96
;;;Parkano;1060;19941212;1994;12;12;3275000;6885000;-7.3;-6.6;-9.1;0;396;3.32
;;;Parkano;1060;19941213;1994;12;13;3275000;6885000;-6.5;-5.8;-7.8;0;401;3.5
;;;Parkano;1060;19941214;1994;12;14;3275000;6885000;-5.9;-4.7;-6.8;0;454;3.8
;;;Parkano;1060;19941215;1994;12;15;3275000;6885000;-5.6;-3.3;-8.3;0;447;3.81
;;;Parkano;1060;19941216;1994;12;16;3275000;6885000;-6.5;-3.5;-7.7;4;393;3.49
;;;Parkano;1060;19941217;1994;12;17;3275000;6885000;-3.4;-0.9;-7;2;372;4.74
;;;Parkano;1060;19941218;1994;12;18;3275000;6885000;-2.2;-0.6;-3.9;5;373;5.06
;;;Parkano;1060;19941219;1994;12;19;3275000;6885000;1.2;3.2;-3.7;12;368;6.72
;;;Parkano;1060;19941220;1994;12;20;3275000;6885000;1.1;3.3;-2;13;368;6.52
;;;Parkano;1060;19941221;1994;12;21;3275000;6885000;-1.3;-1;-2.1;5;372;5.37
;;;Parkano;1060;19941222;1994;12;22;3275000;6885000;-2;-0.9;-4.2;4;473;5.03
;;;Parkano;1060;19941223;1994;12;23;3275000;6885000;-1.3;-0.5;-1.9;1;376;5.48
;;;Parkano;1060;19941224;1994;12;24;3275000;6885000;-4.8;-1.8;-9;0;497;4.3
;;;Parkano;1060;19941225;1994;12;25;3275000;6885000;-6.5;-5;-9.7;0;376;3.59
;;;Parkano;1060;19941226;1994;12;26;3275000;6885000;-14.1;-6.7;-16.8;0;555;1.91
;;;Parkano;1060;19941227;1994;12;27;3275000;6885000;-20.5;-16.5;-24.6;0;552;1.1
;;;Parkano;1060;19941228;1994;12;28;3275000;6885000;-21.3;-18.8;-25.6;1;588;1.09
;;;Parkano;1060;19941229;1994;12;29;3275000;6885000;-8.9;-2.4;-21;1;399;3.28
;;;Parkano;1060;19941230;1994;12;30;3275000;6885000;-1.2;-0.6;-2.4;5;406;5.52
;;;Parkano;1060;19941231;1994;12;31;3275000;6885000;-2.4;-0.6;-3.5;1;413;5.02
;;;Parkano;1060;19950101;1995;1;1;3275000;6885000;-0.6;0.5;-5.5;0;428;5.29
;;;Parkano;1060;19950102;1995;1;2;3275000;6885000;-0.1;0.4;-0.7;0;444;5.24
;;;Parkano;1060;19950103;1995;1;3;3275000;6885000;0.7;1.2;0;0;444;5.92
;;;Parkano;1060;19950104;1995;1;4;3275000;6885000;-2.3;0.5;-3.4;0;699;4.48
;;;Parkano;1060;19950105;1995;1;5;3275000;6885000;-0.8;-0.2;-3.2;3;535;4.52
;;;Parkano;1060;19950106;1995;1;6;3275000;6885000;0.2;1.3;-1.7;4;513;5.98
;;;Parkano;1060;19950107;1995;1;7;3275000;6885000;-1.6;1.5;-6.2;0;526;5.21
;;;Parkano;1060;19950108;1995;1;8;3275000;6885000;-1.3;1.1;-7.1;2;513;5.35
;;;Parkano;1060;19950109;1995;1;9;3275000;6885000;-1.2;0.7;-3;10;744;5.35
;;;Parkano;1060;19950110;1995;1;10;3275000;6885000;0.2;1.6;-0.7;5;815;5.91
;;;Parkano;1060;19950111;1995;1;11;3275000;6885000;0.7;3.8;-1.9;8;571;6.01
;;;Parkano;1060;19950112;1995;1;12;3275000;6885000;-0.5;1;-1.3;0;659;5.26
;;;Parkano;1060;19950113;1995;1;13;3275000;6885000;-2.6;-0.7;-6;0;840;5
;;;Parkano;1060;19950114;1995;1;14;3275000;6885000;-0.2;0.4;-2.7;3;621;6.01
;;;Parkano;1060;19950115;1995;1;15;3275000;6885000;-1.9;0.1;-4;4;1026;4.97
;;;Parkano;1060;19950116;1995;1;16;3275000;6885000;0.4;2;-3.4;0;886;6
;;;Parkano;1060;19950117;1995;1;17;3275000;6885000;-1.1;2.3;-5.3;10;901;5.67
;;;Parkano;1060;19950118;1995;1;18;3275000;6885000;0.8;4.4;-0.7;0;958;5.38
;;;Parkano;1060;19950119;1995;1;19;3275000;6885000;-5.6;0.4;-10.5;0;749;3.61
;;;Parkano;1060;19950120;1995;1;20;3275000;6885000;-5.9;-0.9;-15.3;2;937;4.02
;;;Parkano;1060;19950121;1995;1;21;3275000;6885000;1;1.7;-0.9;2;787;6.16
;;;Parkano;1060;19950122;1995;1;22;3275000;6885000;-0.1;1.4;-1;7;806;5.82
;;;Parkano;1060;19950123;1995;1;23;3275000;6885000;-4.4;0.1;-6.9;0;1374;3.95
;;;Parkano;1060;19950124;1995;1;24;3275000;6885000;-12;-6.8;-17.4;0;1293;2.34
;;;Parkano;1060;19950125;1995;1;25;3275000;6885000;-8.4;-7.2;-10.5;1;879;2.94
;;;Parkano;1060;19950126;1995;1;26;3275000;6885000;-11.5;-8.3;-14.3;0;1607;2.3
;;;Parkano;1060;19950127;1995;1;27;3275000;6885000;-12;-9.4;-17.1;0;1288;2.14
;;;Parkano;1060;19950128;1995;1;28;3275000;6885000;-12.2;-7.4;-17.5;0;1839;2.14
;;;Parkano;1060;19950129;1995;1;29;3275000;6885000;-8.2;-6.9;-13.8;0;1259;3.04
;;;Parkano;1060;19950130;1995;1;30;3275000;6885000;-6.5;-3.7;-11.2;0;1056;3.55
;;;Parkano;1060;19950131;1995;1;31;3275000;6885000;-1.6;0.2;-4.6;0;1315;4.96
;;;Parkano;1060;19950201;1995;2;1;3275000;6885000;3;5.5;-1.3;0;1302;4.73
;;;Parkano;1060;19950202;1995;2;2;3275000;6885000;1.7;5.7;-0.7;0;2267;4.91
;;;Parkano;1060;19950203;1995;2;3;3275000;6885000;0.2;2.6;-2.6;0;1543;5.19
;;;Parkano;1060;19950204;1995;2;4;3275000;6885000;1.5;2.4;0.1;1;1227;6.15
;;;Parkano;1060;19950205;1995;2;5;3275000;6885000;-1.7;0.8;-3;0;2377;3.68
;;;Parkano;1060;19950206;1995;2;6;3275000;6885000;-3;-0.4;-4.6;0;2662;2.69
;;;Parkano;1060;19950207;1995;2;7;3275000;6885000;-5;-1.4;-10.9;1;2162;3.81
;;;Parkano;1060;19950208;1995;2;8;3275000;6885000;2.1;4.9;-2.6;0;2515;5.67
;;;Parkano;1060;19950209;1995;2;9;3275000;6885000;2.9;5;-0.7;1;2358;4.95
;;;Parkano;1060;19950210;1995;2;10;3275000;6885000;-5.5;-0.5;-9.2;1;2749;3.39
;;;Parkano;1060;19950211;1995;2;11;3275000;6885000;-2.5;1.9;-9.6;0;1585;5.1
;;;Parkano;1060;19950212;1995;2;12;3275000;6885000;-0.9;0.9;-2;0;1534;5.67
;;;Parkano;1060;19950213;1995;2;13;3275000;6885000;-0.8;2;-2.9;0;2015;5.49
;;;Parkano;1060;19950214;1995;2;14;3275000;6885000;-0.6;0.8;-2.1;0;1506;5.38
;;;Parkano;1060;19950215;1995;2;15;3275000;6885000;0.1;1;-1;4;1545;5.49
;;;Parkano;1060;19950216;1995;2;16;3275000;6885000;-1.2;0.5;-3.9;0;3642;5.03
;;;Parkano;1060;19950217;1995;2;17;3275000;6885000;-8.7;-3.5;-14.8;0;4013;3.18
;;;Parkano;1060;19950218;1995;2;18;3275000;6885000;-7.6;-4.1;-11.3;0;3889;2.4
;;;Parkano;1060;19950219;1995;2;19;3275000;6885000;-8.8;-7.9;-10;4;1637;2.73
;;;Parkano;1060;19950220;1995;2;20;3275000;6885000;-12.5;-8.5;-14.6;0;3863;1.95
;;;Parkano;1060;19950221;1995;2;21;3275000;6885000;-14.9;-11.1;-19.5;0;4149;1.64
;;;Parkano;1060;19950222;1995;2;22;3275000;6885000;-15;-9.7;-20.5;0;4734;1.68
;;;Parkano;1060;19950223;1995;2;23;3275000;6885000;-12.6;-7.5;-16.8;0;4622;2.17
;;;Parkano;1060;19950224;1995;2;24;3275000;6885000;-7.5;-3.6;-15;1;2056;3.46
;;;Parkano;1060;19950225;1995;2;25;3275000;6885000;-3.9;-2.4;-6.9;0;2056;4.35
;;;Parkano;1060;19950226;1995;2;26;3275000;6885000;-6.1;-2.9;-7.2;0;2488;3.29
;;;Parkano;1060;19950227;1995;2;27;3275000;6885000;-5.4;-3.7;-6.9;1;2509;3.62
;;;Parkano;1060;19950228;1995;2;28;3275000;6885000;-6.1;-2.8;-9.3;0;4432;3.27
;;;Parkano;1060;19950301;1995;3;1;3275000;6885000;-4.3;-2.5;-6.9;0;3049;3.59
;;;Parkano;1060;19950302;1995;3;2;3275000;6885000;-4;0.2;-6.9;0;4549;3.92
;;;Parkano;1060;19950303;1995;3;3;3275000;6885000;-3.8;1.7;-8.8;0;5334;3.98
;;;Parkano;1060;19950304;1995;3;4;3275000;6885000;-2.9;-1.9;-6.8;0;2464;4.65
;;;Parkano;1060;19950305;1995;3;5;3275000;6885000;-2.4;-1.6;-3.5;14;2383;4.81
;;;Parkano;1060;19950306;1995;3;6;3275000;6885000;-2.6;-1.5;-3.8;3;2565;4.7
;;;Parkano;1060;19950307;1995;3;7;3275000;6885000;-6.2;-3.6;-8.7;0;4193;3.56
;;;Parkano;1060;19950308;1995;3;8;3275000;6885000;-4.1;-2.2;-9.4;0;2302;4.14
;;;Parkano;1060;19950309;1995;3;9;3275000;6885000;0.4;1.4;-2.6;0;2749;5.14
;;;Parkano;1060;19950310;1995;3;10;3275000;6885000;-2.8;2.2;-5.3;0;7427;2.42
;;;Parkano;1060;19950311;1995;3;11;3275000;6885000;-6.2;0.8;-16.8;0;3766;3.1
;;;Parkano;1060;19950312;1995;3;12;3275000;6885000;-8;1.2;-11.8;0;4682;2.51
;;;Parkano;1060;19950313;1995;3;13;3275000;6885000;0;5.7;-6.4;0;8356;5.15
;;;Parkano;1060;19950314;1995;3;14;3275000;6885000;2.6;7.7;-1.1;0;9440;6.05
;;;Parkano;1060;19950315;1995;3;15;3275000;6885000;4;10.2;0;0;9776;6.42
;;;Parkano;1060;19950316;1995;3;16;3275000;6885000;2.7;5.8;0.5;0;5031;6.21
;;;Parkano;1060;19950317;1995;3;17;3275000;6885000;-0.6;2;-4.1;2;3459;5.65
;;;Parkano;1060;19950318;1995;3;18;3275000;6885000;0;4.1;-2.6;0;9814;4.7
;;;Parkano;1060;19950319;1995;3;19;3275000;6885000;-1.7;2.7;-6.8;0;9550;4.32
;;;Parkano;1060;19950320;1995;3;20;3275000;6885000;-0.9;2.6;-3.4;0;9878;4.35
;;;Parkano;1060;19950321;1995;3;21;3275000;6885000;2;7.4;-4.2;0;9223;5.78
;;;Parkano;1060;19950322;1995;3;22;3275000;6885000;1.5;6;-0.8;0;11074;5.12
;;;Parkano;1060;19950323;1995;3;23;3275000;6885000;0.4;1.6;-3.1;9;3537;5.87
;;;Parkano;1060;19950324;1995;3;24;3275000;6885000;0.5;4;-1.2;0;8470;5.55
;;;Parkano;1060;19950325;1995;3;25;3275000;6885000;-0.5;3.7;-4.3;0;11434;4.29
;;;Parkano;1060;19950326;1995;3;26;3275000;6885000;-0.8;2.2;-2.6;0;11159;3.82
;;;Parkano;1060;19950327;1995;3;27;3275000;6885000;-2.4;1.8;-7.3;0;11674;3.54
;;;Parkano;1060;19950328;1995;3;28;3275000;6885000;-1.3;1.4;-2.7;0;7430;4.04
;;;Parkano;1060;19950329;1995;3;29;3275000;6885000;-2.7;1.8;-8.6;0;10059;3.73
;;;Parkano;1060;19950330;1995;3;30;3275000;6885000;-1.2;-0.1;-2.6;2;4665;4.8
;;;Parkano;1060;19950331;1995;3;31;3275000;6885000;1.5;3.6;-0.4;0;4232;6.64
;;;Parkano;1060;19950401;1995;4;1;3275000;6885000;1.2;3.3;0.1;0;5424;6.08
;;;Parkano;1060;19950402;1995;4;2;3275000;6885000;0.1;1.7;-2.5;0;4574;5.73
;;;Parkano;1060;19950403;1995;4;3;3275000;6885000;0.8;2.5;-0.6;0;4717;5.67
;;;Parkano;1060;19950404;1995;4;4;3275000;6885000;-0.1;4.5;-4.5;0;14804;4.11
;;;Parkano;1060;19950405;1995;4;5;3275000;6885000;-1.1;2.9;-5.5;1;7180;4.74
;;;Parkano;1060;19950406;1995;4;6;3275000;6885000;0.4;2;-0.6;0;4937;5.9
;;;Parkano;1060;19950407;1995;4;7;3275000;6885000;0.9;2.9;-0.1;2;5019;6.02
;;;Parkano;1060;19950408;1995;4;8;3275000;6885000;-2.5;0.7;-5.5;0;16579;2.59
;;;Parkano;1060;19950409;1995;4;9;3275000;6885000;-4.4;0.9;-10.4;0;16964;1.94
;;;Parkano;1060;19950410;1995;4;10;3275000;6885000;-2.9;3.5;-10.8;0;17179;2.09
;;;Parkano;1060;19950411;1995;4;11;3275000;6885000;-0.8;5.4;-7.4;0;17560;3.07
;;;Parkano;1060;19950412;1995;4;12;3275000;6885000;-0.3;6.7;-7.8;0;18008;2.84
;;;Parkano;1060;19950413;1995;4;13;3275000;6885000;0.8;7.8;-7.1;0;17978;3.28
;;;Parkano;1060;19950414;1995;4;14;3275000;6885000;0.2;5.5;-4;0;18110;3.19
;;;Parkano;1060;19950415;1995;4;15;3275000;6885000;-0.6;6;-7.7;0;17962;3
;;;Parkano;1060;19950416;1995;4;16;3275000;6885000;0.9;6.6;-6.2;0;15409;3.88
;;;Parkano;1060;19950417;1995;4;17;3275000;6885000;2;3.9;-0.1;8;5513;6
;;;Parkano;1060;19950418;1995;4;18;3275000;6885000;2.5;5.8;0.4;0;9574;5.94
;;;Parkano;1060;19950419;1995;4;19;3275000;6885000;-1.5;2;-3.6;0;9506;3.87
;;;Parkano;1060;19950420;1995;4;20;3275000;6885000;-1.3;3.5;-6.1;0;19727;2.72
;;;Parkano;1060;19950421;1995;4;21;3275000;6885000;-1.9;2.5;-6.4;9;4945;4.64
;;;Parkano;1060;19950422;1995;4;22;3275000;6885000;3.8;8;0.1;2;7557;7.29
;;;Parkano;1060;19950423;1995;4;23;3275000;6885000;6.9;14.1;1;0;19491;7
;;;Parkano;1060;19950424;1995;4;24;3275000;6885000;8.2;11.4;5.8;0;7610;8.88
;;;Parkano;1060;19950425;1995;4;25;3275000;6885000;10.1;18;1.9;0;18885;8.37
;;;Parkano;1060;19950426;1995;4;26;3275000;6885000;10.5;16.3;5.9;0;13520;9.33
;;;Parkano;1060;19950427;1995;4;27;3275000;6885000;12.4;21.7;2.4;0;20979;9.04
;;;Parkano;1060;19950428;1995;4;28;3275000;6885000;7.5;15.5;3.2;0;19344;6.09
;;;Parkano;1060;19950429;1995;4;29;3275000;6885000;7;15.1;-2.4;0;21288;5.32
;;;Parkano;1060;19950430;1995;4;30;3275000;6885000;10.7;19.5;0.7;0;22394;6.02
;;;Parkano;1060;19950501;1995;5;1;3275000;6885000;12;21.2;0;0;22826;5.86
;;;Parkano;1060;19950502;1995;5;2;3275000;6885000;13.8;22.1;3.4;0;20416;7.39
;;;Parkano;1060;19950503;1995;5;3;3275000;6885000;12.9;21.5;5;0;18541;8.55
;;;Parkano;1060;19950504;1995;5;4;3275000;6885000;12;19.1;5.1;0;14861;10.06
;;;Parkano;1060;19950505;1995;5;5;3275000;6885000;9.6;16.4;0;0;21939;7.13
;;;Parkano;1060;19950506;1995;5;6;3275000;6885000;13.3;23.4;5.4;1;16749;10.23
;;;Parkano;1060;19950507;1995;5;7;3275000;6885000;16;24.7;9.8;0;19846;11.92
;;;Parkano;1060;19950508;1995;5;8;3275000;6885000;14;22.9;6.4;0;21155;9.52
;;;Parkano;1060;19950509;1995;5;9;3275000;6885000;8.8;15.2;0.5;0;22016;8.35
;;;Parkano;1060;19950510;1995;5;10;3275000;6885000;10.6;17.8;0.6;0;22562;6.96
;;;Parkano;1060;19950511;1995;5;11;3275000;6885000;11.5;19.4;1.5;0;24790;6.13
;;;Parkano;1060;19950512;1995;5;12;3275000;6885000;10.1;16;2.3;0;23733;7.21
;;;Parkano;1060;19950513;1995;5;13;3275000;6885000;11.7;20.6;2.6;0;23660;7.89
;;;Parkano;1060;19950514;1995;5;14;3275000;6885000;14.6;23;6.2;0;17371;10
;;;Parkano;1060;19950515;1995;5;15;3275000;6885000;19.2;26.2;9.7;0;19939;8.78
;;;Parkano;1060;19950516;1995;5;16;3275000;6885000;16.2;22.5;12.2;0;15224;12.16
;;;Parkano;1060;19950517;1995;5;17;3275000;6885000;12.5;17;9;0;23804;7.93
;;;Parkano;1060;19950518;1995;5;18;3275000;6885000;13.8;21.6;4.5;0;25793;8.23
;;;Parkano;1060;19950519;1995;5;19;3275000;6885000;15.7;24.9;2.3;0;26194;7.12
;;;Parkano;1060;19950520;1995;5;20;3275000;6885000;17.9;26.7;5;0;26687;8.63
;;;Parkano;1060;19950521;1995;5;21;3275000;6885000;17.7;23.9;9.5;0;24894;11.05
;;;Parkano;1060;19950522;1995;5;22;3275000;6885000;12.5;21.2;8.8;0;16802;9.2
;;;Parkano;1060;19950523;1995;5;23;3275000;6885000;13.6;20.6;5;0;24596;8.46
;;;Parkano;1060;19950524;1995;5;24;3275000;6885000;11.7;19.8;3.2;0;26059;6.44
;;;Parkano;1060;19950525;1995;5;25;3275000;6885000;5.7;12.3;0.7;0;19294;5.47
;;;Parkano;1060;19950526;1995;5;26;3275000;6885000;5.4;8.5;1.6;0;12663;5.74
;;;Parkano;1060;19950527;1995;5;27;3275000;6885000;5.8;8.9;1.8;0;12614;6.38
;;;Parkano;1060;19950528;1995;5;28;3275000;6885000;6.3;11.5;-1.2;1;17110;4.95
;;;Parkano;1060;19950529;1995;5;29;3275000;6885000;7.6;15.3;0.7;0;14102;8.17
;;;Parkano;1060;19950530;1995;5;30;3275000;6885000;8.1;12.5;4.2;0;19782;7.17
;;;Parkano;1060;19950531;1995;5;31;3275000;6885000;12.1;17.1;5.4;0;18050;8.56
;;;Parkano;1060;19950601;1995;6;1;3275000;6885000;12;16.5;9.1;7;14412;11.34
;;;Parkano;1060;19950602;1995;6;2;3275000;6885000;10.8;13.8;7.3;6;11240;11.62
;;;Parkano;1060;19950603;1995;6;3;3275000;6885000;7.3;11;4.5;5;13519;8.74
;;;Parkano;1060;19950604;1995;6;4;3275000;6885000;6.2;9;4.2;0;9813;8.33
;;;Parkano;1060;19950605;1995;6;5;3275000;6885000;9.3;15.2;1.5;4;17789;7.98
;;;Parkano;1060;19950606;1995;6;6;3275000;6885000;9;12.7;6.8;0;11325;9.93
;;;Parkano;1060;19950607;1995;6;7;3275000;6885000;7.9;11.3;3.2;0;15515;7.87
;;;Parkano;1060;19950608;1995;6;8;3275000;6885000;8.1;11.1;5.5;0;13366;7.01
;;;Parkano;1060;19950609;1995;6;9;3275000;6885000;10.3;16.9;1;0;26521;6.39
;;;Parkano;1060;19950610;1995;6;10;3275000;6885000;9.6;15.1;2.8;0;14394;7.16
;;;Parkano;1060;19950611;1995;6;11;3275000;6885000;8.3;12.7;1.3;0;17945;6.66
;;;Parkano;1060;19950612;1995;6;12;3275000;6885000;9;14.3;1.3;0;20969;6.33
;;;Parkano;1060;19950613;1995;6;13;3275000;6885000;7.9;12.7;3;3;11664;7.75
;;;Parkano;1060;19950614;1995;6;14;3275000;6885000;9.9;14.1;5.9;0;18690;7.69
;;;Parkano;1060;19950615;1995;6;15;3275000;6885000;10;16.1;0.1;1;25406;6.44
;;;Parkano;1060;19950616;1995;6;16;3275000;6885000;9.2;14.1;6.1;1;14916;8.32
;;;Parkano;1060;19950617;1995;6;17;3275000;6885000;8.9;15.1;-0.1;26;17793;9.34
;;;Parkano;1060;19950618;1995;6;18;3275000;6885000;10.7;14.1;7.4;0;20099;8.81
;;;Parkano;1060;19950619;1995;6;19;3275000;6885000;12.6;17.6;5.3;0;26243;7.33
;;;Parkano;1060;19950620;1995;6;20;3275000;6885000;13.2;20;2.6;0;23548;7.55
;;;Parkano;1060;19950621;1995;6;21;3275000;6885000;14.3;20.1;7.3;0;17625;8.91
;;;Parkano;1060;19950622;1995;6;22;3275000;6885000;12.8;17.8;9;2;18503;9.06
;;;Parkano;1060;19950623;1995;6;23;3275000;6885000;9.4;14;7.1;6;12339;9.85
;;;Parkano;1060;19950624;1995;6;24;3275000;6885000;9.7;14.4;4;0;15997;8.87
;;;Parkano;1060;19950625;1995;6;25;3275000;6885000;12.5;17.4;2.7;0;20662;8.69
;;;Parkano;1060;19950626;1995;6;26;3275000;6885000;14.6;19.5;8;0;21611;9.55
;;;Parkano;1060;19950627;1995;6;27;3275000;6885000;14.7;20.1;8.2;2;22479;11.4
;;;Parkano;1060;19950628;1995;6;28;3275000;6885000;13.9;20;6.6;4;19252;11.6
;;;Parkano;1060;19950629;1995;6;29;3275000;6885000;14.2;19.1;7.8;0;23653;11.22
;;;Parkano;1060;19950630;1995;6;30;3275000;6885000;12.4;15.2;8.3;0;16244;9.66
;;;Parkano;1060;19950701;1995;7;1;3275000;6885000;14;19.3;7.5;0;24838;9.76
;;;Parkano;1060;19950702;1995;7;2;3275000;6885000;15.6;23.1;4.7;0;26433;9.58
;;;Parkano;1060;19950703;1995;7;3;3275000;6885000;16.4;23.4;9.1;6;14741;11.91
;;;Parkano;1060;19950704;1995;7;4;3275000;6885000;13.2;17.1;11.9;10;14227;12.33
;;;Parkano;1060;19950705;1995;7;5;3275000;6885000;10;14.8;5.2;8;9049;11.66
;;;Parkano;1060;19950706;1995;7;6;3275000;6885000;11.2;14;8.3;0;17834;9.72
;;;Parkano;1060;19950707;1995;7;7;3275000;6885000;9.8;15.8;3.1;1;19955;9.74
;;;Parkano;1060;19950708;1995;7;8;3275000;6885000;9.5;10.9;7.7;0;10501;10.03
;;;Parkano;1060;19950709;1995;7;9;3275000;6885000;12.7;17.8;7;0;19223;10.95
;;;Parkano;1060;19950710;1995;7;10;3275000;6885000;18.4;24.6;11.7;0;21757;13.23
;;;Parkano;1060;19950711;1995;7;11;3275000;6885000;18.8;23.4;15.1;0;16899;14.89
;;;Parkano;1060;19950712;1995;7;12;3275000;6885000;19.2;24.6;11.6;0;27137;11.32
;;;Parkano;1060;19950713;1995;7;13;3275000;6885000;15.9;21.6;12.3;2;10736;12.99
;;;Parkano;1060;19950714;1995;7;14;3275000;6885000;17.4;23;13.2;0;18747;12.33
;;;Parkano;1060;19950715;1995;7;15;3275000;6885000;17;21.7;11;0;17462;11.26
;;;Parkano;1060;19950716;1995;7;16;3275000;6885000;16.3;21.4;10.1;0;18794;11.71
;;;Parkano;1060;19950717;1995;7;17;3275000;6885000;16.3;23.5;9.9;0;23548;12.19
;;;Parkano;1060;19950718;1995;7;18;3275000;6885000;15.2;21.6;9.8;8;16551;14.1
;;;Parkano;1060;19950719;1995;7;19;3275000;6885000;14.4;21.6;8;0;19086;13.16
;;;Parkano;1060;19950720;1995;7;20;3275000;6885000;16.4;22.9;8.3;2;19169;14.38
;;;Parkano;1060;19950721;1995;7;21;3275000;6885000;17.6;23.7;9.6;0;18776;14.78
;;;Parkano;1060;19950722;1995;7;22;3275000;6885000;15.5;19;13.6;12;9847;16.57
;;;Parkano;1060;19950723;1995;7;23;3275000;6885000;16.4;21.2;13.1;0;16807;14.98
;;;Parkano;1060;19950724;1995;7;24;3275000;6885000;15.1;19.6;9.6;19;12358;14.91
;;;Parkano;1060;19950725;1995;7;25;3275000;6885000;15.6;18.6;13.8;4;10485;16.62
;;;Parkano;1060;19950726;1995;7;26;3275000;6885000;14.1;17.7;12.3;3;11999;14.19
;;;Parkano;1060;19950727;1995;7;27;3275000;6885000;14.1;18.4;11;0;17490;12.17
;;;Parkano;1060;19950728;1995;7;28;3275000;6885000;13;18.4;7.2;0;16848;11.33
;;;Parkano;1060;19950729;1995;7;29;3275000;6885000;13.7;20;6.2;0;17597;11.16
;;;Parkano;1060;19950730;1995;7;30;3275000;6885000;15.3;22.9;6.4;0;19604;10.92
;;;Parkano;1060;19950731;1995;7;31;3275000;6885000;15;19.1;10.4;0;9026;13.36
;;;Parkano;1060;19950801;1995;8;1;3275000;6885000;15.3;20;12.8;9;12033;14.62
;;;Parkano;1060;19950802;1995;8;2;3275000;6885000;14.8;19.8;10;0;20798;12.27
;;;Parkano;1060;19950803;1995;8;3;3275000;6885000;13.9;19.8;5.7;0;16510;11.95
;;;Parkano;1060;19950804;1995;8;4;3275000;6885000;15.3;19.9;10.4;0;15483;13.02
;;;Parkano;1060;19950805;1995;8;5;3275000;6885000;14.9;18.6;11.5;0;13877;12.57
;;;Parkano;1060;19950806;1995;8;6;3275000;6885000;14.9;22;7.7;0;17650;12.02
;;;Parkano;1060;19950807;1995;8;7;3275000;6885000;14.7;18.9;10.6;0;17335;12.23
;;;Parkano;1060;19950808;1995;8;8;3275000;6885000;13.6;18.3;10;0;12154;12.06
;;;Parkano;1060;19950809;1995;8;9;3275000;6885000;14.4;20;9.1;1;18117;12.61
;;;Parkano;1060;19950810;1995;8;10;3275000;6885000;14.8;17.7;12.6;11;8003;14.96
;;;Parkano;1060;19950811;1995;8;11;3275000;6885000;14.6;15.6;13.6;18;6460;15.9
;;;Parkano;1060;19950812;1995;8;12;3275000;6885000;13.8;17.3;11.2;0;14463;11.79
;;;Parkano;1060;19950813;1995;8;13;3275000;6885000;13.4;15.5;12.4;18;8423;13.66
;;;Parkano;1060;19950814;1995;8;14;3275000;6885000;10.2;12.5;8.6;3;6545;11.48
;;;Parkano;1060;19950815;1995;8;15;3275000;6885000;12.9;19.6;5.6;0;18685;11.12
;;;Parkano;1060;19950816;1995;8;16;3275000;6885000;11.8;15.1;8.7;15;7997;13.15
;;;Parkano;1060;19950817;1995;8;17;3275000;6885000;12.6;14.6;11.7;16;5761;14.28
;;;Parkano;1060;19950818;1995;8;18;3275000;6885000;11.4;13.3;9.4;15;6015;13.11
;;;Parkano;1060;19950819;1995;8;19;3275000;6885000;11.3;14.4;9.7;0;8206;12.09
;;;Parkano;1060;19950820;1995;8;20;3275000;6885000;11.6;16.7;9;0;12118;11.85
;;;Parkano;1060;19950821;1995;8;21;3275000;6885000;11.6;17.1;8;4;9343;11.39
;;;Parkano;1060;19950822;1995;8;22;3275000;6885000;10.6;16;7.8;13;10371;11.4
;;;Parkano;1060;19950823;1995;8;23;3275000;6885000;10.4;12.7;9;10;5296;12.01
;;;Parkano;1060;19950824;1995;8;24;3275000;6885000;10.4;12.8;8.9;2;6303;12.06
;;;Parkano;1060;19950825;1995;8;25;3275000;6885000;10.1;14.5;8.2;0;10445;10.22
;;;Parkano;1060;19950826;1995;8;26;3275000;6885000;8;13.4;3.1;0;12013;8.51
;;;Parkano;1060;19950827;1995;8;27;3275000;6885000;10;13.2;7.1;0;8061;10.45
;;;Parkano;1060;19950828;1995;8;28;3275000;6885000;10.2;13.8;7.5;1;13687;9.92
;;;Parkano;1060;19950829;1995;8;29;3275000;6885000;9;10.4;7.5;0;6758;9.86
;;;Parkano;1060;19950830;1995;8;30;3275000;6885000;8.1;11.2;3.3;0;7338;8.37
;;;Parkano;1060;19950831;1995;8;31;3275000;6885000;8.3;12.6;5.4;0;9408;7.8
;;;Parkano;1060;19950901;1995;9;1;3275000;6885000;8.7;13.7;2.3;0;11129;8.77
;;;Parkano;1060;19950902;1995;9;2;3275000;6885000;9.6;11.5;7.5;11;5293;11.23
;;;Parkano;1060;19950903;1995;9;3;3275000;6885000;7.5;11.2;4.3;0;7837;9.23
;;;Parkano;1060;19950904;1995;9;4;3275000;6885000;6.9;11.4;3.2;0;13109;7.2
;;;Parkano;1060;19950905;1995;9;5;3275000;6885000;5.7;11.7;0.1;1;12012;6.42
;;;Parkano;1060;19950906;1995;9;6;3275000;6885000;8;11.7;3.8;5;6742;9.68
;;;Parkano;1060;19950907;1995;9;7;3275000;6885000;7.8;11.4;6.1;0;10610;8.32
;;;Parkano;1060;19950908;1995;9;8;3275000;6885000;5.6;11.9;-1.3;0;10360;7.55
;;;Parkano;1060;19950909;1995;9;9;3275000;6885000;7.6;12.9;3.4;0;10842;7.83
;;;Parkano;1060;19950910;1995;9;10;3275000;6885000;5.7;12.3;-0.7;0;9946;6.54
;;;Parkano;1060;19950911;1995;9;11;3275000;6885000;5.6;12.9;-1.5;0;9755;6.95
;;;Parkano;1060;19950912;1995;9;12;3275000;6885000;5.9;11.2;2.4;1;8257;8.18
;;;Parkano;1060;19950913;1995;9;13;3275000;6885000;3.8;8.6;-1.5;0;10686;5.9
;;;Parkano;1060;19950914;1995;9;14;3275000;6885000;2.4;8.5;-2.2;0;8459;6.24
;;;Parkano;1060;19950915;1995;9;15;3275000;6885000;2.5;8.5;-2.8;0;10505;5.23
;;;Parkano;1060;19950916;1995;9;16;3275000;6885000;3;7.9;-0.7;0;8306;5.91
;;;Parkano;1060;19950917;1995;9;17;3275000;6885000;2.5;9.7;-3.4;0;11502;5.34
;;;Parkano;1060;19950918;1995;9;18;3275000;6885000;3.3;11.6;-3.9;0;10217;6.06
;;;Parkano;1060;19950919;1995;9;19;3275000;6885000;2;8.3;-2.9;0;7985;5.21
;;;Parkano;1060;19950920;1995;9;20;3275000;6885000;3.9;11.9;-4.4;0;8588;6.66
;;;Parkano;1060;19950921;1995;9;21;3275000;6885000;8.2;10.6;4.6;2;3590;9.5
;;;Parkano;1060;19950922;1995;9;22;3275000;6885000;9.1;11.2;7.5;1;3345;10.64
;;;Parkano;1060;19950923;1995;9;23;3275000;6885000;6.2;10.1;1.9;2;5509;8.27
;;;Parkano;1060;19950924;1995;9;24;3275000;6885000;3.7;7.5;0;0;5535;6.82
;;;Parkano;1060;19950925;1995;9;25;3275000;6885000;1.3;9;-3.8;0;7905;5.63
;;;Parkano;1060;19950926;1995;9;26;3275000;6885000;1.4;7.1;-4.4;0;8832;5.44
;;;Parkano;1060;19950927;1995;9;27;3275000;6885000;3.4;7.3;0.8;0;7265;6.25
;;;Parkano;1060;19950928;1995;9;28;3275000;6885000;3;7.8;-1.6;0;7026;6.69
;;;Parkano;1060;19950929;1995;9;29;3275000;6885000;0.1;6.8;-4.3;0;6420;5.41
;;;Parkano;1060;19950930;1995;9;30;3275000;6885000;2.1;8.4;-3.2;0;5110;6
;;;Parkano;1060;19951001;1995;10;1;3275000;6885000;2.9;8.9;-0.9;0;3866;6.45
;;;Parkano;1060;19951002;1995;10;2;3275000;6885000;1.4;9.3;-3.9;0;8378;5.38
;;;Parkano;1060;19951003;1995;10;3;3275000;6885000;2.4;10;-3.4;0;7513;5.8
;;;Parkano;1060;19951004;1995;10;4;3275000;6885000;5.2;6.7;1.4;6;2350;8.55
;;;Parkano;1060;19951005;1995;10;5;3275000;6885000;9.8;11;6.6;0;2254;11.41
;;;Parkano;1060;19951006;1995;10;6;3275000;6885000;9.8;12.2;7.7;1;3483;11.1
;;;Parkano;1060;19951007;1995;10;7;3275000;6885000;10;12;8.5;1;2843;11.05
;;;Parkano;1060;19951008;1995;10;8;3275000;6885000;8.1;10.2;6.6;11;2256;10.11
;;;Parkano;1060;19951009;1995;10;9;3275000;6885000;4;6.8;2.8;0;2332;7.67
;;;Parkano;1060;19951010;1995;10;10;3275000;6885000;3;3.8;2.2;14;2133;7.49
;;;Parkano;1060;19951011;1995;10;11;3275000;6885000;3.1;4.3;1.7;0;2246;7.41
;;;Parkano;1060;19951012;1995;10;12;3275000;6885000;1.1;3.7;-0.2;14;3187;6.05
;;;Parkano;1060;19951013;1995;10;13;3275000;6885000;5.4;10.7;0.2;7;2212;8.81
;;;Parkano;1060;19951014;1995;10;14;3275000;6885000;0.4;4.3;-2.2;0;5203;4.86
;;;Parkano;1060;19951015;1995;10;15;3275000;6885000;-2.9;2.8;-8;0;5204;4.05
;;;Parkano;1060;19951016;1995;10;16;3275000;6885000;0.1;5.2;-3.5;4;4459;4.92
;;;Parkano;1060;19951017;1995;10;17;3275000;6885000;-0.2;1.9;-1.5;2;2109;5.75
;;;Parkano;1060;19951018;1995;10;18;3275000;6885000;-1.1;3.6;-6.7;0;4721;5.2
;;;Parkano;1060;19951019;1995;10;19;3275000;6885000;5.1;7.2;0.7;1;2009;7.5
;;;Parkano;1060;19951020;1995;10;20;3275000;6885000;3.1;5.9;-0.4;0;2942;6.61
;;;Parkano;1060;19951021;1995;10;21;3275000;6885000;-2.1;0.9;-4.4;0;3436;4.2
;;;Parkano;1060;19951022;1995;10;22;3275000;6885000;-6.5;-0.3;-10.4;0;4243;2.74
;;;Parkano;1060;19951023;1995;10;23;3275000;6885000;-5.7;0.8;-11.3;0;4038;3.37
;;;Parkano;1060;19951024;1995;10;24;3275000;6885000;1.2;5.1;-3.3;0;2409;5.3
;;;Parkano;1060;19951025;1995;10;25;3275000;6885000;0.6;3.4;-1.3;0;3336;4.41
;;;Parkano;1060;19951026;1995;10;26;3275000;6885000;-2;1.4;-4;0;1624;4.68
;;;Parkano;1060;19951027;1995;10;27;3275000;6885000;0.4;6.1;-9;0;1680;6.01
;;;Parkano;1060;19951028;1995;10;28;3275000;6885000;3.6;6.3;0.6;0;3459;4.67
;;;Parkano;1060;19951029;1995;10;29;3275000;6885000;-1.1;3.7;-4;0;2561;4.65
;;;Parkano;1060;19951030;1995;10;30;3275000;6885000;0.3;3.7;-4.5;0;1814;5.91
;;;Parkano;1060;19951031;1995;10;31;3275000;6885000;2;4.3;0.3;0;2716;5.02
;;;Parkano;1060;19951101;1995;11;1;3275000;6885000;2.1;6;-0.4;0;2900;6.5
;;;Parkano;1060;19951102;1995;11;2;3275000;6885000;1.7;2.8;0.5;0;1269;6.61
;;;Parkano;1060;19951103;1995;11;3;3275000;6885000;1.2;2.4;0.4;0;1229;6.42
;;;Parkano;1060;19951104;1995;11;4;3275000;6885000;0.1;1.1;-0.7;0;1567;5.81
;;;Parkano;1060;19951105;1995;11;5;3275000;6885000;-0.3;0.4;-0.6;0;1195;5.62
;;;Parkano;1060;19951106;1995;11;6;3275000;6885000;-0.7;-0.1;-1;0;1128;5.22
;;;Parkano;1060;19951107;1995;11;7;3275000;6885000;-1.9;-0.7;-2.6;0;1102;4.31
;;;Parkano;1060;19951108;1995;11;8;3275000;6885000;-1.1;-0.2;-2.3;0;1074;4.86
;;;Parkano;1060;19951109;1995;11;9;3275000;6885000;-2.4;0;-3;0;1023;4.15
;;;Parkano;1060;19951110;1995;11;10;3275000;6885000;-4.1;-2.5;-5.5;0;1124;3.79
;;;Parkano;1060;19951111;1995;11;11;3275000;6885000;-3;-1.2;-6.1;0;1061;3.96
;;;Parkano;1060;19951112;1995;11;12;3275000;6885000;-5.6;-4;-8.7;0;1147;3.27
;;;Parkano;1060;19951113;1995;11;13;3275000;6885000;-1.6;-0.9;-4.3;0;918;4.98
;;;Parkano;1060;19951114;1995;11;14;3275000;6885000;-3.2;-1.8;-3.9;0;883;4.37
;;;Parkano;1060;19951115;1995;11;15;3275000;6885000;-8.5;-3.8;-11.8;0;1651;2.8
;;;Parkano;1060;19951116;1995;11;16;3275000;6885000;-7.5;-5.7;-10.4;0;1134;3.15
;;;Parkano;1060;19951117;1995;11;17;3275000;6885000;-5;-2.6;-9.6;0;817;4.13
;;;Parkano;1060;19951118;1995;11;18;3275000;6885000;-1.1;-0.2;-2.6;0;790;5.47
;;;Parkano;1060;19951119;1995;11;19;3275000;6885000;-7.4;-0.3;-13.6;0;1045;3.22
;;;Parkano;1060;19951120;1995;11;20;3275000;6885000;-12.2;-9.6;-16.2;0;1249;2.14
;;;Parkano;1060;19951121;1995;11;21;3275000;6885000;-14;-9.5;-17.7;0;1176;1.86
;;;Parkano;1060;19951122;1995;11;22;3275000;6885000;-12;-9;-16.1;0;1188;2.29
;;;Parkano;1060;19951123;1995;11;23;3275000;6885000;-7.8;-4.9;-11.8;0;987;2.74
;;;Parkano;1060;19951124;1995;11;24;3275000;6885000;-3.3;-2.2;-5.2;0;706;4.29
;;;Parkano;1060;19951125;1995;11;25;3275000;6885000;-2.2;-1.7;-2.6;0;636;4.94
;;;Parkano;1060;19951126;1995;11;26;3275000;6885000;-1.8;0;-3.8;0;655;5.03
;;;Parkano;1060;19951127;1995;11;27;3275000;6885000;-2.4;-1.5;-5.1;2;581;5.1
;;;Parkano;1060;19951128;1995;11;28;3275000;6885000;-3.9;-1.2;-6.1;0;838;4.42
;;;Parkano;1060;19951129;1995;11;29;3275000;6885000;-7.6;-4.6;-10.3;0;845;3.16
;;;Parkano;1060;19951130;1995;11;30;3275000;6885000;-6.7;-5.8;-7.3;0;538;3.35
;;;Parkano;1060;19951201;1995;12;1;3275000;6885000;-6.3;-5.5;-7.8;0;532;3.45
;;;Parkano;1060;19951202;1995;12;2;3275000;6885000;-5.8;-4.8;-7.1;1;508;3.51
;;;Parkano;1060;19951203;1995;12;3;3275000;6885000;-7.2;-6.7;-8.2;0;507;3.13
;;;Parkano;1060;19951204;1995;12;4;3275000;6885000;-3.2;0;-7.1;14;478;4.74
;;;Parkano;1060;19951205;1995;12;5;3275000;6885000;0;1.6;-1;0;714;5.72
;;;Parkano;1060;19951206;1995;12;6;3275000;6885000;0;1.3;-1.4;0;618;5.13
;;;Parkano;1060;19951207;1995;12;7;3275000;6885000;0.9;2.5;-3.8;2;445;6.62
;;;Parkano;1060;19951208;1995;12;8;3275000;6885000;1.1;2.7;0;6;432;6.34
;;;Parkano;1060;19951209;1995;12;9;3275000;6885000;-1;0;-2;1;449;5.53
;;;Parkano;1060;19951210;1995;12;10;3275000;6885000;-3.9;-1.8;-5.4;0;433;4.45
;;;Parkano;1060;19951211;1995;12;11;3275000;6885000;-8.9;-4.6;-11.4;0;586;2.96
;;;Parkano;1060;19951212;1995;12;12;3275000;6885000;-7.3;-6.6;-9.1;0;396;3.32
;;;Parkano;1060;19951213;1995;12;13;3275000;6885000;-6.5;-5.8;-7.8;0;401;3.5
;;;Parkano;1060;19951214;1995;12;14;3275000;6885000;-5.9;-4.7;-6.8;0;454;3.8
;;;Parkano;1060;19951215;1995;12;15;3275000;6885000;-5.6;-3.3;-8.3;0;447;3.81
;;;Parkano;1060;19951216;1995;12;16;3275000;6885000;-6.5;-3.5;-7.7;4;393;3.49
;;;Parkano;1060;19951217;1995;12;17;3275000;6885000;-3.4;-0.9;-7;2;372;4.74
;;;Parkano;1060;19951218;1995;12;18;3275000;6885000;-2.2;-0.6;-3.9;5;373;5.06
;;;Parkano;1060;19951219;1995;12;19;3275000;6885000;1.2;3.2;-3.7;12;368;6.72
;;;Parkano;1060;19951220;1995;12;20;3275000;6885000;1.1;3.3;-2;13;368;6.52
;;;Parkano;1060;19951221;1995;12;21;3275000;6885000;-1.3;-1;-2.1;5;372;5.37
;;;Parkano;1060;19951222;1995;12;22;3275000;6885000;-2;-0.9;-4.2;4;473;5.03
;;;Parkano;1060;19951223;1995;12;23;3275000;6885000;-1.3;-0.5;-1.9;1;376;5.48
;;;Parkano;1060;19951224;1995;12;24;3275000;6885000;-4.8;-1.8;-9;0;497;4.3
;;;Parkano;1060;19951225;1995;12;25;3275000;6885000;-6.5;-5;-9.7;0;376;3.59
;;;Parkano;1060;19951226;1995;12;26;3275000;6885000;-14.1;-6.7;-16.8;0;555;1.91
;;;Parkano;1060;19951227;1995;12;27;3275000;6885000;-20.5;-16.5;-24.6;0;552;1.1
;;;Parkano;1060;19951228;1995;12;28;3275000;6885000;-21.3;-18.8;-25.6;1;588;1.09
;;;Parkano;1060;19951229;1995;12;29;3275000;6885000;-8.9;-2.4;-21;1;399;3.28
;;;Parkano;1060;19951230;1995;12;30;3275000;6885000;-1.2;-0.6;-2.4;5;406;5.52
;;;Parkano;1060;19951231;1995;12;31;3275000;6885000;-2.4;-0.6;-3.5;1;413;5.02
;;;Parkano;1060;19960101;1996;1;1;3275000;6885000;-0.6;0.5;-5.5;0;428;5.29
;;;Parkano;1060;19960102;1996;1;2;3275000;6885000;-0.1;0.4;-0.7;0;444;5.24
;;;Parkano;1060;19960103;1996;1;3;3275000;6885000;0.7;1.2;0;0;444;5.92
;;;Parkano;1060;19960104;1996;1;4;3275000;6885000;-2.3;0.5;-3.4;0;699;4.48
;;;Parkano;1060;19960105;1996;1;5;3275000;6885000;-0.8;-0.2;-3.2;3;535;4.52
;;;Parkano;1060;19960106;1996;1;6;3275000;6885000;0.2;1.3;-1.7;4;513;5.98
;;;Parkano;1060;19960107;1996;1;7;3275000;6885000;-1.6;1.5;-6.2;0;526;5.21
;;;Parkano;1060;19960108;1996;1;8;3275000;6885000;-1.3;1.1;-7.1;2;513;5.35
;;;Parkano;1060;19960109;1996;1;9;3275000;6885000;-1.2;0.7;-3;10;744;5.35
;;;Parkano;1060;19960110;1996;1;10;3275000;6885000;0.2;1.6;-0.7;5;815;5.91
;;;Parkano;1060;19960111;1996;1;11;3275000;6885000;0.7;3.8;-1.9;8;571;6.01
;;;Parkano;1060;19960112;1996;1;12;3275000;6885000;-0.5;1;-1.3;0;659;5.26
;;;Parkano;1060;19960113;1996;1;13;3275000;6885000;-2.6;-0.7;-6;0;840;5
;;;Parkano;1060;19960114;1996;1;14;3275000;6885000;-0.2;0.4;-2.7;3;621;6.01
;;;Parkano;1060;19960115;1996;1;15;3275000;6885000;-1.9;0.1;-4;4;1026;4.97
;;;Parkano;1060;19960116;1996;1;16;3275000;6885000;0.4;2;-3.4;0;886;6
;;;Parkano;1060;19960117;1996;1;17;3275000;6885000;-1.1;2.3;-5.3;10;901;5.67
;;;Parkano;1060;19960118;1996;1;18;3275000;6885000;0.8;4.4;-0.7;0;958;5.38
;;;Parkano;1060;19960119;1996;1;19;3275000;6885000;-5.6;0.4;-10.5;0;749;3.61
;;;Parkano;1060;19960120;1996;1;20;3275000;6885000;-5.9;-0.9;-15.3;2;937;4.02
;;;Parkano;1060;19960121;1996;1;21;3275000;6885000;1;1.7;-0.9;2;787;6.16
;;;Parkano;1060;19960122;1996;1;22;3275000;6885000;-0.1;1.4;-1;7;806;5.82
;;;Parkano;1060;19960123;1996;1;23;3275000;6885000;-4.4;0.1;-6.9;0;1374;3.95
;;;Parkano;1060;19960124;1996;1;24;3275000;6885000;-12;-6.8;-17.4;0;1293;2.34
;;;Parkano;1060;19960125;1996;1;25;3275000;6885000;-8.4;-7.2;-10.5;1;879;2.94
;;;Parkano;1060;19960126;1996;1;26;3275000;6885000;-11.5;-8.3;-14.3;0;1607;2.3
;;;Parkano;1060;19960127;1996;1;27;3275000;6885000;-12;-9.4;-17.1;0;1288;2.14
;;;Parkano;1060;19960128;1996;1;28;3275000;6885000;-12.2;-7.4;-17.5;0;1839;2.14
;;;Parkano;1060;19960129;1996;1;29;3275000;6885000;-8.2;-6.9;-13.8;0;1259;3.04
;;;Parkano;1060;19960130;1996;1;30;3275000;6885000;-6.5;-3.7;-11.2;0;1056;3.55
;;;Parkano;1060;19960131;1996;1;31;3275000;6885000;-1.6;0.2;-4.6;0;1315;4.96
;;;Parkano;1060;19960201;1996;2;1;3275000;6885000;3;5.5;-1.3;0;1302;4.73
;;;Parkano;1060;19960202;1996;2;2;3275000;6885000;1.7;5.7;-0.7;0;2267;4.91
;;;Parkano;1060;19960203;1996;2;3;3275000;6885000;0.2;2.6;-2.6;0;1543;5.19
;;;Parkano;1060;19960204;1996;2;4;3275000;6885000;1.5;2.4;0.1;1;1227;6.15
;;;Parkano;1060;19960205;1996;2;5;3275000;6885000;-1.7;0.8;-3;0;2377;3.68
;;;Parkano;1060;19960206;1996;2;6;3275000;6885000;-3;-0.4;-4.6;0;2662;2.69
;;;Parkano;1060;19960207;1996;2;7;3275000;6885000;-5;-1.4;-10.9;1;2162;3.81
;;;Parkano;1060;19960208;1996;2;8;3275000;6885000;2.1;4.9;-2.6;0;2515;5.67
;;;Parkano;1060;19960209;1996;2;9;3275000;6885000;2.9;5;-0.7;1;2358;4.95
;;;Parkano;1060;19960210;1996;2;10;3275000;6885000;-5.5;-0.5;-9.2;1;2749;3.39
;;;Parkano;1060;19960211;1996;2;11;3275000;6885000;-2.5;1.9;-9.6;0;1585;5.1
;;;Parkano;1060;19960212;1996;2;12;3275000;6885000;-0.9;0.9;-2;0;1534;5.67
;;;Parkano;1060;19960213;1996;2;13;3275000;6885000;-0.8;2;-2.9;0;2015;5.49
;;;Parkano;1060;19960214;1996;2;14;3275000;6885000;-0.6;0.8;-2.1;0;1506;5.38
;;;Parkano;1060;19960215;1996;2;15;3275000;6885000;0.1;1;-1;4;1545;5.49
;;;Parkano;1060;19960216;1996;2;16;3275000;6885000;-1.2;0.5;-3.9;0;3642;5.03
;;;Parkano;1060;19960217;1996;2;17;3275000;6885000;-8.7;-3.5;-14.8;0;4013;3.18
;;;Parkano;1060;19960218;1996;2;18;3275000;6885000;-7.6;-4.1;-11.3;0;3889;2.4
;;;Parkano;1060;19960219;1996;2;19;3275000;6885000;-8.8;-7.9;-10;4;1637;2.73
;;;Parkano;1060;19960220;1996;2;20;3275000;6885000;-12.5;-8.5;-14.6;0;3863;1.95
;;;Parkano;1060;19960221;1996;2;21;3275000;6885000;-14.9;-11.1;-19.5;0;4149;1.64
;;;Parkano;1060;19960222;1996;2;22;3275000;6885000;-15;-9.7;-20.5;0;4734;1.68
;;;Parkano;1060;19960223;1996;2;23;3275000;6885000;-12.6;-7.5;-16.8;0;4622;2.17
;;;Parkano;1060;19960224;1996;2;24;3275000;6885000;-7.5;-3.6;-15;1;2056;3.46
;;;Parkano;1060;19960225;1996;2;25;3275000;6885000;-3.9;-2.4;-6.9;0;2056;4.35
;;;Parkano;1060;19960226;1996;2;26;3275000;6885000;-6.1;-2.9;-7.2;0;2488;3.29
;;;Parkano;1060;19960227;1996;2;27;3275000;6885000;-5.4;-3.7;-6.9;1;2509;3.62
;;;Parkano;1060;19960228;1996;2;28;3275000;6885000;-6.1;-2.8;-9.3;0;4432;3.27
;;;Parkano;1060;19960229;1996;2;29;3275000;6885000;-4.3;-2.5;-6.9;0;3049;3.59
;;;Parkano;1060;19960301;1996;3;1;3275000;6885000;-4;0.2;-6.9;0;4549;3.92
;;;Parkano;1060;19960302;1996;3;2;3275000;6885000;-3.8;1.7;-8.8;0;5334;3.98
;;;Parkano;1060;19960303;1996;3;3;3275000;6885000;-2.9;-1.9;-6.8;0;2464;4.65
;;;Parkano;1060;19960304;1996;3;4;3275000;6885000;-2.4;-1.6;-3.5;14;2383;4.81
;;;Parkano;1060;19960305;1996;3;5;3275000;6885000;-2.6;-1.5;-3.8;3;2565;4.7
;;;Parkano;1060;19960306;1996;3;6;3275000;6885000;-6.2;-3.6;-8.7;0;4193;3.56
;;;Parkano;1060;19960307;1996;3;7;3275000;6885000;-4.1;-2.2;-9.4;0;2302;4.14
;;;Parkano;1060;19960308;1996;3;8;3275000;6885000;0.4;1.4;-2.6;0;2749;5.14
;;;Parkano;1060;19960309;1996;3;9;3275000;6885000;-2.8;2.2;-5.3;0;7427;2.42
;;;Parkano;1060;19960310;1996;3;10;3275000;6885000;-6.2;0.8;-16.8;0;3766;3.1
;;;Parkano;1060;19960311;1996;3;11;3275000;6885000;-8;1.2;-11.8;0;4682;2.51
;;;Parkano;1060;19960312;1996;3;12;3275000;6885000;0;5.7;-6.4;0;8356;5.15
;;;Parkano;1060;19960313;1996;3;13;3275000;6885000;2.6;7.7;-1.1;0;9440;6.05
;;;Parkano;1060;19960314;1996;3;14;3275000;6885000;4;10.2;0;0;9776;6.42
;;;Parkano;1060;19960315;1996;3;15;3275000;6885000;2.7;5.8;0.5;0;5031;6.21
;;;Parkano;1060;19960316;1996;3;16;3275000;6885000;-0.6;2;-4.1;2;3459;5.65
;;;Parkano;1060;19960317;1996;3;17;3275000;6885000;0;4.1;-2.6;0;9814;4.7
;;;Parkano;1060;19960318;1996;3;18;3275000;6885000;-1.7;2.7;-6.8;0;9550;4.32
;;;Parkano;1060;19960319;1996;3;19;3275000;6885000;-0.9;2.6;-3.4;0;9878;4.35
;;;Parkano;1060;19960320;1996;3;20;3275000;6885000;2;7.4;-4.2;0;9223;5.78
;;;Parkano;1060;19960321;1996;3;21;3275000;6885000;1.5;6;-0.8;0;11074;5.12
;;;Parkano;1060;19960322;1996;3;22;3275000;6885000;0.4;1.6;-3.1;9;3537;5.87
;;;Parkano;1060;19960323;1996;3;23;3275000;6885000;0.5;4;-1.2;0;8470;5.55
;;;Parkano;1060;19960324;1996;3;24;3275000;6885000;-0.5;3.7;-4.3;0;11434;4.29
;;;Parkano;1060;19960325;1996;3;25;3275000;6885000;-0.8;2.2;-2.6;0;11159;3.82
;;;Parkano;1060;19960326;1996;3;26;3275000;6885000;-2.4;1.8;-7.3;0;11674;3.54
;;;Parkano;1060;19960327;1996;3;27;3275000;6885000;-1.3;1.4;-2.7;0;7430;4.04
;;;Parkano;1060;19960328;1996;3;28;3275000;6885000;-2.7;1.8;-8.6;0;10059;3.73
;;;Parkano;1060;19960329;1996;3;29;3275000;6885000;-1.2;-0.1;-2.6;2;4665;4.8
;;;Parkano;1060;19960330;1996;3;30;3275000;6885000;1.5;3.6;-0.4;0;4232;6.64
;;;Parkano;1060;19960331;1996;3;31;3275000;6885000;1.2;3.3;0.1;0;5424;6.08
;;;Parkano;1060;19960401;1996;4;1;3275000;6885000;0.1;1.7;-2.5;0;4574;5.73
;;;Parkano;1060;19960402;1996;4;2;3275000;6885000;0.8;2.5;-0.6;0;4717;5.67
;;;Parkano;1060;19960403;1996;4;3;3275000;6885000;-0.1;4.5;-4.5;0;14804;4.11
;;;Parkano;1060;19960404;1996;4;4;3275000;6885000;-1.1;2.9;-5.5;1;7180;4.74
;;;Parkano;1060;19960405;1996;4;5;3275000;6885000;0.4;2;-0.6;0;4937;5.9
;;;Parkano;1060;19960406;1996;4;6;3275000;6885000;0.9;2.9;-0.1;2;5019;6.02
;;;Parkano;1060;19960407;1996;4;7;3275000;6885000;-2.5;0.7;-5.5;0;16579;2.59
;;;Parkano;1060;19960408;1996;4;8;3275000;6885000;-4.4;0.9;-10.4;0;16964;1.94
;;;Parkano;1060;19960409;1996;4;9;3275000;6885000;-2.9;3.5;-10.8;0;17179;2.09
;;;Parkano;1060;19960410;1996;4;10;3275000;6885000;-0.8;5.4;-7.4;0;17560;3.07
;;;Parkano;1060;19960411;1996;4;11;3275000;6885000;-0.3;6.7;-7.8;0;18008;2.84
;;;Parkano;1060;19960412;1996;4;12;3275000;6885000;0.8;7.8;-7.1;0;17978;3.28
;;;Parkano;1060;19960413;1996;4;13;3275000;6885000;0.2;5.5;-4;0;18110;3.19
;;;Parkano;1060;19960414;1996;4;14;3275000;6885000;-0.6;6;-7.7;0;17962;3
;;;Parkano;1060;19960415;1996;4;15;3275000;6885000;0.9;6.6;-6.2;0;15409;3.88
;;;Parkano;1060;19960416;1996;4;16;3275000;6885000;2;3.9;-0.1;8;5513;6
;;;Parkano;1060;19960417;1996;4;17;3275000;6885000;2.5;5.8;0.4;0;9574;5.94
;;;Parkano;1060;19960418;1996;4;18;3275000;6885000;-1.5;2;-3.6;0;9506;3.87
;;;Parkano;1060;19960419;1996;4;19;3275000;6885000;-1.3;3.5;-6.1;0;19727;2.72
;;;Parkano;1060;19960420;1996;4;20;3275000;6885000;-1.9;2.5;-6.4;9;4945;4.64
;;;Parkano;1060;19960421;1996;4;21;3275000;6885000;3.8;8;0.1;2;7557;7.29
;;;Parkano;1060;19960422;1996;4;22;3275000;6885000;6.9;14.1;1;0;19491;7
;;;Parkano;1060;19960423;1996;4;23;3275000;6885000;8.2;11.4;5.8;0;7610;8.88
;;;Parkano;1060;19960424;1996;4;24;3275000;6885000;10.1;18;1.9;0;18885;8.37
;;;Parkano;1060;19960425;1996;4;25;3275000;6885000;10.5;16.3;5.9;0;13520;9.33
;;;Parkano;1060;19960426;1996;4;26;3275000;6885000;12.4;21.7;2.4;0;20979;9.04
;;;Parkano;1060;19960427;1996;4;27;3275000;6885000;7.5;15.5;3.2;0;19344;6.09
;;;Parkano;1060;19960428;1996;4;28;3275000;6885000;7;15.1;-2.4;0;21288;5.32
;;;Parkano;1060;19960429;1996;4;29;3275000;6885000;10.7;19.5;0.7;0;22394;6.02
;;;Parkano;1060;19960430;1996;4;30;3275000;6885000;12;21.2;0;0;22826;5.86
;;;Parkano;1060;19960501;1996;5;1;3275000;6885000;13.8;22.1;3.4;0;20416;7.39
;;;Parkano;1060;19960502;1996;5;2;3275000;6885000;12.9;21.5;5;0;18541;8.55
;;;Parkano;1060;19960503;1996;5;3;3275000;6885000;12;19.1;5.1;0;14861;10.06
;;;Parkano;1060;19960504;1996;5;4;3275000;6885000;9.6;16.4;0;0;21939;7.13
;;;Parkano;1060;19960505;1996;5;5;3275000;6885000;13.3;23.4;5.4;1;16749;10.23
;;;Parkano;1060;19960506;1996;5;6;3275000;6885000;16;24.7;9.8;0;19846;11.92
;;;Parkano;1060;19960507;1996;5;7;3275000;6885000;14;22.9;6.4;0;21155;9.52
;;;Parkano;1060;19960508;1996;5;8;3275000;6885000;8.8;15.2;0.5;0;22016;8.35
;;;Parkano;1060;19960509;1996;5;9;3275000;6885000;10.6;17.8;0.6;0;22562;6.96
;;;Parkano;1060;19960510;1996;5;10;3275000;6885000;11.5;19.4;1.5;0;24790;6.13
;;;Parkano;1060;19960511;1996;5;11;3275000;6885000;10.1;16;2.3;0;23733;7.21
;;;Parkano;1060;19960512;1996;5;12;3275000;6885000;11.7;20.6;2.6;0;23660;7.89
;;;Parkano;1060;19960513;1996;5;13;3275000;6885000;14.6;23;6.2;0;17371;10
;;;Parkano;1060;19960514;1996;5;14;3275000;6885000;19.2;26.2;9.7;0;19939;8.78
;;;Parkano;1060;19960515;1996;5;15;3275000;6885000;16.2;22.5;12.2;0;15224;12.16
;;;Parkano;1060;19960516;1996;5;16;3275000;6885000;12.5;17;9;0;23804;7.93
;;;Parkano;1060;19960517;1996;5;17;3275000;6885000;13.8;21.6;4.5;0;25793;8.23
;;;Parkano;1060;19960518;1996;5;18;3275000;6885000;15.7;24.9;2.3;0;26194;7.12
;;;Parkano;1060;19960519;1996;5;19;3275000;6885000;17.9;26.7;5;0;26687;8.63
;;;Parkano;1060;19960520;1996;5;20;3275000;6885000;17.7;23.9;9.5;0;24894;11.05
;;;Parkano;1060;19960521;1996;5;21;3275000;6885000;12.5;21.2;8.8;0;16802;9.2
;;;Parkano;1060;19960522;1996;5;22;3275000;6885000;13.6;20.6;5;0;24596;8.46
;;;Parkano;1060;19960523;1996;5;23;3275000;6885000;11.7;19.8;3.2;0;26059;6.44
;;;Parkano;1060;19960524;1996;5;24;3275000;6885000;5.7;12.3;0.7;0;19294;5.47
;;;Parkano;1060;19960525;1996;5;25;3275000;6885000;5.4;8.5;1.6;0;12663;5.74
;;;Parkano;1060;19960526;1996;5;26;3275000;6885000;5.8;8.9;1.8;0;12614;6.38
;;;Parkano;1060;19960527;1996;5;27;3275000;6885000;6.3;11.5;-1.2;1;17110;4.95
;;;Parkano;1060;19960528;1996;5;28;3275000;6885000;7.6;15.3;0.7;0;14102;8.17
;;;Parkano;1060;19960529;1996;5;29;3275000;6885000;8.1;12.5;4.2;0;19782;7.17
;;;Parkano;1060;19960530;1996;5;30;3275000;6885000;12.1;17.1;5.4;0;18050;8.56
;;;Parkano;1060;19960531;1996;5;31;3275000;6885000;12;16.5;9.1;7;14412;11.34
;;;Parkano;1060;19960601;1996;6;1;3275000;6885000;10.8;13.8;7.3;6;11240;11.62
;;;Parkano;1060;19960602;1996;6;2;3275000;6885000;7.3;11;4.5;5;13519;8.74
;;;Parkano;1060;19960603;1996;6;3;3275000;6885000;6.2;9;4.2;0;9813;8.33
;;;Parkano;1060;19960604;1996;6;4;3275000;6885000;9.3;15.2;1.5;4;17789;7.98
;;;Parkano;1060;19960605;1996;6;5;3275000;6885000;9;12.7;6.8;0;11325;9.93
;;;Parkano;1060;19960606;1996;6;6;3275000;6885000;7.9;11.3;3.2;0;15515;7.87
;;;Parkano;1060;19960607;1996;6;7;3275000;6885000;8.1;11.1;5.5;0;13366;7.01
;;;Parkano;1060;19960608;1996;6;8;3275000;6885000;10.3;16.9;1;0;26521;6.39
;;;Parkano;1060;19960609;1996;6;9;3275000;6885000;9.6;15.1;2.8;0;14394;7.16
;;;Parkano;1060;19960610;1996;6;10;3275000;6885000;8.3;12.7;1.3;0;17945;6.66
;;;Parkano;1060;19960611;1996;6;11;3275000;6885000;9;14.3;1.3;0;20969;6.33
;;;Parkano;1060;19960612;1996;6;12;3275000;6885000;7.9;12.7;3;3;11664;7.75
;;;Parkano;1060;19960613;1996;6;13;3275000;6885000;9.9;14.1;5.9;0;18690;7.69
;;;Parkano;1060;19960614;1996;6;14;3275000;6885000;10;16.1;0.1;1;25406;6.44
;;;Parkano;1060;19960615;1996;6;15;3275000;6885000;9.2;14.1;6.1;1;14916;8.32
;;;Parkano;1060;19960616;1996;6;16;3275000;6885000;8.9;15.1;-0.1;26;17793;9.34
;;;Parkano;1060;19960617;1996;6;17;3275000;6885000;10.7;14.1;7.4;0;20099;8.81
;;;Parkano;1060;19960618;1996;6;18;3275000;6885000;12.6;17.6;5.3;0;26243;7.33
;;;Parkano;1060;19960619;1996;6;19;3275000;6885000;13.2;20;2.6;0;23548;7.55
;;;Parkano;1060;19960620;1996;6;20;3275000;6885000;14.3;20.1;7.3;0;17625;8.91
;;;Parkano;1060;19960621;1996;6;21;3275000;6885000;12.8;17.8;9;2;18503;9.06
;;;Parkano;1060;19960622;1996;6;22;3275000;6885000;9.4;14;7.1;6;12339;9.85
;;;Parkano;1060;19960623;1996;6;23;3275000;6885000;9.7;14.4;4;0;15997;8.87
;;;Parkano;1060;19960624;1996;6;24;3275000;6885000;12.5;17.4;2.7;0;20662;8.69
;;;Parkano;1060;19960625;1996;6;25;3275000;6885000;14.6;19.5;8;0;21611;9.55
;;;Parkano;1060;19960626;1996;6;26;3275000;6885000;14.7;20.1;8.2;2;22479;11.4
;;;Parkano;1060;19960627;1996;6;27;3275000;6885000;13.9;20;6.6;4;19252;11.6
;;;Parkano;1060;19960628;1996;6;28;3275000;6885000;14.2;19.1;7.8;0;23653;11.22
;;;Parkano;1060;19960629;1996;6;29;3275000;6885000;12.4;15.2;8.3;0;16244;9.66
;;;Parkano;1060;19960630;1996;6;30;3275000;6885000;14;19.3;7.5;0;24838;9.76
;;;Parkano;1060;19960701;1996;7;1;3275000;6885000;15.6;23.1;4.7;0;26433;9.58
;;;Parkano;1060;19960702;1996;7;2;3275000;6885000;16.4;23.4;9.1;6;14741;11.91
;;;Parkano;1060;19960703;1996;7;3;3275000;6885000;13.2;17.1;11.9;10;14227;12.33
;;;Parkano;1060;19960704;1996;7;4;3275000;6885000;10;14.8;5.2;8;9049;11.66
;;;Parkano;1060;19960705;1996;7;5;3275000;6885000;11.2;14;8.3;0;17834;9.72
;;;Parkano;1060;19960706;1996;7;6;3275000;6885000;9.8;15.8;3.1;1;19955;9.74
;;;Parkano;1060;19960707;1996;7;7;3275000;6885000;9.5;10.9;7.7;0;10501;10.03
;;;Parkano;1060;19960708;1996;7;8;3275000;6885000;12.7;17.8;7;0;19223;10.95
;;;Parkano;1060;19960709;1996;7;9;3275000;6885000;18.4;24.6;11.7;0;21757;13.23
;;;Parkano;1060;19960710;1996;7;10;3275000;6885000;18.8;23.4;15.1;0;16899;14.89
;;;Parkano;1060;19960711;1996;7;11;3275000;6885000;19.2;24.6;11.6;0;27137;11.32
;;;Parkano;1060;19960712;1996;7;12;3275000;6885000;15.9;21.6;12.3;2;10736;12.99
;;;Parkano;1060;19960713;1996;7;13;3275000;6885000;17.4;23;13.2;0;18747;12.33
;;;Parkano;1060;19960714;1996;7;14;3275000;6885000;17;21.7;11;0;17462;11.26
;;;Parkano;1060;19960715;1996;7;15;3275000;6885000;16.3;21.4;10.1;0;18794;11.71
;;;Parkano;1060;19960716;1996;7;16;3275000;6885000;16.3;23.5;9.9;0;23548;12.19
;;;Parkano;1060;19960717;1996;7;17;3275000;6885000;15.2;21.6;9.8;8;16551;14.1
;;;Parkano;1060;19960718;1996;7;18;3275000;6885000;14.4;21.6;8;0;19086;13.16
;;;Parkano;1060;19960719;1996;7;19;3275000;6885000;16.4;22.9;8.3;2;19169;14.38
;;;Parkano;1060;19960720;1996;7;20;3275000;6885000;17.6;23.7;9.6;0;18776;14.78
;;;Parkano;1060;19960721;1996;7;21;3275000;6885000;15.5;19;13.6;12;9847;16.57
;;;Parkano;1060;19960722;1996;7;22;3275000;6885000;16.4;21.2;13.1;0;16807;14.98
;;;Parkano;1060;19960723;1996;7;23;3275000;6885000;15.1;19.6;9.6;19;12358;14.91
;;;Parkano;1060;19960724;1996;7;24;3275000;6885000;15.6;18.6;13.8;4;10485;16.62
;;;Parkano;1060;19960725;1996;7;25;3275000;6885000;14.1;17.7;12.3;3;11999;14.19
;;;Parkano;1060;19960726;1996;7;26;3275000;6885000;14.1;18.4;11;0;17490;12.17
;;;Parkano;1060;19960727;1996;7;27;3275000;6885000;13;18.4;7.2;0;16848;11.33
;;;Parkano;1060;19960728;1996;7;28;3275000;6885000;13.7;20;6.2;0;17597;11.16
;;;Parkano;1060;19960729;1996;7;29;3275000;6885000;15.3;22.9;6.4;0;19604;10.92
;;;Parkano;1060;19960730;1996;7;30;3275000;6885000;15;19.1;10.4;0;9026;13.36
;;;Parkano;1060;19960731;1996;7;31;3275000;6885000;15.3;20;12.8;9;12033;14.62
;;;Parkano;1060;19960801;1996;8;1;3275000;6885000;14.8;19.8;10;0;20798;12.27
;;;Parkano;1060;19960802;1996;8;2;3275000;6885000;13.9;19.8;5.7;0;16510;11.95
;;;Parkano;1060;19960803;1996;8;3;3275000;6885000;15.3;19.9;10.4;0;15483;13.02
;;;Parkano;1060;19960804;1996;8;4;3275000;6885000;14.9;18.6;11.5;0;13877;12.57
;;;Parkano;1060;19960805;1996;8;5;3275000;6885000;14.9;22;7.7;0;17650;12.02
;;;Parkano;1060;19960806;1996;8;6;3275000;6885000;14.7;18.9;10.6;0;17335;12.23
;;;Parkano;1060;19960807;1996;8;7;3275000;6885000;13.6;18.3;10;0;12154;12.06
;;;Parkano;1060;19960808;1996;8;8;3275000;6885000;14.4;20;9.1;1;18117;12.61
;;;Parkano;1060;19960809;1996;8;9;3275000;6885000;14.8;17.7;12.6;11;8003;14.96
;;;Parkano;1060;19960810;1996;8;10;3275000;6885000;14.6;15.6;13.6;18;6460;15.9
;;;Parkano;1060;19960811;1996;8;11;3275000;6885000;13.8;17.3;11.2;0;14463;11.79
;;;Parkano;1060;19960812;1996;8;12;3275000;6885000;13.4;15.5;12.4;18;8423;13.66
;;;Parkano;1060;19960813;1996;8;13;3275000;6885000;10.2;12.5;8.6;3;6545;11.48
;;;Parkano;1060;19960814;1996;8;14;3275000;6885000;12.9;19.6;5.6;0;18685;11.12
;;;Parkano;1060;19960815;1996;8;15;3275000;6885000;11.8;15.1;8.7;15;7997;13.15
;;;Parkano;1060;19960816;1996;8;16;3275000;6885000;12.6;14.6;11.7;16;5761;14.28
;;;Parkano;1060;19960817;1996;8;17;3275000;6885000;11.4;13.3;9.4;15;6015;13.11
;;;Parkano;1060;19960818;1996;8;18;3275000;6885000;11.3;14.4;9.7;0;8206;12.09
;;;Parkano;1060;19960819;1996;8;19;3275000;6885000;11.6;16.7;9;0;12118;11.85
;;;Parkano;1060;19960820;1996;8;20;3275000;6885000;11.6;17.1;8;4;9343;11.39
;;;Parkano;1060;19960821;1996;8;21;3275000;6885000;10.6;16;7.8;13;10371;11.4
;;;Parkano;1060;19960822;1996;8;22;3275000;6885000;10.4;12.7;9;10;5296;12.01
;;;Parkano;1060;19960823;1996;8;23;3275000;6885000;10.4;12.8;8.9;2;6303;12.06
;;;Parkano;1060;19960824;1996;8;24;3275000;6885000;10.1;14.5;8.2;0;10445;10.22
;;;Parkano;1060;19960825;1996;8;25;3275000;6885000;8;13.4;3.1;0;12013;8.51
;;;Parkano;1060;19960826;1996;8;26;3275000;6885000;10;13.2;7.1;0;8061;10.45
;;;Parkano;1060;19960827;1996;8;27;3275000;6885000;10.2;13.8;7.5;1;13687;9.92
;;;Parkano;1060;19960828;1996;8;28;3275000;6885000;9;10.4;7.5;0;6758;9.86
;;;Parkano;1060;19960829;1996;8;29;3275000;6885000;8.1;11.2;3.3;0;7338;8.37
;;;Parkano;1060;19960830;1996;8;30;3275000;6885000;8.3;12.6;5.4;0;9408;7.8
;;;Parkano;1060;19960831;1996;8;31;3275000;6885000;8.7;13.7;2.3;0;11129;8.77
;;;Parkano;1060;19960901;1996;9;1;3275000;6885000;9.6;11.5;7.5;11;5293;11.23
;;;Parkano;1060;19960902;1996;9;2;3275000;6885000;7.5;11.2;4.3;0;7837;9.23
;;;Parkano;1060;19960903;1996;9;3;3275000;6885000;6.9;11.4;3.2;0;13109;7.2
;;;Parkano;1060;19960904;1996;9;4;3275000;6885000;5.7;11.7;0.1;1;12012;6.42
;;;Parkano;1060;19960905;1996;9;5;3275000;6885000;8;11.7;3.8;5;6742;9.68
;;;Parkano;1060;19960906;1996;9;6;3275000;6885000;7.8;11.4;6.1;0;10610;8.32
;;;Parkano;1060;19960907;1996;9;7;3275000;6885000;5.6;11.9;-1.3;0;10360;7.55
;;;Parkano;1060;19960908;1996;9;8;3275000;6885000;7.6;12.9;3.4;0;10842;7.83
;;;Parkano;1060;19960909;1996;9;9;3275000;6885000;5.7;12.3;-0.7;0;9946;6.54
;;;Parkano;1060;19960910;1996;9;10;3275000;6885000;5.6;12.9;-1.5;0;9755;6.95
;;;Parkano;1060;19960911;1996;9;11;3275000;6885000;5.9;11.2;2.4;1;8257;8.18
;;;Parkano;1060;19960912;1996;9;12;3275000;6885000;3.8;8.6;-1.5;0;10686;5.9
;;;Parkano;1060;19960913;1996;9;13;3275000;6885000;2.4;8.5;-2.2;0;8459;6.24
;;;Parkano;1060;19960914;1996;9;14;3275000;6885000;2.5;8.5;-2.8;0;10505;5.23
;;;Parkano;1060;19960915;1996;9;15;3275000;6885000;3;7.9;-0.7;0;8306;5.91
;;;Parkano;1060;19960916;1996;9;16;3275000;6885000;2.5;9.7;-3.4;0;11502;5.34
;;;Parkano;1060;19960917;1996;9;17;3275000;6885000;3.3;11.6;-3.9;0;10217;6.06
;;;Parkano;1060;19960918;1996;9;18;3275000;6885000;2;8.3;-2.9;0;7985;5.21
;;;Parkano;1060;19960919;1996;9;19;3275000;6885000;3.9;11.9;-4.4;0;8588;6.66
;;;Parkano;1060;19960920;1996;9;20;3275000;6885000;8.2;10.6;4.6;2;3590;9.5
;;;Parkano;1060;19960921;1996;9;21;3275000;6885000;9.1;11.2;7.5;1;3345;10.64
;;;Parkano;1060;19960922;1996;9;22;3275000;6885000;6.2;10.1;1.9;2;5509;8.27
;;;Parkano;1060;19960923;1996;9;23;3275000;6885000;3.7;7.5;0;0;5535;6.82
;;;Parkano;1060;19960924;1996;9;24;3275000;6885000;1.3;9;-3.8;0;7905;5.63
;;;Parkano;1060;19960925;1996;9;25;3275000;6885000;1.4;7.1;-4.4;0;8832;5.44
;;;Parkano;1060;19960926;1996;9;26;3275000;6885000;3.4;7.3;0.8;0;7265;6.25
;;;Parkano;1060;19960927;1996;9;27;3275000;6885000;3;7.8;-1.6;0;7026;6.69
;;;Parkano;1060;19960928;1996;9;28;3275000;6885000;0.1;6.8;-4.3;0;6420;5.41
;;;Parkano;1060;19960929;1996;9;29;3275000;6885000;2.1;8.4;-3.2;0;5110;6
;;;Parkano;1060;19960930;1996;9;30;3275000;6885000;2.9;8.9;-0.9;0;3866;6.45
;;;Parkano;1060;19961001;1996;10;1;3275000;6885000;1.4;9.3;-3.9;0;8378;5.38
;;;Parkano;1060;19961002;1996;10;2;3275000;6885000;2.4;10;-3.4;0;7513;5.8
;;;Parkano;1060;19961003;1996;10;3;3275000;6885000;5.2;6.7;1.4;6;2350;8.55
;;;Parkano;1060;19961004;1996;10;4;3275000;6885000;9.8;11;6.6;0;2254;11.41
;;;Parkano;1060;19961005;1996;10;5;3275000;6885000;9.8;12.2;7.7;1;3483;11.1
;;;Parkano;1060;19961006;1996;10;6;3275000;6885000;10;12;8.5;1;2843;11.05
;;;Parkano;1060;19961007;1996;10;7;3275000;6885000;8.1;10.2;6.6;11;2256;10.11
;;;Parkano;1060;19961008;1996;10;8;3275000;6885000;4;6.8;2.8;0;2332;7.67
;;;Parkano;1060;19961009;1996;10;9;3275000;6885000;3;3.8;2.2;14;2133;7.49
;;;Parkano;1060;19961010;1996;10;10;3275000;6885000;3.1;4.3;1.7;0;2246;7.41
;;;Parkano;1060;19961011;1996;10;11;3275000;6885000;1.1;3.7;-0.2;14;3187;6.05
;;;Parkano;1060;19961012;1996;10;12;3275000;6885000;5.4;10.7;0.2;7;2212;8.81
;;;Parkano;1060;19961013;1996;10;13;3275000;6885000;0.4;4.3;-2.2;0;5203;4.86
;;;Parkano;1060;19961014;1996;10;14;3275000;6885000;-2.9;2.8;-8;0;5204;4.05
;;;Parkano;1060;19961015;1996;10;15;3275000;6885000;0.1;5.2;-3.5;4;4459;4.92
;;;Parkano;1060;19961016;1996;10;16;3275000;6885000;-0.2;1.9;-1.5;2;2109;5.75
;;;Parkano;1060;19961017;1996;10;17;3275000;6885000;-1.1;3.6;-6.7;0;4721;5.2
;;;Parkano;1060;19961018;1996;10;18;3275000;6885000;5.1;7.2;0.7;1;2009;7.5
;;;Parkano;1060;19961019;1996;10;19;3275000;6885000;3.1;5.9;-0.4;0;2942;6.61
;;;Parkano;1060;19961020;1996;10;20;3275000;6885000;-2.1;0.9;-4.4;0;3436;4.2
;;;Parkano;1060;19961021;1996;10;21;3275000;6885000;-6.5;-0.3;-10.4;0;4243;2.74
;;;Parkano;1060;19961022;1996;10;22;3275000;6885000;-5.7;0.8;-11.3;0;4038;3.37
;;;Parkano;1060;19961023;1996;10;23;3275000;6885000;1.2;5.1;-3.3;0;2409;5.3
;;;Parkano;1060;19961024;1996;10;24;3275000;6885000;0.6;3.4;-1.3;0;3336;4.41
;;;Parkano;1060;19961025;1996;10;25;3275000;6885000;-2;1.4;-4;0;1624;4.68
;;;Parkano;1060;19961026;1996;10;26;3275000;6885000;0.4;6.1;-9;0;1680;6.01
;;;Parkano;1060;19961027;1996;10;27;3275000;6885000;3.6;6.3;0.6;0;3459;4.67
;;;Parkano;1060;19961028;1996;10;28;3275000;6885000;-1.1;3.7;-4;0;2561;4.65
;;;Parkano;1060;19961029;1996;10;29;3275000;6885000;0.3;3.7;-4.5;0;1814;5.91
;;;Parkano;1060;19961030;1996;10;30;3275000;6885000;2;4.3;0.3;0;2716;5.02
;;;Parkano;1060;19961031;1996;10;31;3275000;6885000;2.1;6;-0.4;0;2900;6.5
;;;Parkano;1060;19961101;1996;11;1;3275000;6885000;1.7;2.8;0.5;0;1269;6.61
;;;Parkano;1060;19961102;1996;11;2;3275000;6885000;1.2;2.4;0.4;0;1229;6.42
;;;Parkano;1060;19961103;1996;11;3;3275000;6885000;0.1;1.1;-0.7;0;1567;5.81
;;;Parkano;1060;19961104;1996;11;4;3275000;6885000;-0.3;0.4;-0.6;0;1195;5.62
;;;Parkano;1060;19961105;1996;11;5;3275000;6885000;-0.7;-0.1;-1;0;1128;5.22
;;;Parkano;1060;19961106;1996;11;6;3275000;6885000;-1.9;-0.7;-2.6;0;1102;4.31
;;;Parkano;1060;19961107;1996;11;7;3275000;6885000;-1.1;-0.2;-2.3;0;1074;4.86
;;;Parkano;1060;19961108;1996;11;8;3275000;6885000;-2.4;0;-3;0;1023;4.15
;;;Parkano;1060;19961109;1996;11;9;3275000;6885000;-4.1;-2.5;-5.5;0;1124;3.79
;;;Parkano;1060;19961110;1996;11;10;3275000;6885000;-3;-1.2;-6.1;0;1061;3.96
;;;Parkano;1060;19961111;1996;11;11;3275000;6885000;-5.6;-4;-8.7;0;1147;3.27
;;;Parkano;1060;19961112;1996;11;12;3275000;6885000;-1.6;-0.9;-4.3;0;918;4.98
;;;Parkano;1060;19961113;1996;11;13;3275000;6885000;-3.2;-1.8;-3.9;0;883;4.37
;;;Parkano;1060;19961114;1996;11;14;3275000;6885000;-8.5;-3.8;-11.8;0;1651;2.8
;;;Parkano;1060;19961115;1996;11;15;3275000;6885000;-7.5;-5.7;-10.4;0;1134;3.15
;;;Parkano;1060;19961116;1996;11;16;3275000;6885000;-5;-2.6;-9.6;0;817;4.13
;;;Parkano;1060;19961117;1996;11;17;3275000;6885000;-1.1;-0.2;-2.6;0;790;5.47
;;;Parkano;1060;19961118;1996;11;18;3275000;6885000;-7.4;-0.3;-13.6;0;1045;3.22
;;;Parkano;1060;19961119;1996;11;19;3275000;6885000;-12.2;-9.6;-16.2;0;1249;2.14
;;;Parkano;1060;19961120;1996;11;20;3275000;6885000;-14;-9.5;-17.7;0;1176;1.86
;;;Parkano;1060;19961121;1996;11;21;3275000;6885000;-12;-9;-16.1;0;1188;2.29
;;;Parkano;1060;19961122;1996;11;22;3275000;6885000;-7.8;-4.9;-11.8;0;987;2.74
;;;Parkano;1060;19961123;1996;11;23;3275000;6885000;-3.3;-2.2;-5.2;0;706;4.29
;;;Parkano;1060;19961124;1996;11;24;3275000;6885000;-2.2;-1.7;-2.6;0;636;4.94
;;;Parkano;1060;19961125;1996;11;25;3275000;6885000;-1.8;0;-3.8;0;655;5.03
;;;Parkano;1060;19961126;1996;11;26;3275000;6885000;-2.4;-1.5;-5.1;2;581;5.1
;;;Parkano;1060;19961127;1996;11;27;3275000;6885000;-3.9;-1.2;-6.1;0;838;4.42
;;;Parkano;1060;19961128;1996;11;28;3275000;6885000;-7.6;-4.6;-10.3;0;845;3.16
;;;Parkano;1060;19961129;1996;11;29;3275000;6885000;-6.7;-5.8;-7.3;0;538;3.35
;;;Parkano;1060;19961130;1996;11;30;3275000;6885000;-6.3;-5.5;-7.8;0;532;3.45
;;;Parkano;1060;19961201;1996;12;1;3275000;6885000;-5.8;-4.8;-7.1;1;508;3.51
;;;Parkano;1060;19961202;1996;12;2;3275000;6885000;-7.2;-6.7;-8.2;0;507;3.13
;;;Parkano;1060;19961203;1996;12;3;3275000;6885000;-3.2;0;-7.1;14;478;4.74
;;;Parkano;1060;19961204;1996;12;4;3275000;6885000;0;1.6;-1;0;714;5.72
;;;Parkano;1060;19961205;1996;12;5;3275000;6885000;0;1.3;-1.4;0;618;5.13
;;;Parkano;1060;19961206;1996;12;6;3275000;6885000;0.9;2.5;-3.8;2;445;6.62
;;;Parkano;1060;19961207;1996;12;7;3275000;6885000;1.1;2.7;0;6;432;6.34
;;;Parkano;1060;19961208;1996;12;8;3275000;6885000;-1;0;-2;1;449;5.53
;;;Parkano;1060;19961209;1996;12;9;3275000;6885000;-3.9;-1.8;-5.4;0;433;4.45
;;;Parkano;1060;19961210;1996;12;10;3275000;6885000;-8.9;-4.6;-11.4;0;586;2.96
;;;Parkano;1060;19961211;1996;12;11;3275000;6885000;-7.3;-6.6;-9.1;0;396;3.32
;;;Parkano;1060;19961212;1996;12;12;3275000;6885000;-6.5;-5.8;-7.8;0;401;3.5
;;;Parkano;1060;19961213;1996;12;13;3275000;6885000;-5.9;-4.7;-6.8;0;454;3.8
;;;Parkano;1060;19961214;1996;12;14;3275000;6885000;-5.6;-3.3;-8.3;0;447;3.81
;;;Parkano;1060;19961215;1996;12;15;3275000;6885000;-6.5;-3.5;-7.7;4;393;3.49
;;;Parkano;1060;19961216;1996;12;16;3275000;6885000;-3.4;-0.9;-7;2;372;4.74
;;;Parkano;1060;19961217;1996;12;17;3275000;6885000;-2.2;-0.6;-3.9;5;373;5.06
;;;Parkano;1060;19961218;1996;12;18;3275000;6885000;1.2;3.2;-3.7;12;368;6.72
;;;Parkano;1060;19961219;1996;12;19;3275000;6885000;1.1;3.3;-2;13;368;6.52
;;;Parkano;1060;19961220;1996;12;20;3275000;6885000;-1.3;-1;-2.1;5;372;5.37
;;;Parkano;1060;19961221;1996;12;21;3275000;6885000;-2;-0.9;-4.2;4;473;5.03
;;;Parkano;1060;19961222;1996;12;22;3275000;6885000;-1.3;-0.5;-1.9;1;376;5.48
;;;Parkano;1060;19961223;1996;12;23;3275000;6885000;-4.8;-1.8;-9;0;497;4.3
;;;Parkano;1060;19961224;1996;12;24;3275000;6885000;-6.5;-5;-9.7;0;376;3.59
;;;Parkano;1060;19961225;1996;12;25;3275000;6885000;-14.1;-6.7;-16.8;0;555;1.91
;;;Parkano;1060;19961226;1996;12;26;3275000;6885000;-20.5;-16.5;-24.6;0;552;1.1
;;;Parkano;1060;19961227;1996;12;27;3275000;6885000;-21.3;-18.8;-25.6;1;588;1.09
;;;Parkano;1060;19961228;1996;12;28;3275000;6885000;-8.9;-2.4;-21;1;399;3.28
;;;Parkano;1060;19961229;1996;12;29;3275000;6885000;-1.2;-0.6;-2.4;5;406;5.52
;;;Parkano;1060;19961230;1996;12;30;3275000;6885000;-2.4;-0.6;-3.5;1;413;5.02
;;;Parkano;1060;19961231;1996;12;31;3275000;6885000;-0.6;0.5;-5.5;0;428;5.29
;;;Parkano;1060;19970101;1997;1;1;3275000;6885000;-0.1;0.4;-0.7;0;444;5.24
;;;Parkano;1060;19970102;1997;1;2;3275000;6885000;0.7;1.2;0;0;444;5.92
;;;Parkano;1060;19970103;1997;1;3;3275000;6885000;-2.3;0.5;-3.4;0;699;4.48
;;;Parkano;1060;19970104;1997;1;4;3275000;6885000;-0.8;-0.2;-3.2;3;535;4.52
;;;Parkano;1060;19970105;1997;1;5;3275000;6885000;0.2;1.3;-1.7;4;513;5.98
;;;Parkano;1060;19970106;1997;1;6;3275000;6885000;-1.6;1.5;-6.2;0;526;5.21
;;;Parkano;1060;19970107;1997;1;7;3275000;6885000;-1.3;1.1;-7.1;2;513;5.35
;;;Parkano;1060;19970108;1997;1;8;3275000;6885000;-1.2;0.7;-3;10;744;5.35
;;;Parkano;1060;19970109;1997;1;9;3275000;6885000;0.2;1.6;-0.7;5;815;5.91
;;;Parkano;1060;19970110;1997;1;10;3275000;6885000;0.7;3.8;-1.9;8;571;6.01
;;;Parkano;1060;19970111;1997;1;11;3275000;6885000;-0.5;1;-1.3;0;659;5.26
;;;Parkano;1060;19970112;1997;1;12;3275000;6885000;-2.6;-0.7;-6;0;840;5
;;;Parkano;1060;19970113;1997;1;13;3275000;6885000;-0.2;0.4;-2.7;3;621;6.01
;;;Parkano;1060;19970114;1997;1;14;3275000;6885000;-1.9;0.1;-4;4;1026;4.97
;;;Parkano;1060;19970115;1997;1;15;3275000;6885000;0.4;2;-3.4;0;886;6
;;;Parkano;1060;19970116;1997;1;16;3275000;6885000;-1.1;2.3;-5.3;10;901;5.67
;;;Parkano;1060;19970117;1997;1;17;3275000;6885000;0.8;4.4;-0.7;0;958;5.38
;;;Parkano;1060;19970118;1997;1;18;3275000;6885000;-5.6;0.4;-10.5;0;749;3.61
;;;Parkano;1060;19970119;1997;1;19;3275000;6885000;-5.9;-0.9;-15.3;2;937;4.02
;;;Parkano;1060;19970120;1997;1;20;3275000;6885000;1;1.7;-0.9;2;787;6.16
;;;Parkano;1060;19970121;1997;1;21;3275000;6885000;-0.1;1.4;-1;7;806;5.82
;;;Parkano;1060;19970122;1997;1;22;3275000;6885000;-4.4;0.1;-6.9;0;1374;3.95
;;;Parkano;1060;19970123;1997;1;23;3275000;6885000;-12;-6.8;-17.4;0;1293;2.34
;;;Parkano;1060;19970124;1997;1;24;3275000;6885000;-8.4;-7.2;-10.5;1;879;2.94
;;;Parkano;1060;19970125;1997;1;25;3275000;6885000;-11.5;-8.3;-14.3;0;1607;2.3
;;;Parkano;1060;19970126;1997;1;26;3275000;6885000;-12;-9.4;-17.1;0;1288;2.14
;;;Parkano;1060;19970127;1997;1;27;3275000;6885000;-12.2;-7.4;-17.5;0;1839;2.14
;;;Parkano;1060;19970128;1997;1;28;3275000;6885000;-8.2;-6.9;-13.8;0;1259;3.04
;;;Parkano;1060;19970129;1997;1;29;3275000;6885000;-6.5;-3.7;-11.2;0;1056;3.55
;;;Parkano;1060;19970130;1997;1;30;3275000;6885000;-1.6;0.2;-4.6;0;1315;4.96
;;;Parkano;1060;19970131;1997;1;31;3275000;6885000;3;5.5;-1.3;0;1302;4.73
;;;Parkano;1060;19970201;1997;2;1;3275000;6885000;1.7;5.7;-0.7;0;2267;4.91
;;;Parkano;1060;19970202;1997;2;2;3275000;6885000;0.2;2.6;-2.6;0;1543;5.19
;;;Parkano;1060;19970203;1997;2;3;3275000;6885000;1.5;2.4;0.1;1;1227;6.15
;;;Parkano;1060;19970204;1997;2;4;3275000;6885000;-1.7;0.8;-3;0;2377;3.68
;;;Parkano;1060;19970205;1997;2;5;3275000;6885000;-3;-0.4;-4.6;0;2662;2.69
;;;Parkano;1060;19970206;1997;2;6;3275000;6885000;-5;-1.4;-10.9;1;2162;3.81
;;;Parkano;1060;19970207;1997;2;7;3275000;6885000;2.1;4.9;-2.6;0;2515;5.67
;;;Parkano;1060;19970208;1997;2;8;3275000;6885000;2.9;5;-0.7;1;2358;4.95
;;;Parkano;1060;19970209;1997;2;9;3275000;6885000;-5.5;-0.5;-9.2;1;2749;3.39
;;;Parkano;1060;19970210;1997;2;10;3275000;6885000;-2.5;1.9;-9.6;0;1585;5.1
;;;Parkano;1060;19970211;1997;2;11;3275000;6885000;-0.9;0.9;-2;0;1534;5.67
;;;Parkano;1060;19970212;1997;2;12;3275000;6885000;-0.8;2;-2.9;0;2015;5.49
;;;Parkano;1060;19970213;1997;2;13;3275000;6885000;-0.6;0.8;-2.1;0;1506;5.38
;;;Parkano;1060;19970214;1997;2;14;3275000;6885000;0.1;1;-1;4;1545;5.49
;;;Parkano;1060;19970215;1997;2;15;3275000;6885000;-1.2;0.5;-3.9;0;3642;5.03
;;;Parkano;1060;19970216;1997;2;16;3275000;6885000;-8.7;-3.5;-14.8;0;4013;3.18
;;;Parkano;1060;19970217;1997;2;17;3275000;6885000;-7.6;-4.1;-11.3;0;3889;2.4
;;;Parkano;1060;19970218;1997;2;18;3275000;6885000;-8.8;-7.9;-10;4;1637;2.73
;;;Parkano;1060;19970219;1997;2;19;3275000;6885000;-12.5;-8.5;-14.6;0;3863;1.95
;;;Parkano;1060;19970220;1997;2;20;3275000;6885000;-14.9;-11.1;-19.5;0;4149;1.64
;;;Parkano;1060;19970221;1997;2;21;3275000;6885000;-15;-9.7;-20.5;0;4734;1.68
;;;Parkano;1060;19970222;1997;2;22;3275000;6885000;-12.6;-7.5;-16.8;0;4622;2.17
;;;Parkano;1060;19970223;1997;2;23;3275000;6885000;-7.5;-3.6;-15;1;2056;3.46
;;;Parkano;1060;19970224;1997;2;24;3275000;6885000;-3.9;-2.4;-6.9;0;2056;4.35
;;;Parkano;1060;19970225;1997;2;25;3275000;6885000;-6.1;-2.9;-7.2;0;2488;3.29
;;;Parkano;1060;19970226;1997;2;26;3275000;6885000;-5.4;-3.7;-6.9;1;2509;3.62
;;;Parkano;1060;19970227;1997;2;27;3275000;6885000;-6.1;-2.8;-9.3;0;4432;3.27
;;;Parkano;1060;19970228;1997;2;28;3275000;6885000;-4.3;-2.5;-6.9;0;3049;3.59
;;;Parkano;1060;19970301;1997;3;1;3275000;6885000;-4;0.2;-6.9;0;4549;3.92
;;;Parkano;1060;19970302;1997;3;2;3275000;6885000;-3.8;1.7;-8.8;0;5334;3.98
;;;Parkano;1060;19970303;1997;3;3;3275000;6885000;-2.9;-1.9;-6.8;0;2464;4.65
;;;Parkano;1060;19970304;1997;3;4;3275000;6885000;-2.4;-1.6;-3.5;14;2383;4.81
;;;Parkano;1060;19970305;1997;3;5;3275000;6885000;-2.6;-1.5;-3.8;3;2565;4.7
;;;Parkano;1060;19970306;1997;3;6;3275000;6885000;-6.2;-3.6;-8.7;0;4193;3.56
;;;Parkano;1060;19970307;1997;3;7;3275000;6885000;-4.1;-2.2;-9.4;0;2302;4.14
;;;Parkano;1060;19970308;1997;3;8;3275000;6885000;0.4;1.4;-2.6;0;2749;5.14
;;;Parkano;1060;19970309;1997;3;9;3275000;6885000;-2.8;2.2;-5.3;0;7427;2.42
;;;Parkano;1060;19970310;1997;3;10;3275000;6885000;-6.2;0.8;-16.8;0;3766;3.1
;;;Parkano;1060;19970311;1997;3;11;3275000;6885000;-8;1.2;-11.8;0;4682;2.51
;;;Parkano;1060;19970312;1997;3;12;3275000;6885000;0;5.7;-6.4;0;8356;5.15
;;;Parkano;1060;19970313;1997;3;13;3275000;6885000;2.6;7.7;-1.1;0;9440;6.05
;;;Parkano;1060;19970314;1997;3;14;3275000;6885000;4;10.2;0;0;9776;6.42
;;;Parkano;1060;19970315;1997;3;15;3275000;6885000;2.7;5.8;0.5;0;5031;6.21
;;;Parkano;1060;19970316;1997;3;16;3275000;6885000;-0.6;2;-4.1;2;3459;5.65
;;;Parkano;1060;19970317;1997;3;17;3275000;6885000;0;4.1;-2.6;0;9814;4.7
;;;Parkano;1060;19970318;1997;3;18;3275000;6885000;-1.7;2.7;-6.8;0;9550;4.32
;;;Parkano;1060;19970319;1997;3;19;3275000;6885000;-0.9;2.6;-3.4;0;9878;4.35
;;;Parkano;1060;19970320;1997;3;20;3275000;6885000;2;7.4;-4.2;0;9223;5.78
;;;Parkano;1060;19970321;1997;3;21;3275000;6885000;1.5;6;-0.8;0;11074;5.12
;;;Parkano;1060;19970322;1997;3;22;3275000;6885000;0.4;1.6;-3.1;9;3537;5.87
;;;Parkano;1060;19970323;1997;3;23;3275000;6885000;0.5;4;-1.2;0;8470;5.55
;;;Parkano;1060;19970324;1997;3;24;3275000;6885000;-0.5;3.7;-4.3;0;11434;4.29
;;;Parkano;1060;19970325;1997;3;25;3275000;6885000;-0.8;2.2;-2.6;0;11159;3.82
;;;Parkano;1060;19970326;1997;3;26;3275000;6885000;-2.4;1.8;-7.3;0;11674;3.54
;;;Parkano;1060;19970327;1997;3;27;3275000;6885000;-1.3;1.4;-2.7;0;7430;4.04
;;;Parkano;1060;19970328;1997;3;28;3275000;6885000;-2.7;1.8;-8.6;0;10059;3.73
;;;Parkano;1060;19970329;1997;3;29;3275000;6885000;-1.2;-0.1;-2.6;2;4665;4.8
;;;Parkano;1060;19970330;1997;3;30;3275000;6885000;1.5;3.6;-0.4;0;4232;6.64
;;;Parkano;1060;19970331;1997;3;31;3275000;6885000;1.2;3.3;0.1;0;5424;6.08
;;;Parkano;1060;19970401;1997;4;1;3275000;6885000;0.1;1.7;-2.5;0;4574;5.73
;;;Parkano;1060;19970402;1997;4;2;3275000;6885000;0.8;2.5;-0.6;0;4717;5.67
;;;Parkano;1060;19970403;1997;4;3;3275000;6885000;-0.1;4.5;-4.5;0;14804;4.11
;;;Parkano;1060;19970404;1997;4;4;3275000;6885000;-1.1;2.9;-5.5;1;7180;4.74
;;;Parkano;1060;19970405;1997;4;5;3275000;6885000;0.4;2;-0.6;0;4937;5.9
;;;Parkano;1060;19970406;1997;4;6;3275000;6885000;0.9;2.9;-0.1;2;5019;6.02
;;;Parkano;1060;19970407;1997;4;7;3275000;6885000;-2.5;0.7;-5.5;0;16579;2.59
;;;Parkano;1060;19970408;1997;4;8;3275000;6885000;-4.4;0.9;-10.4;0;16964;1.94
;;;Parkano;1060;19970409;1997;4;9;3275000;6885000;-2.9;3.5;-10.8;0;17179;2.09
;;;Parkano;1060;19970410;1997;4;10;3275000;6885000;-0.8;5.4;-7.4;0;17560;3.07
;;;Parkano;1060;19970411;1997;4;11;3275000;6885000;-0.3;6.7;-7.8;0;18008;2.84
;;;Parkano;1060;19970412;1997;4;12;3275000;6885000;0.8;7.8;-7.1;0;17978;3.28
;;;Parkano;1060;19970413;1997;4;13;3275000;6885000;0.2;5.5;-4;0;18110;3.19
;;;Parkano;1060;19970414;1997;4;14;3275000;6885000;-0.6;6;-7.7;0;17962;3
;;;Parkano;1060;19970415;1997;4;15;3275000;6885000;0.9;6.6;-6.2;0;15409;3.88
;;;Parkano;1060;19970416;1997;4;16;3275000;6885000;2;3.9;-0.1;8;5513;6
;;;Parkano;1060;19970417;1997;4;17;3275000;6885000;2.5;5.8;0.4;0;9574;5.94
;;;Parkano;1060;19970418;1997;4;18;3275000;6885000;-1.5;2;-3.6;0;9506;3.87
;;;Parkano;1060;19970419;1997;4;19;3275000;6885000;-1.3;3.5;-6.1;0;19727;2.72
;;;Parkano;1060;19970420;1997;4;20;3275000;6885000;-1.9;2.5;-6.4;9;4945;4.64
;;;Parkano;1060;19970421;1997;4;21;3275000;6885000;3.8;8;0.1;2;7557;7.29
;;;Parkano;1060;19970422;1997;4;22;3275000;6885000;6.9;14.1;1;0;19491;7
;;;Parkano;1060;19970423;1997;4;23;3275000;6885000;8.2;11.4;5.8;0;7610;8.88
;;;Parkano;1060;19970424;1997;4;24;3275000;6885000;10.1;18;1.9;0;18885;8.37
;;;Parkano;1060;19970425;1997;4;25;3275000;6885000;10.5;16.3;5.9;0;13520;9.33
;;;Parkano;1060;19970426;1997;4;26;3275000;6885000;12.4;21.7;2.4;0;20979;9.04
;;;Parkano;1060;19970427;1997;4;27;3275000;6885000;7.5;15.5;3.2;0;19344;6.09
;;;Parkano;1060;19970428;1997;4;28;3275000;6885000;7;15.1;-2.4;0;21288;5.32
;;;Parkano;1060;19970429;1997;4;29;3275000;6885000;10.7;19.5;0.7;0;22394;6.02
;;;Parkano;1060;19970430;1997;4;30;3275000;6885000;12;21.2;0;0;22826;5.86
;;;Parkano;1060;19970501;1997;5;1;3275000;6885000;13.8;22.1;3.4;0;20416;7.39
;;;Parkano;1060;19970502;1997;5;2;3275000;6885000;12.9;21.5;5;0;18541;8.55
;;;Parkano;1060;19970503;1997;5;3;3275000;6885000;12;19.1;5.1;0;14861;10.06
;;;Parkano;1060;19970504;1997;5;4;3275000;6885000;9.6;16.4;0;0;21939;7.13
;;;Parkano;1060;19970505;1997;5;5;3275000;6885000;13.3;23.4;5.4;1;16749;10.23
;;;Parkano;1060;19970506;1997;5;6;3275000;6885000;16;24.7;9.8;0;19846;11.92
;;;Parkano;1060;19970507;1997;5;7;3275000;6885000;14;22.9;6.4;0;21155;9.52
;;;Parkano;1060;19970508;1997;5;8;3275000;6885000;8.8;15.2;0.5;0;22016;8.35
;;;Parkano;1060;19970509;1997;5;9;3275000;6885000;10.6;17.8;0.6;0;22562;6.96
;;;Parkano;1060;19970510;1997;5;10;3275000;6885000;11.5;19.4;1.5;0;24790;6.13
;;;Parkano;1060;19970511;1997;5;11;3275000;6885000;10.1;16;2.3;0;23733;7.21
;;;Parkano;1060;19970512;1997;5;12;3275000;6885000;11.7;20.6;2.6;0;23660;7.89
;;;Parkano;1060;19970513;1997;5;13;3275000;6885000;14.6;23;6.2;0;17371;10
;;;Parkano;1060;19970514;1997;5;14;3275000;6885000;19.2;26.2;9.7;0;19939;8.78
;;;Parkano;1060;19970515;1997;5;15;3275000;6885000;16.2;22.5;12.2;0;15224;12.16
;;;Parkano;1060;19970516;1997;5;16;3275000;6885000;12.5;17;9;0;23804;7.93
;;;Parkano;1060;19970517;1997;5;17;3275000;6885000;13.8;21.6;4.5;0;25793;8.23
;;;Parkano;1060;19970518;1997;5;18;3275000;6885000;15.7;24.9;2.3;0;26194;7.12
;;;Parkano;1060;19970519;1997;5;19;3275000;6885000;17.9;26.7;5;0;26687;8.63
;;;Parkano;1060;19970520;1997;5;20;3275000;6885000;17.7;23.9;9.5;0;24894;11.05
;;;Parkano;1060;19970521;1997;5;21;3275000;6885000;12.5;21.2;8.8;0;16802;9.2
;;;Parkano;1060;19970522;1997;5;22;3275000;6885000;13.6;20.6;5;0;24596;8.46
;;;Parkano;1060;19970523;1997;5;23;3275000;6885000;11.7;19.8;3.2;0;26059;6.44
;;;Parkano;1060;19970524;1997;5;24;3275000;6885000;5.7;12.3;0.7;0;19294;5.47
;;;Parkano;1060;19970525;1997;5;25;3275000;6885000;5.4;8.5;1.6;0;12663;5.74
;;;Parkano;1060;19970526;1997;5;26;3275000;6885000;5.8;8.9;1.8;0;12614;6.38
;;;Parkano;1060;19970527;1997;5;27;3275000;6885000;6.3;11.5;-1.2;1;17110;4.95
;;;Parkano;1060;19970528;1997;5;28;3275000;6885000;7.6;15.3;0.7;0;14102;8.17
;;;Parkano;1060;19970529;1997;5;29;3275000;6885000;8.1;12.5;4.2;0;19782;7.17
;;;Parkano;1060;19970530;1997;5;30;3275000;6885000;12.1;17.1;5.4;0;18050;8.56
;;;Parkano;1060;19970531;1997;5;31;3275000;6885000;12;16.5;9.1;7;14412;11.34
;;;Parkano;1060;19970601;1997;6;1;3275000;6885000;10.8;13.8;7.3;6;11240;11.62
;;;Parkano;1060;19970602;1997;6;2;3275000;6885000;7.3;11;4.5;5;13519;8.74
;;;Parkano;1060;19970603;1997;6;3;3275000;6885000;6.2;9;4.2;0;9813;8.33
;;;Parkano;1060;19970604;1997;6;4;3275000;6885000;9.3;15.2;1.5;4;17789;7.98
;;;Parkano;1060;19970605;1997;6;5;3275000;6885000;9;12.7;6.8;0;11325;9.93
;;;Parkano;1060;19970606;1997;6;6;3275000;6885000;7.9;11.3;3.2;0;15515;7.87
;;;Parkano;1060;19970607;1997;6;7;3275000;6885000;8.1;11.1;5.5;0;13366;7.01
;;;Parkano;1060;19970608;1997;6;8;3275000;6885000;10.3;16.9;1;0;26521;6.39
;;;Parkano;1060;19970609;1997;6;9;3275000;6885000;9.6;15.1;2.8;0;14394;7.16
;;;Parkano;1060;19970610;1997;6;10;3275000;6885000;8.3;12.7;1.3;0;17945;6.66
;;;Parkano;1060;19970611;1997;6;11;3275000;6885000;9;14.3;1.3;0;20969;6.33
;;;Parkano;1060;19970612;1997;6;12;3275000;6885000;7.9;12.7;3;3;11664;7.75
;;;Parkano;1060;19970613;1997;6;13;3275000;6885000;9.9;14.1;5.9;0;18690;7.69
;;;Parkano;1060;19970614;1997;6;14;3275000;6885000;10;16.1;0.1;1;25406;6.44
;;;Parkano;1060;19970615;1997;6;15;3275000;6885000;9.2;14.1;6.1;1;14916;8.32
;;;Parkano;1060;19970616;1997;6;16;3275000;6885000;8.9;15.1;-0.1;26;17793;9.34
;;;Parkano;1060;19970617;1997;6;17;3275000;6885000;10.7;14.1;7.4;0;20099;8.81
;;;Parkano;1060;19970618;1997;6;18;3275000;6885000;12.6;17.6;5.3;0;26243;7.33
;;;Parkano;1060;19970619;1997;6;19;3275000;6885000;13.2;20;2.6;0;23548;7.55
;;;Parkano;1060;19970620;1997;6;20;3275000;6885000;14.3;20.1;7.3;0;17625;8.91
;;;Parkano;1060;19970621;1997;6;21;3275000;6885000;12.8;17.8;9;2;18503;9.06
;;;Parkano;1060;19970622;1997;6;22;3275000;6885000;9.4;14;7.1;6;12339;9.85
;;;Parkano;1060;19970623;1997;6;23;3275000;6885000;9.7;14.4;4;0;15997;8.87
;;;Parkano;1060;19970624;1997;6;24;3275000;6885000;12.5;17.4;2.7;0;20662;8.69
;;;Parkano;1060;19970625;1997;6;25;3275000;6885000;14.6;19.5;8;0;21611;9.55
;;;Parkano;1060;19970626;1997;6;26;3275000;6885000;14.7;20.1;8.2;2;22479;11.4
;;;Parkano;1060;19970627;1997;6;27;3275000;6885000;13.9;20;6.6;4;19252;11.6
;;;Parkano;1060;19970628;1997;6;28;3275000;6885000;14.2;19.1;7.8;0;23653;11.22
;;;Parkano;1060;19970629;1997;6;29;3275000;6885000;12.4;15.2;8.3;0;16244;9.66
;;;Parkano;1060;19970630;1997;6;30;3275000;6885000;14;19.3;7.5;0;24838;9.76
;;;Parkano;1060;19970701;1997;7;1;3275000;6885000;15.6;23.1;4.7;0;26433;9.58
;;;Parkano;1060;19970702;1997;7;2;3275000;6885000;16.4;23.4;9.1;6;14741;11.91
;;;Parkano;1060;19970703;1997;7;3;3275000;6885000;13.2;17.1;11.9;10;14227;12.33
;;;Parkano;1060;19970704;1997;7;4;3275000;6885000;10;14.8;5.2;8;9049;11.66
;;;Parkano;1060;19970705;1997;7;5;3275000;6885000;11.2;14;8.3;0;17834;9.72
;;;Parkano;1060;19970706;1997;7;6;3275000;6885000;9.8;15.8;3.1;1;19955;9.74
;;;Parkano;1060;19970707;1997;7;7;3275000;6885000;9.5;10.9;7.7;0;10501;10.03
;;;Parkano;1060;19970708;1997;7;8;3275000;6885000;12.7;17.8;7;0;19223;10.95
;;;Parkano;1060;19970709;1997;7;9;3275000;6885000;18.4;24.6;11.7;0;21757;13.23
;;;Parkano;1060;19970710;1997;7;10;3275000;6885000;18.8;23.4;15.1;0;16899;14.89
;;;Parkano;1060;19970711;1997;7;11;3275000;6885000;19.2;24.6;11.6;0;27137;11.32
;;;Parkano;1060;19970712;1997;7;12;3275000;6885000;15.9;21.6;12.3;2;10736;12.99
;;;Parkano;1060;19970713;1997;7;13;3275000;6885000;17.4;23;13.2;0;18747;12.33
;;;Parkano;1060;19970714;1997;7;14;3275000;6885000;17;21.7;11;0;17462;11.26
;;;Parkano;1060;19970715;1997;7;15;3275000;6885000;16.3;21.4;10.1;0;18794;11.71
;;;Parkano;1060;19970716;1997;7;16;3275000;6885000;16.3;23.5;9.9;0;23548;12.19
;;;Parkano;1060;19970717;1997;7;17;3275000;6885000;15.2;21.6;9.8;8;16551;14.1
;;;Parkano;1060;19970718;1997;7;18;3275000;6885000;14.4;21.6;8;0;19086;13.16
;;;Parkano;1060;19970719;1997;7;19;3275000;6885000;16.4;22.9;8.3;2;19169;14.38
;;;Parkano;1060;19970720;1997;7;20;3275000;6885000;17.6;23.7;9.6;0;18776;14.78
;;;Parkano;1060;19970721;1997;7;21;3275000;6885000;15.5;19;13.6;12;9847;16.57
;;;Parkano;1060;19970722;1997;7;22;3275000;6885000;16.4;21.2;13.1;0;16807;14.98
;;;Parkano;1060;19970723;1997;7;23;3275000;6885000;15.1;19.6;9.6;19;12358;14.91
;;;Parkano;1060;19970724;1997;7;24;3275000;6885000;15.6;18.6;13.8;4;10485;16.62
;;;Parkano;1060;19970725;1997;7;25;3275000;6885000;14.1;17.7;12.3;3;11999;14.19
;;;Parkano;1060;19970726;1997;7;26;3275000;6885000;14.1;18.4;11;0;17490;12.17
;;;Parkano;1060;19970727;1997;7;27;3275000;6885000;13;18.4;7.2;0;16848;11.33
;;;Parkano;1060;19970728;1997;7;28;3275000;6885000;13.7;20;6.2;0;17597;11.16
;;;Parkano;1060;19970729;1997;7;29;3275000;6885000;15.3;22.9;6.4;0;19604;10.92
;;;Parkano;1060;19970730;1997;7;30;3275000;6885000;15;19.1;10.4;0;9026;13.36
;;;Parkano;1060;19970731;1997;7;31;3275000;6885000;15.3;20;12.8;9;12033;14.62
;;;Parkano;1060;19970801;1997;8;1;3275000;6885000;14.8;19.8;10;0;20798;12.27
;;;Parkano;1060;19970802;1997;8;2;3275000;6885000;13.9;19.8;5.7;0;16510;11.95
;;;Parkano;1060;19970803;1997;8;3;3275000;6885000;15.3;19.9;10.4;0;15483;13.02
;;;Parkano;1060;19970804;1997;8;4;3275000;6885000;14.9;18.6;11.5;0;13877;12.57
;;;Parkano;1060;19970805;1997;8;5;3275000;6885000;14.9;22;7.7;0;17650;12.02
;;;Parkano;1060;19970806;1997;8;6;3275000;6885000;14.7;18.9;10.6;0;17335;12.23
;;;Parkano;1060;19970807;1997;8;7;3275000;6885000;13.6;18.3;10;0;12154;12.06
;;;Parkano;1060;19970808;1997;8;8;3275000;6885000;14.4;20;9.1;1;18117;12.61
;;;Parkano;1060;19970809;1997;8;9;3275000;6885000;14.8;17.7;12.6;11;8003;14.96
;;;Parkano;1060;19970810;1997;8;10;3275000;6885000;14.6;15.6;13.6;18;6460;15.9
;;;Parkano;1060;19970811;1997;8;11;3275000;6885000;13.8;17.3;11.2;0;14463;11.79
;;;Parkano;1060;19970812;1997;8;12;3275000;6885000;13.4;15.5;12.4;18;8423;13.66
;;;Parkano;1060;19970813;1997;8;13;3275000;6885000;10.2;12.5;8.6;3;6545;11.48
;;;Parkano;1060;19970814;1997;8;14;3275000;6885000;12.9;19.6;5.6;0;18685;11.12
;;;Parkano;1060;19970815;1997;8;15;3275000;6885000;11.8;15.1;8.7;15;7997;13.15
;;;Parkano;1060;19970816;1997;8;16;3275000;6885000;12.6;14.6;11.7;16;5761;14.28
;;;Parkano;1060;19970817;1997;8;17;3275000;6885000;11.4;13.3;9.4;15;6015;13.11
;;;Parkano;1060;19970818;1997;8;18;3275000;6885000;11.3;14.4;9.7;0;8206;12.09
;;;Parkano;1060;19970819;1997;8;19;3275000;6885000;11.6;16.7;9;0;12118;11.85
;;;Parkano;1060;19970820;1997;8;20;3275000;6885000;11.6;17.1;8;4;9343;11.39
;;;Parkano;1060;19970821;1997;8;21;3275000;6885000;10.6;16;7.8;13;10371;11.4
;;;Parkano;1060;19970822;1997;8;22;3275000;6885000;10.4;12.7;9;10;5296;12.01
;;;Parkano;1060;19970823;1997;8;23;3275000;6885000;10.4;12.8;8.9;2;6303;12.06
;;;Parkano;1060;19970824;1997;8;24;3275000;6885000;10.1;14.5;8.2;0;10445;10.22
;;;Parkano;1060;19970825;1997;8;25;3275000;6885000;8;13.4;3.1;0;12013;8.51
;;;Parkano;1060;19970826;1997;8;26;3275000;6885000;10;13.2;7.1;0;8061;10.45
;;;Parkano;1060;19970827;1997;8;27;3275000;6885000;10.2;13.8;7.5;1;13687;9.92
;;;Parkano;1060;19970828;1997;8;28;3275000;6885000;9;10.4;7.5;0;6758;9.86
;;;Parkano;1060;19970829;1997;8;29;3275000;6885000;8.1;11.2;3.3;0;7338;8.37
;;;Parkano;1060;19970830;1997;8;30;3275000;6885000;8.3;12.6;5.4;0;9408;7.8
;;;Parkano;1060;19970831;1997;8;31;3275000;6885000;8.7;13.7;2.3;0;11129;8.77
;;;Parkano;1060;19970901;1997;9;1;3275000;6885000;9.6;11.5;7.5;11;5293;11.23
;;;Parkano;1060;19970902;1997;9;2;3275000;6885000;7.5;11.2;4.3;0;7837;9.23
;;;Parkano;1060;19970903;1997;9;3;3275000;6885000;6.9;11.4;3.2;0;13109;7.2
;;;Parkano;1060;19970904;1997;9;4;3275000;6885000;5.7;11.7;0.1;1;12012;6.42
;;;Parkano;1060;19970905;1997;9;5;3275000;6885000;8;11.7;3.8;5;6742;9.68
;;;Parkano;1060;19970906;1997;9;6;3275000;6885000;7.8;11.4;6.1;0;10610;8.32
;;;Parkano;1060;19970907;1997;9;7;3275000;6885000;5.6;11.9;-1.3;0;10360;7.55
;;;Parkano;1060;19970908;1997;9;8;3275000;6885000;7.6;12.9;3.4;0;10842;7.83
;;;Parkano;1060;19970909;1997;9;9;3275000;6885000;5.7;12.3;-0.7;0;9946;6.54
;;;Parkano;1060;19970910;1997;9;10;3275000;6885000;5.6;12.9;-1.5;0;9755;6.95
;;;Parkano;1060;19970911;1997;9;11;3275000;6885000;5.9;11.2;2.4;1;8257;8.18
;;;Parkano;1060;19970912;1997;9;12;3275000;6885000;3.8;8.6;-1.5;0;10686;5.9
;;;Parkano;1060;19970913;1997;9;13;3275000;6885000;2.4;8.5;-2.2;0;8459;6.24
;;;Parkano;1060;19970914;1997;9;14;3275000;6885000;2.5;8.5;-2.8;0;10505;5.23
;;;Parkano;1060;19970915;1997;9;15;3275000;6885000;3;7.9;-0.7;0;8306;5.91
;;;Parkano;1060;19970916;1997;9;16;3275000;6885000;2.5;9.7;-3.4;0;11502;5.34
;;;Parkano;1060;19970917;1997;9;17;3275000;6885000;3.3;11.6;-3.9;0;10217;6.06
;;;Parkano;1060;19970918;1997;9;18;3275000;6885000;2;8.3;-2.9;0;7985;5.21
;;;Parkano;1060;19970919;1997;9;19;3275000;6885000;3.9;11.9;-4.4;0;8588;6.66
;;;Parkano;1060;19970920;1997;9;20;3275000;6885000;8.2;10.6;4.6;2;3590;9.5
;;;Parkano;1060;19970921;1997;9;21;3275000;6885000;9.1;11.2;7.5;1;3345;10.64
;;;Parkano;1060;19970922;1997;9;22;3275000;6885000;6.2;10.1;1.9;2;5509;8.27
;;;Parkano;1060;19970923;1997;9;23;3275000;6885000;3.7;7.5;0;0;5535;6.82
;;;Parkano;1060;19970924;1997;9;24;3275000;6885000;1.3;9;-3.8;0;7905;5.63
;;;Parkano;1060;19970925;1997;9;25;3275000;6885000;1.4;7.1;-4.4;0;8832;5.44
;;;Parkano;1060;19970926;1997;9;26;3275000;6885000;3.4;7.3;0.8;0;7265;6.25
;;;Parkano;1060;19970927;1997;9;27;3275000;6885000;3;7.8;-1.6;0;7026;6.69
;;;Parkano;1060;19970928;1997;9;28;3275000;6885000;0.1;6.8;-4.3;0;6420;5.41
;;;Parkano;1060;19970929;1997;9;29;3275000;6885000;2.1;8.4;-3.2;0;5110;6
;;;Parkano;1060;19970930;1997;9;30;3275000;6885000;2.9;8.9;-0.9;0;3866;6.45
;;;Parkano;1060;19971001;1997;10;1;3275000;6885000;1.4;9.3;-3.9;0;8378;5.38
;;;Parkano;1060;19971002;1997;10;2;3275000;6885000;2.4;10;-3.4;0;7513;5.8
;;;Parkano;1060;19971003;1997;10;3;3275000;6885000;5.2;6.7;1.4;6;2350;8.55
;;;Parkano;1060;19971004;1997;10;4;3275000;6885000;9.8;11;6.6;0;2254;11.41
;;;Parkano;1060;19971005;1997;10;5;3275000;6885000;9.8;12.2;7.7;1;3483;11.1
;;;Parkano;1060;19971006;1997;10;6;3275000;6885000;10;12;8.5;1;2843;11.05
;;;Parkano;1060;19971007;1997;10;7;3275000;6885000;8.1;10.2;6.6;11;2256;10.11
;;;Parkano;1060;19971008;1997;10;8;3275000;6885000;4;6.8;2.8;0;2332;7.67
;;;Parkano;1060;19971009;1997;10;9;3275000;6885000;3;3.8;2.2;14;2133;7.49
;;;Parkano;1060;19971010;1997;10;10;3275000;6885000;3.1;4.3;1.7;0;2246;7.41
;;;Parkano;1060;19971011;1997;10;11;3275000;6885000;1.1;3.7;-0.2;14;3187;6.05
;;;Parkano;1060;19971012;1997;10;12;3275000;6885000;5.4;10.7;0.2;7;2212;8.81
;;;Parkano;1060;19971013;1997;10;13;3275000;6885000;0.4;4.3;-2.2;0;5203;4.86
;;;Parkano;1060;19971014;1997;10;14;3275000;6885000;-2.9;2.8;-8;0;5204;4.05
;;;Parkano;1060;19971015;1997;10;15;3275000;6885000;0.1;5.2;-3.5;4;4459;4.92
;;;Parkano;1060;19971016;1997;10;16;3275000;6885000;-0.2;1.9;-1.5;2;2109;5.75
;;;Parkano;1060;19971017;1997;10;17;3275000;6885000;-1.1;3.6;-6.7;0;4721;5.2
;;;Parkano;1060;19971018;1997;10;18;3275000;6885000;5.1;7.2;0.7;1;2009;7.5
;;;Parkano;1060;19971019;1997;10;19;3275000;6885000;3.1;5.9;-0.4;0;2942;6.61
;;;Parkano;1060;19971020;1997;10;20;3275000;6885000;-2.1;0.9;-4.4;0;3436;4.2
;;;Parkano;1060;19971021;1997;10;21;3275000;6885000;-6.5;-0.3;-10.4;0;4243;2.74
;;;Parkano;1060;19971022;1997;10;22;3275000;6885000;-5.7;0.8;-11.3;0;4038;3.37
;;;Parkano;1060;19971023;1997;10;23;3275000;6885000;1.2;5.1;-3.3;0;2409;5.3
;;;Parkano;1060;19971024;1997;10;24;3275000;6885000;0.6;3.4;-1.3;0;3336;4.41
;;;Parkano;1060;19971025;1997;10;25;3275000;6885000;-2;1.4;-4;0;1624;4.68
;;;Parkano;1060;19971026;1997;10;26;3275000;6885000;0.4;6.1;-9;0;1680;6.01
;;;Parkano;1060;19971027;1997;10;27;3275000;6885000;3.6;6.3;0.6;0;3459;4.67
;;;Parkano;1060;19971028;1997;10;28;3275000;6885000;-1.1;3.7;-4;0;2561;4.65
;;;Parkano;1060;19971029;1997;10;29;3275000;6885000;0.3;3.7;-4.5;0;1814;5.91
;;;Parkano;1060;19971030;1997;10;30;3275000;6885000;2;4.3;0.3;0;2716;5.02
;;;Parkano;1060;19971031;1997;10;31;3275000;6885000;2.1;6;-0.4;0;2900;6.5
;;;Parkano;1060;19971101;1997;11;1;3275000;6885000;1.7;2.8;0.5;0;1269;6.61
;;;Parkano;1060;19971102;1997;11;2;3275000;6885000;1.2;2.4;0.4;0;1229;6.42
;;;Parkano;1060;19971103;1997;11;3;3275000;6885000;0.1;1.1;-0.7;0;1567;5.81
;;;Parkano;1060;19971104;1997;11;4;3275000;6885000;-0.3;0.4;-0.6;0;1195;5.62
;;;Parkano;1060;19971105;1997;11;5;3275000;6885000;-0.7;-0.1;-1;0;1128;5.22
;;;Parkano;1060;19971106;1997;11;6;3275000;6885000;-1.9;-0.7;-2.6;0;1102;4.31
;;;Parkano;1060;19971107;1997;11;7;3275000;6885000;-1.1;-0.2;-2.3;0;1074;4.86
;;;Parkano;1060;19971108;1997;11;8;3275000;6885000;-2.4;0;-3;0;1023;4.15
;;;Parkano;1060;19971109;1997;11;9;3275000;6885000;-4.1;-2.5;-5.5;0;1124;3.79
;;;Parkano;1060;19971110;1997;11;10;3275000;6885000;-3;-1.2;-6.1;0;1061;3.96
;;;Parkano;1060;19971111;1997;11;11;3275000;6885000;-5.6;-4;-8.7;0;1147;3.27
;;;Parkano;1060;19971112;1997;11;12;3275000;6885000;-1.6;-0.9;-4.3;0;918;4.98
;;;Parkano;1060;19971113;1997;11;13;3275000;6885000;-3.2;-1.8;-3.9;0;883;4.37
;;;Parkano;1060;19971114;1997;11;14;3275000;6885000;-8.5;-3.8;-11.8;0;1651;2.8
;;;Parkano;1060;19971115;1997;11;15;3275000;6885000;-7.5;-5.7;-10.4;0;1134;3.15
;;;Parkano;1060;19971116;1997;11;16;3275000;6885000;-5;-2.6;-9.6;0;817;4.13
;;;Parkano;1060;19971117;1997;11;17;3275000;6885000;-1.1;-0.2;-2.6;0;790;5.47
;;;Parkano;1060;19971118;1997;11;18;3275000;6885000;-7.4;-0.3;-13.6;0;1045;3.22
;;;Parkano;1060;19971119;1997;11;19;3275000;6885000;-12.2;-9.6;-16.2;0;1249;2.14
;;;Parkano;1060;19971120;1997;11;20;3275000;6885000;-14;-9.5;-17.7;0;1176;1.86
;;;Parkano;1060;19971121;1997;11;21;3275000;6885000;-12;-9;-16.1;0;1188;2.29
;;;Parkano;1060;19971122;1997;11;22;3275000;6885000;-7.8;-4.9;-11.8;0;987;2.74
;;;Parkano;1060;19971123;1997;11;23;3275000;6885000;-3.3;-2.2;-5.2;0;706;4.29
;;;Parkano;1060;19971124;1997;11;24;3275000;6885000;-2.2;-1.7;-2.6;0;636;4.94
;;;Parkano;1060;19971125;1997;11;25;3275000;6885000;-1.8;0;-3.8;0;655;5.03
;;;Parkano;1060;19971126;1997;11;26;3275000;6885000;-2.4;-1.5;-5.1;2;581;5.1
;;;Parkano;1060;19971127;1997;11;27;3275000;6885000;-3.9;-1.2;-6.1;0;838;4.42
;;;Parkano;1060;19971128;1997;11;28;3275000;6885000;-7.6;-4.6;-10.3;0;845;3.16
;;;Parkano;1060;19971129;1997;11;29;3275000;6885000;-6.7;-5.8;-7.3;0;538;3.35
;;;Parkano;1060;19971130;1997;11;30;3275000;6885000;-6.3;-5.5;-7.8;0;532;3.45
;;;Parkano;1060;19971201;1997;12;1;3275000;6885000;-5.8;-4.8;-7.1;1;508;3.51
;;;Parkano;1060;19971202;1997;12;2;3275000;6885000;-7.2;-6.7;-8.2;0;507;3.13
;;;Parkano;1060;19971203;1997;12;3;3275000;6885000;-3.2;0;-7.1;14;478;4.74
;;;Parkano;1060;19971204;1997;12;4;3275000;6885000;0;1.6;-1;0;714;5.72
;;;Parkano;1060;19971205;1997;12;5;3275000;6885000;0;1.3;-1.4;0;618;5.13
;;;Parkano;1060;19971206;1997;12;6;3275000;6885000;0.9;2.5;-3.8;2;445;6.62
;;;Parkano;1060;19971207;1997;12;7;3275000;6885000;1.1;2.7;0;6;432;6.34
;;;Parkano;1060;19971208;1997;12;8;3275000;6885000;-1;0;-2;1;449;5.53
;;;Parkano;1060;19971209;1997;12;9;3275000;6885000;-3.9;-1.8;-5.4;0;433;4.45
;;;Parkano;1060;19971210;1997;12;10;3275000;6885000;-8.9;-4.6;-11.4;0;586;2.96
;;;Parkano;1060;19971211;1997;12;11;3275000;6885000;-7.3;-6.6;-9.1;0;396;3.32
;;;Parkano;1060;19971212;1997;12;12;3275000;6885000;-6.5;-5.8;-7.8;0;401;3.5
;;;Parkano;1060;19971213;1997;12;13;3275000;6885000;-5.9;-4.7;-6.8;0;454;3.8
;;;Parkano;1060;19971214;1997;12;14;3275000;6885000;-5.6;-3.3;-8.3;0;447;3.81
;;;Parkano;1060;19971215;1997;12;15;3275000;6885000;-6.5;-3.5;-7.7;4;393;3.49
;;;Parkano;1060;19971216;1997;12;16;3275000;6885000;-3.4;-0.9;-7;2;372;4.74
;;;Parkano;1060;19971217;1997;12;17;3275000;6885000;-2.2;-0.6;-3.9;5;373;5.06
;;;Parkano;1060;19971218;1997;12;18;3275000;6885000;1.2;3.2;-3.7;12;368;6.72
;;;Parkano;1060;19971219;1997;12;19;3275000;6885000;1.1;3.3;-2;13;368;6.52
;;;Parkano;1060;19971220;1997;12;20;3275000;6885000;-1.3;-1;-2.1;5;372;5.37
;;;Parkano;1060;19971221;1997;12;21;3275000;6885000;-2;-0.9;-4.2;4;473;5.03
;;;Parkano;1060;19971222;1997;12;22;3275000;6885000;-1.3;-0.5;-1.9;1;376;5.48
;;;Parkano;1060;19971223;1997;12;23;3275000;6885000;-4.8;-1.8;-9;0;497;4.3
;;;Parkano;1060;19971224;1997;12;24;3275000;6885000;-6.5;-5;-9.7;0;376;3.59
;;;Parkano;1060;19971225;1997;12;25;3275000;6885000;-14.1;-6.7;-16.8;0;555;1.91
;;;Parkano;1060;19971226;1997;12;26;3275000;6885000;-20.5;-16.5;-24.6;0;552;1.1
;;;Parkano;1060;19971227;1997;12;27;3275000;6885000;-21.3;-18.8;-25.6;1;588;1.09
;;;Parkano;1060;19971228;1997;12;28;3275000;6885000;-8.9;-2.4;-21;1;399;3.28
;;;Parkano;1060;19971229;1997;12;29;3275000;6885000;-1.2;-0.6;-2.4;5;406;5.52
;;;Parkano;1060;19971230;1997;12;30;3275000;6885000;-2.4;-0.6;-3.5;1;413;5.02
;;;Parkano;1060;19971231;1997;12;31;3275000;6885000;-0.6;0.5;-5.5;0;428;5.29
;;;Parkano;1060;19980101;1998;1;1;3275000;6885000;-0.1;0.4;-0.7;0;444;5.24
;;;Parkano;1060;19980102;1998;1;2;3275000;6885000;0.7;1.2;0;0;444;5.92
;;;Parkano;1060;19980103;1998;1;3;3275000;6885000;-2.3;0.5;-3.4;0;699;4.48
;;;Parkano;1060;19980104;1998;1;4;3275000;6885000;-0.8;-0.2;-3.2;3;535;4.52
;;;Parkano;1060;19980105;1998;1;5;3275000;6885000;0.2;1.3;-1.7;4;513;5.98
;;;Parkano;1060;19980106;1998;1;6;3275000;6885000;-1.6;1.5;-6.2;0;526;5.21
;;;Parkano;1060;19980107;1998;1;7;3275000;6885000;-1.3;1.1;-7.1;2;513;5.35
;;;Parkano;1060;19980108;1998;1;8;3275000;6885000;-1.2;0.7;-3;10;744;5.35
;;;Parkano;1060;19980109;1998;1;9;3275000;6885000;0.2;1.6;-0.7;5;815;5.91
;;;Parkano;1060;19980110;1998;1;10;3275000;6885000;0.7;3.8;-1.9;8;571;6.01
;;;Parkano;1060;19980111;1998;1;11;3275000;6885000;-0.5;1;-1.3;0;659;5.26
;;;Parkano;1060;19980112;1998;1;12;3275000;6885000;-2.6;-0.7;-6;0;840;5
;;;Parkano;1060;19980113;1998;1;13;3275000;6885000;-0.2;0.4;-2.7;3;621;6.01
;;;Parkano;1060;19980114;1998;1;14;3275000;6885000;-1.9;0.1;-4;4;1026;4.97
;;;Parkano;1060;19980115;1998;1;15;3275000;6885000;0.4;2;-3.4;0;886;6
;;;Parkano;1060;19980116;1998;1;16;3275000;6885000;-1.1;2.3;-5.3;10;901;5.67
;;;Parkano;1060;19980117;1998;1;17;3275000;6885000;0.8;4.4;-0.7;0;958;5.38
;;;Parkano;1060;19980118;1998;1;18;3275000;6885000;-5.6;0.4;-10.5;0;749;3.61
;;;Parkano;1060;19980119;1998;1;19;3275000;6885000;-5.9;-0.9;-15.3;2;937;4.02
;;;Parkano;1060;19980120;1998;1;20;3275000;6885000;1;1.7;-0.9;2;787;6.16
;;;Parkano;1060;19980121;1998;1;21;3275000;6885000;-0.1;1.4;-1;7;806;5.82
;;;Parkano;1060;19980122;1998;1;22;3275000;6885000;-4.4;0.1;-6.9;0;1374;3.95
;;;Parkano;1060;19980123;1998;1;23;3275000;6885000;-12;-6.8;-17.4;0;1293;2.34
;;;Parkano;1060;19980124;1998;1;24;3275000;6885000;-8.4;-7.2;-10.5;1;879;2.94
;;;Parkano;1060;19980125;1998;1;25;3275000;6885000;-11.5;-8.3;-14.3;0;1607;2.3
;;;Parkano;1060;19980126;1998;1;26;3275000;6885000;-12;-9.4;-17.1;0;1288;2.14
;;;Parkano;1060;19980127;1998;1;27;3275000;6885000;-12.2;-7.4;-17.5;0;1839;2.14
;;;Parkano;1060;19980128;1998;1;28;3275000;6885000;-8.2;-6.9;-13.8;0;1259;3.04
;;;Parkano;1060;19980129;1998;1;29;3275000;6885000;-6.5;-3.7;-11.2;0;1056;3.55
;;;Parkano;1060;19980130;1998;1;30;3275000;6885000;-1.6;0.2;-4.6;0;1315;4.96
;;;Parkano;1060;19980131;1998;1;31;3275000;6885000;3;5.5;-1.3;0;1302;4.73
;;;Parkano;1060;19980201;1998;2;1;3275000;6885000;1.7;5.7;-0.7;0;2267;4.91
;;;Parkano;1060;19980202;1998;2;2;3275000;6885000;0.2;2.6;-2.6;0;1543;5.19
;;;Parkano;1060;19980203;1998;2;3;3275000;6885000;1.5;2.4;0.1;1;1227;6.15
;;;Parkano;1060;19980204;1998;2;4;3275000;6885000;-1.7;0.8;-3;0;2377;3.68
;;;Parkano;1060;19980205;1998;2;5;3275000;6885000;-3;-0.4;-4.6;0;2662;2.69
;;;Parkano;1060;19980206;1998;2;6;3275000;6885000;-5;-1.4;-10.9;1;2162;3.81
;;;Parkano;1060;19980207;1998;2;7;3275000;6885000;2.1;4.9;-2.6;0;2515;5.67
;;;Parkano;1060;19980208;1998;2;8;3275000;6885000;2.9;5;-0.7;1;2358;4.95
;;;Parkano;1060;19980209;1998;2;9;3275000;6885000;-5.5;-0.5;-9.2;1;2749;3.39
;;;Parkano;1060;19980210;1998;2;10;3275000;6885000;-2.5;1.9;-9.6;0;1585;5.1
;;;Parkano;1060;19980211;1998;2;11;3275000;6885000;-0.9;0.9;-2;0;1534;5.67
;;;Parkano;1060;19980212;1998;2;12;3275000;6885000;-0.8;2;-2.9;0;2015;5.49
;;;Parkano;1060;19980213;1998;2;13;3275000;6885000;-0.6;0.8;-2.1;0;1506;5.38
;;;Parkano;1060;19980214;1998;2;14;3275000;6885000;0.1;1;-1;4;1545;5.49
;;;Parkano;1060;19980215;1998;2;15;3275000;6885000;-1.2;0.5;-3.9;0;3642;5.03
;;;Parkano;1060;19980216;1998;2;16;3275000;6885000;-8.7;-3.5;-14.8;0;4013;3.18
;;;Parkano;1060;19980217;1998;2;17;3275000;6885000;-7.6;-4.1;-11.3;0;3889;2.4
;;;Parkano;1060;19980218;1998;2;18;3275000;6885000;-8.8;-7.9;-10;4;1637;2.73
;;;Parkano;1060;19980219;1998;2;19;3275000;6885000;-12.5;-8.5;-14.6;0;3863;1.95
;;;Parkano;1060;19980220;1998;2;20;3275000;6885000;-14.9;-11.1;-19.5;0;4149;1.64
;;;Parkano;1060;19980221;1998;2;21;3275000;6885000;-15;-9.7;-20.5;0;4734;1.68
;;;Parkano;1060;19980222;1998;2;22;3275000;6885000;-12.6;-7.5;-16.8;0;4622;2.17
;;;Parkano;1060;19980223;1998;2;23;3275000;6885000;-7.5;-3.6;-15;1;2056;3.46
;;;Parkano;1060;19980224;1998;2;24;3275000;6885000;-3.9;-2.4;-6.9;0;2056;4.35
;;;Parkano;1060;19980225;1998;2;25;3275000;6885000;-6.1;-2.9;-7.2;0;2488;3.29
;;;Parkano;1060;19980226;1998;2;26;3275000;6885000;-5.4;-3.7;-6.9;1;2509;3.62
;;;Parkano;1060;19980227;1998;2;27;3275000;6885000;-6.1;-2.8;-9.3;0;4432;3.27
;;;Parkano;1060;19980228;1998;2;28;3275000;6885000;-4.3;-2.5;-6.9;0;3049;3.59
;;;Parkano;1060;19980301;1998;3;1;3275000;6885000;-4;0.2;-6.9;0;4549;3.92
;;;Parkano;1060;19980302;1998;3;2;3275000;6885000;-3.8;1.7;-8.8;0;5334;3.98
;;;Parkano;1060;19980303;1998;3;3;3275000;6885000;-2.9;-1.9;-6.8;0;2464;4.65
;;;Parkano;1060;19980304;1998;3;4;3275000;6885000;-2.4;-1.6;-3.5;14;2383;4.81
;;;Parkano;1060;19980305;1998;3;5;3275000;6885000;-2.6;-1.5;-3.8;3;2565;4.7
;;;Parkano;1060;19980306;1998;3;6;3275000;6885000;-6.2;-3.6;-8.7;0;4193;3.56
;;;Parkano;1060;19980307;1998;3;7;3275000;6885000;-4.1;-2.2;-9.4;0;2302;4.14
;;;Parkano;1060;19980308;1998;3;8;3275000;6885000;0.4;1.4;-2.6;0;2749;5.14
;;;Parkano;1060;19980309;1998;3;9;3275000;6885000;-2.8;2.2;-5.3;0;7427;2.42
;;;Parkano;1060;19980310;1998;3;10;3275000;6885000;-6.2;0.8;-16.8;0;3766;3.1
;;;Parkano;1060;19980311;1998;3;11;3275000;6885000;-8;1.2;-11.8;0;4682;2.51
;;;Parkano;1060;19980312;1998;3;12;3275000;6885000;0;5.7;-6.4;0;8356;5.15
;;;Parkano;1060;19980313;1998;3;13;3275000;6885000;2.6;7.7;-1.1;0;9440;6.05
;;;Parkano;1060;19980314;1998;3;14;3275000;6885000;4;10.2;0;0;9776;6.42
;;;Parkano;1060;19980315;1998;3;15;3275000;6885000;2.7;5.8;0.5;0;5031;6.21
;;;Parkano;1060;19980316;1998;3;16;3275000;6885000;-0.6;2;-4.1;2;3459;5.65
;;;Parkano;1060;19980317;1998;3;17;3275000;6885000;0;4.1;-2.6;0;9814;4.7
;;;Parkano;1060;19980318;1998;3;18;3275000;6885000;-1.7;2.7;-6.8;0;9550;4.32
;;;Parkano;1060;19980319;1998;3;19;3275000;6885000;-0.9;2.6;-3.4;0;9878;4.35
;;;Parkano;1060;19980320;1998;3;20;3275000;6885000;2;7.4;-4.2;0;9223;5.78
;;;Parkano;1060;19980321;1998;3;21;3275000;6885000;1.5;6;-0.8;0;11074;5.12
;;;Parkano;1060;19980322;1998;3;22;3275000;6885000;0.4;1.6;-3.1;9;3537;5.87
;;;Parkano;1060;19980323;1998;3;23;3275000;6885000;0.5;4;-1.2;0;8470;5.55
;;;Parkano;1060;19980324;1998;3;24;3275000;6885000;-0.5;3.7;-4.3;0;11434;4.29
;;;Parkano;1060;19980325;1998;3;25;3275000;6885000;-0.8;2.2;-2.6;0;11159;3.82
;;;Parkano;1060;19980326;1998;3;26;3275000;6885000;-2.4;1.8;-7.3;0;11674;3.54
;;;Parkano;1060;19980327;1998;3;27;3275000;6885000;-1.3;1.4;-2.7;0;7430;4.04
;;;Parkano;1060;19980328;1998;3;28;3275000;6885000;-2.7;1.8;-8.6;0;10059;3.73
;;;Parkano;1060;19980329;1998;3;29;3275000;6885000;-1.2;-0.1;-2.6;2;4665;4.8
;;;Parkano;1060;19980330;1998;3;30;3275000;6885000;1.5;3.6;-0.4;0;4232;6.64
;;;Parkano;1060;19980331;1998;3;31;3275000;6885000;1.2;3.3;0.1;0;5424;6.08
;;;Parkano;1060;19980401;1998;4;1;3275000;6885000;0.1;1.7;-2.5;0;4574;5.73
;;;Parkano;1060;19980402;1998;4;2;3275000;6885000;0.8;2.5;-0.6;0;4717;5.67
;;;Parkano;1060;19980403;1998;4;3;3275000;6885000;-0.1;4.5;-4.5;0;14804;4.11
;;;Parkano;1060;19980404;1998;4;4;3275000;6885000;-1.1;2.9;-5.5;1;7180;4.74
;;;Parkano;1060;19980405;1998;4;5;3275000;6885000;0.4;2;-0.6;0;4937;5.9
;;;Parkano;1060;19980406;1998;4;6;3275000;6885000;0.9;2.9;-0.1;2;5019;6.02
;;;Parkano;1060;19980407;1998;4;7;3275000;6885000;-2.5;0.7;-5.5;0;16579;2.59
;;;Parkano;1060;19980408;1998;4;8;3275000;6885000;-4.4;0.9;-10.4;0;16964;1.94
;;;Parkano;1060;19980409;1998;4;9;3275000;6885000;-2.9;3.5;-10.8;0;17179;2.09
;;;Parkano;1060;19980410;1998;4;10;3275000;6885000;-0.8;5.4;-7.4;0;17560;3.07
;;;Parkano;1060;19980411;1998;4;11;3275000;6885000;-0.3;6.7;-7.8;0;18008;2.84
;;;Parkano;1060;19980412;1998;4;12;3275000;6885000;0.8;7.8;-7.1;0;17978;3.28
;;;Parkano;1060;19980413;1998;4;13;3275000;6885000;0.2;5.5;-4;0;18110;3.19
;;;Parkano;1060;19980414;1998;4;14;3275000;6885000;-0.6;6;-7.7;0;17962;3
;;;Parkano;1060;19980415;1998;4;15;3275000;6885000;0.9;6.6;-6.2;0;15409;3.88
;;;Parkano;1060;19980416;1998;4;16;3275000;6885000;2;3.9;-0.1;8;5513;6
;;;Parkano;1060;19980417;1998;4;17;3275000;6885000;2.5;5.8;0.4;0;9574;5.94
;;;Parkano;1060;19980418;1998;4;18;3275000;6885000;-1.5;2;-3.6;0;9506;3.87
;;;Parkano;1060;19980419;1998;4;19;3275000;6885000;-1.3;3.5;-6.1;0;19727;2.72
;;;Parkano;1060;19980420;1998;4;20;3275000;6885000;-1.9;2.5;-6.4;9;4945;4.64
;;;Parkano;1060;19980421;1998;4;21;3275000;6885000;3.8;8;0.1;2;7557;7.29
;;;Parkano;1060;19980422;1998;4;22;3275000;6885000;6.9;14.1;1;0;19491;7
;;;Parkano;1060;19980423;1998;4;23;3275000;6885000;8.2;11.4;5.8;0;7610;8.88
;;;Parkano;1060;19980424;1998;4;24;3275000;6885000;10.1;18;1.9;0;18885;8.37
;;;Parkano;1060;19980425;1998;4;25;3275000;6885000;10.5;16.3;5.9;0;13520;9.33
;;;Parkano;1060;19980426;1998;4;26;3275000;6885000;12.4;21.7;2.4;0;20979;9.04
;;;Parkano;1060;19980427;1998;4;27;3275000;6885000;7.5;15.5;3.2;0;19344;6.09
;;;Parkano;1060;19980428;1998;4;28;3275000;6885000;7;15.1;-2.4;0;21288;5.32
;;;Parkano;1060;19980429;1998;4;29;3275000;6885000;10.7;19.5;0.7;0;22394;6.02
;;;Parkano;1060;19980430;1998;4;30;3275000;6885000;12;21.2;0;0;22826;5.86
;;;Parkano;1060;19980501;1998;5;1;3275000;6885000;13.8;22.1;3.4;0;20416;7.39
;;;Parkano;1060;19980502;1998;5;2;3275000;6885000;12.9;21.5;5;0;18541;8.55
;;;Parkano;1060;19980503;1998;5;3;3275000;6885000;12;19.1;5.1;0;14861;10.06
;;;Parkano;1060;19980504;1998;5;4;3275000;6885000;9.6;16.4;0;0;21939;7.13
;;;Parkano;1060;19980505;1998;5;5;3275000;6885000;13.3;23.4;5.4;1;16749;10.23
;;;Parkano;1060;19980506;1998;5;6;3275000;6885000;16;24.7;9.8;0;19846;11.92
;;;Parkano;1060;19980507;1998;5;7;3275000;6885000;14;22.9;6.4;0;21155;9.52
;;;Parkano;1060;19980508;1998;5;8;3275000;6885000;8.8;15.2;0.5;0;22016;8.35
;;;Parkano;1060;19980509;1998;5;9;3275000;6885000;10.6;17.8;0.6;0;22562;6.96
;;;Parkano;1060;19980510;1998;5;10;3275000;6885000;11.5;19.4;1.5;0;24790;6.13
;;;Parkano;1060;19980511;1998;5;11;3275000;6885000;10.1;16;2.3;0;23733;7.21
;;;Parkano;1060;19980512;1998;5;12;3275000;6885000;11.7;20.6;2.6;0;23660;7.89
;;;Parkano;1060;19980513;1998;5;13;3275000;6885000;14.6;23;6.2;0;17371;10
;;;Parkano;1060;19980514;1998;5;14;3275000;6885000;19.2;26.2;9.7;0;19939;8.78
;;;Parkano;1060;19980515;1998;5;15;3275000;6885000;16.2;22.5;12.2;0;15224;12.16
;;;Parkano;1060;19980516;1998;5;16;3275000;6885000;12.5;17;9;0;23804;7.93
;;;Parkano;1060;19980517;1998;5;17;3275000;6885000;13.8;21.6;4.5;0;25793;8.23
;;;Parkano;1060;19980518;1998;5;18;3275000;6885000;15.7;24.9;2.3;0;26194;7.12
;;;Parkano;1060;19980519;1998;5;19;3275000;6885000;17.9;26.7;5;0;26687;8.63
;;;Parkano;1060;19980520;1998;5;20;3275000;6885000;17.7;23.9;9.5;0;24894;11.05
;;;Parkano;1060;19980521;1998;5;21;3275000;6885000;12.5;21.2;8.8;0;16802;9.2
;;;Parkano;1060;19980522;1998;5;22;3275000;6885000;13.6;20.6;5;0;24596;8.46
;;;Parkano;1060;19980523;1998;5;23;3275000;6885000;11.7;19.8;3.2;0;26059;6.44
;;;Parkano;1060;19980524;1998;5;24;3275000;6885000;5.7;12.3;0.7;0;19294;5.47
;;;Parkano;1060;19980525;1998;5;25;3275000;6885000;5.4;8.5;1.6;0;12663;5.74
;;;Parkano;1060;19980526;1998;5;26;3275000;6885000;5.8;8.9;1.8;0;12614;6.38
;;;Parkano;1060;19980527;1998;5;27;3275000;6885000;6.3;11.5;-1.2;1;17110;4.95
;;;Parkano;1060;19980528;1998;5;28;3275000;6885000;7.6;15.3;0.7;0;14102;8.17
;;;Parkano;1060;19980529;1998;5;29;3275000;6885000;8.1;12.5;4.2;0;19782;7.17
;;;Parkano;1060;19980530;1998;5;30;3275000;6885000;12.1;17.1;5.4;0;18050;8.56
;;;Parkano;1060;19980531;1998;5;31;3275000;6885000;12;16.5;9.1;7;14412;11.34
;;;Parkano;1060;19980601;1998;6;1;3275000;6885000;10.8;13.8;7.3;6;11240;11.62
;;;Parkano;1060;19980602;1998;6;2;3275000;6885000;7.3;11;4.5;5;13519;8.74
;;;Parkano;1060;19980603;1998;6;3;3275000;6885000;6.2;9;4.2;0;9813;8.33
;;;Parkano;1060;19980604;1998;6;4;3275000;6885000;9.3;15.2;1.5;4;17789;7.98
;;;Parkano;1060;19980605;1998;6;5;3275000;6885000;9;12.7;6.8;0;11325;9.93
;;;Parkano;1060;19980606;1998;6;6;3275000;6885000;7.9;11.3;3.2;0;15515;7.87
;;;Parkano;1060;19980607;1998;6;7;3275000;6885000;8.1;11.1;5.5;0;13366;7.01
;;;Parkano;1060;19980608;1998;6;8;3275000;6885000;10.3;16.9;1;0;26521;6.39
;;;Parkano;1060;19980609;1998;6;9;3275000;6885000;9.6;15.1;2.8;0;14394;7.16
;;;Parkano;1060;19980610;1998;6;10;3275000;6885000;8.3;12.7;1.3;0;17945;6.66
;;;Parkano;1060;19980611;1998;6;11;3275000;6885000;9;14.3;1.3;0;20969;6.33
;;;Parkano;1060;19980612;1998;6;12;3275000;6885000;7.9;12.7;3;3;11664;7.75
;;;Parkano;1060;19980613;1998;6;13;3275000;6885000;9.9;14.1;5.9;0;18690;7.69
;;;Parkano;1060;19980614;1998;6;14;3275000;6885000;10;16.1;0.1;1;25406;6.44
;;;Parkano;1060;19980615;1998;6;15;3275000;6885000;9.2;14.1;6.1;1;14916;8.32
;;;Parkano;1060;19980616;1998;6;16;3275000;6885000;8.9;15.1;-0.1;26;17793;9.34
;;;Parkano;1060;19980617;1998;6;17;3275000;6885000;10.7;14.1;7.4;0;20099;8.81
;;;Parkano;1060;19980618;1998;6;18;3275000;6885000;12.6;17.6;5.3;0;26243;7.33
;;;Parkano;1060;19980619;1998;6;19;3275000;6885000;13.2;20;2.6;0;23548;7.55
;;;Parkano;1060;19980620;1998;6;20;3275000;6885000;14.3;20.1;7.3;0;17625;8.91
;;;Parkano;1060;19980621;1998;6;21;3275000;6885000;12.8;17.8;9;2;18503;9.06
;;;Parkano;1060;19980622;1998;6;22;3275000;6885000;9.4;14;7.1;6;12339;9.85
;;;Parkano;1060;19980623;1998;6;23;3275000;6885000;9.7;14.4;4;0;15997;8.87
;;;Parkano;1060;19980624;1998;6;24;3275000;6885000;12.5;17.4;2.7;0;20662;8.69
;;;Parkano;1060;19980625;1998;6;25;3275000;6885000;14.6;19.5;8;0;21611;9.55
;;;Parkano;1060;19980626;1998;6;26;3275000;6885000;14.7;20.1;8.2;2;22479;11.4
;;;Parkano;1060;19980627;1998;6;27;3275000;6885000;13.9;20;6.6;4;19252;11.6
;;;Parkano;1060;19980628;1998;6;28;3275000;6885000;14.2;19.1;7.8;0;23653;11.22
;;;Parkano;1060;19980629;1998;6;29;3275000;6885000;12.4;15.2;8.3;0;16244;9.66
;;;Parkano;1060;19980630;1998;6;30;3275000;6885000;14;19.3;7.5;0;24838;9.76
;;;Parkano;1060;19980701;1998;7;1;3275000;6885000;15.6;23.1;4.7;0;26433;9.58
;;;Parkano;1060;19980702;1998;7;2;3275000;6885000;16.4;23.4;9.1;6;14741;11.91
;;;Parkano;1060;19980703;1998;7;3;3275000;6885000;13.2;17.1;11.9;10;14227;12.33
;;;Parkano;1060;19980704;1998;7;4;3275000;6885000;10;14.8;5.2;8;9049;11.66
;;;Parkano;1060;19980705;1998;7;5;3275000;6885000;11.2;14;8.3;0;17834;9.72
;;;Parkano;1060;19980706;1998;7;6;3275000;6885000;9.8;15.8;3.1;1;19955;9.74
;;;Parkano;1060;19980707;1998;7;7;3275000;6885000;9.5;10.9;7.7;0;10501;10.03
;;;Parkano;1060;19980708;1998;7;8;3275000;6885000;12.7;17.8;7;0;19223;10.95
;;;Parkano;1060;19980709;1998;7;9;3275000;6885000;18.4;24.6;11.7;0;21757;13.23
;;;Parkano;1060;19980710;1998;7;10;3275000;6885000;18.8;23.4;15.1;0;16899;14.89
;;;Parkano;1060;19980711;1998;7;11;3275000;6885000;19.2;24.6;11.6;0;27137;11.32
;;;Parkano;1060;19980712;1998;7;12;3275000;6885000;15.9;21.6;12.3;2;10736;12.99
;;;Parkano;1060;19980713;1998;7;13;3275000;6885000;17.4;23;13.2;0;18747;12.33
;;;Parkano;1060;19980714;1998;7;14;3275000;6885000;17;21.7;11;0;17462;11.26
;;;Parkano;1060;19980715;1998;7;15;3275000;6885000;16.3;21.4;10.1;0;18794;11.71
;;;Parkano;1060;19980716;1998;7;16;3275000;6885000;16.3;23.5;9.9;0;23548;12.19
;;;Parkano;1060;19980717;1998;7;17;3275000;6885000;15.2;21.6;9.8;8;16551;14.1
;;;Parkano;1060;19980718;1998;7;18;3275000;6885000;14.4;21.6;8;0;19086;13.16
;;;Parkano;1060;19980719;1998;7;19;3275000;6885000;16.4;22.9;8.3;2;19169;14.38
;;;Parkano;1060;19980720;1998;7;20;3275000;6885000;17.6;23.7;9.6;0;18776;14.78
;;;Parkano;1060;19980721;1998;7;21;3275000;6885000;15.5;19;13.6;12;9847;16.57
;;;Parkano;1060;19980722;1998;7;22;3275000;6885000;16.4;21.2;13.1;0;16807;14.98
;;;Parkano;1060;19980723;1998;7;23;3275000;6885000;15.1;19.6;9.6;19;12358;14.91
;;;Parkano;1060;19980724;1998;7;24;3275000;6885000;15.6;18.6;13.8;4;10485;16.62
;;;Parkano;1060;19980725;1998;7;25;3275000;6885000;14.1;17.7;12.3;3;11999;14.19
;;;Parkano;1060;19980726;1998;7;26;3275000;6885000;14.1;18.4;11;0;17490;12.17
;;;Parkano;1060;19980727;1998;7;27;3275000;6885000;13;18.4;7.2;0;16848;11.33
;;;Parkano;1060;19980728;1998;7;28;3275000;6885000;13.7;20;6.2;0;17597;11.16
;;;Parkano;1060;19980729;1998;7;29;3275000;6885000;15.3;22.9;6.4;0;19604;10.92
;;;Parkano;1060;19980730;1998;7;30;3275000;6885000;15;19.1;10.4;0;9026;13.36
;;;Parkano;1060;19980731;1998;7;31;3275000;6885000;15.3;20;12.8;9;12033;14.62
;;;Parkano;1060;19980801;1998;8;1;3275000;6885000;14.8;19.8;10;0;20798;12.27
;;;Parkano;1060;19980802;1998;8;2;3275000;6885000;13.9;19.8;5.7;0;16510;11.95
;;;Parkano;1060;19980803;1998;8;3;3275000;6885000;15.3;19.9;10.4;0;15483;13.02
;;;Parkano;1060;19980804;1998;8;4;3275000;6885000;14.9;18.6;11.5;0;13877;12.57
;;;Parkano;1060;19980805;1998;8;5;3275000;6885000;14.9;22;7.7;0;17650;12.02
;;;Parkano;1060;19980806;1998;8;6;3275000;6885000;14.7;18.9;10.6;0;17335;12.23
;;;Parkano;1060;19980807;1998;8;7;3275000;6885000;13.6;18.3;10;0;12154;12.06
;;;Parkano;1060;19980808;1998;8;8;3275000;6885000;14.4;20;9.1;1;18117;12.61
;;;Parkano;1060;19980809;1998;8;9;3275000;6885000;14.8;17.7;12.6;11;8003;14.96
;;;Parkano;1060;19980810;1998;8;10;3275000;6885000;14.6;15.6;13.6;18;6460;15.9
;;;Parkano;1060;19980811;1998;8;11;3275000;6885000;13.8;17.3;11.2;0;14463;11.79
;;;Parkano;1060;19980812;1998;8;12;3275000;6885000;13.4;15.5;12.4;18;8423;13.66
;;;Parkano;1060;19980813;1998;8;13;3275000;6885000;10.2;12.5;8.6;3;6545;11.48
;;;Parkano;1060;19980814;1998;8;14;3275000;6885000;12.9;19.6;5.6;0;18685;11.12
;;;Parkano;1060;19980815;1998;8;15;3275000;6885000;11.8;15.1;8.7;15;7997;13.15
;;;Parkano;1060;19980816;1998;8;16;3275000;6885000;12.6;14.6;11.7;16;5761;14.28
;;;Parkano;1060;19980817;1998;8;17;3275000;6885000;11.4;13.3;9.4;15;6015;13.11
;;;Parkano;1060;19980818;1998;8;18;3275000;6885000;11.3;14.4;9.7;0;8206;12.09
;;;Parkano;1060;19980819;1998;8;19;3275000;6885000;11.6;16.7;9;0;12118;11.85
;;;Parkano;1060;19980820;1998;8;20;3275000;6885000;11.6;17.1;8;4;9343;11.39
;;;Parkano;1060;19980821;1998;8;21;3275000;6885000;10.6;16;7.8;13;10371;11.4
;;;Parkano;1060;19980822;1998;8;22;3275000;6885000;10.4;12.7;9;10;5296;12.01
;;;Parkano;1060;19980823;1998;8;23;3275000;6885000;10.4;12.8;8.9;2;6303;12.06
;;;Parkano;1060;19980824;1998;8;24;3275000;6885000;10.1;14.5;8.2;0;10445;10.22
;;;Parkano;1060;19980825;1998;8;25;3275000;6885000;8;13.4;3.1;0;12013;8.51
;;;Parkano;1060;19980826;1998;8;26;3275000;6885000;10;13.2;7.1;0;8061;10.45
;;;Parkano;1060;19980827;1998;8;27;3275000;6885000;10.2;13.8;7.5;1;13687;9.92
;;;Parkano;1060;19980828;1998;8;28;3275000;6885000;9;10.4;7.5;0;6758;9.86
;;;Parkano;1060;19980829;1998;8;29;3275000;6885000;8.1;11.2;3.3;0;7338;8.37
;;;Parkano;1060;19980830;1998;8;30;3275000;6885000;8.3;12.6;5.4;0;9408;7.8
;;;Parkano;1060;19980831;1998;8;31;3275000;6885000;8.7;13.7;2.3;0;11129;8.77
;;;Parkano;1060;19980901;1998;9;1;3275000;6885000;9.6;11.5;7.5;11;5293;11.23
;;;Parkano;1060;19980902;1998;9;2;3275000;6885000;7.5;11.2;4.3;0;7837;9.23
;;;Parkano;1060;19980903;1998;9;3;3275000;6885000;6.9;11.4;3.2;0;13109;7.2
;;;Parkano;1060;19980904;1998;9;4;3275000;6885000;5.7;11.7;0.1;1;12012;6.42
;;;Parkano;1060;19980905;1998;9;5;3275000;6885000;8;11.7;3.8;5;6742;9.68
;;;Parkano;1060;19980906;1998;9;6;3275000;6885000;7.8;11.4;6.1;0;10610;8.32
;;;Parkano;1060;19980907;1998;9;7;3275000;6885000;5.6;11.9;-1.3;0;10360;7.55
;;;Parkano;1060;19980908;1998;9;8;3275000;6885000;7.6;12.9;3.4;0;10842;7.83
;;;Parkano;1060;19980909;1998;9;9;3275000;6885000;5.7;12.3;-0.7;0;9946;6.54
;;;Parkano;1060;19980910;1998;9;10;3275000;6885000;5.6;12.9;-1.5;0;9755;6.95
;;;Parkano;1060;19980911;1998;9;11;3275000;6885000;5.9;11.2;2.4;1;8257;8.18
;;;Parkano;1060;19980912;1998;9;12;3275000;6885000;3.8;8.6;-1.5;0;10686;5.9
;;;Parkano;1060;19980913;1998;9;13;3275000;6885000;2.4;8.5;-2.2;0;8459;6.24
;;;Parkano;1060;19980914;1998;9;14;3275000;6885000;2.5;8.5;-2.8;0;10505;5.23
;;;Parkano;1060;19980915;1998;9;15;3275000;6885000;3;7.9;-0.7;0;8306;5.91
;;;Parkano;1060;19980916;1998;9;16;3275000;6885000;2.5;9.7;-3.4;0;11502;5.34
;;;Parkano;1060;19980917;1998;9;17;3275000;6885000;3.3;11.6;-3.9;0;10217;6.06
;;;Parkano;1060;19980918;1998;9;18;3275000;6885000;2;8.3;-2.9;0;7985;5.21
;;;Parkano;1060;19980919;1998;9;19;3275000;6885000;3.9;11.9;-4.4;0;8588;6.66
;;;Parkano;1060;19980920;1998;9;20;3275000;6885000;8.2;10.6;4.6;2;3590;9.5
;;;Parkano;1060;19980921;1998;9;21;3275000;6885000;9.1;11.2;7.5;1;3345;10.64
;;;Parkano;1060;19980922;1998;9;22;3275000;6885000;6.2;10.1;1.9;2;5509;8.27
;;;Parkano;1060;19980923;1998;9;23;3275000;6885000;3.7;7.5;0;0;5535;6.82
;;;Parkano;1060;19980924;1998;9;24;3275000;6885000;1.3;9;-3.8;0;7905;5.63
;;;Parkano;1060;19980925;1998;9;25;3275000;6885000;1.4;7.1;-4.4;0;8832;5.44
;;;Parkano;1060;19980926;1998;9;26;3275000;6885000;3.4;7.3;0.8;0;7265;6.25
;;;Parkano;1060;19980927;1998;9;27;3275000;6885000;3;7.8;-1.6;0;7026;6.69
;;;Parkano;1060;19980928;1998;9;28;3275000;6885000;0.1;6.8;-4.3;0;6420;5.41
;;;Parkano;1060;19980929;1998;9;29;3275000;6885000;2.1;8.4;-3.2;0;5110;6
;;;Parkano;1060;19980930;1998;9;30;3275000;6885000;2.9;8.9;-0.9;0;3866;6.45
;;;Parkano;1060;19981001;1998;10;1;3275000;6885000;1.4;9.3;-3.9;0;8378;5.38
;;;Parkano;1060;19981002;1998;10;2;3275000;6885000;2.4;10;-3.4;0;7513;5.8
;;;Parkano;1060;19981003;1998;10;3;3275000;6885000;5.2;6.7;1.4;6;2350;8.55
;;;Parkano;1060;19981004;1998;10;4;3275000;6885000;9.8;11;6.6;0;2254;11.41
;;;Parkano;1060;19981005;1998;10;5;3275000;6885000;9.8;12.2;7.7;1;3483;11.1
;;;Parkano;1060;19981006;1998;10;6;3275000;6885000;10;12;8.5;1;2843;11.05
;;;Parkano;1060;19981007;1998;10;7;3275000;6885000;8.1;10.2;6.6;11;2256;10.11
;;;Parkano;1060;19981008;1998;10;8;3275000;6885000;4;6.8;2.8;0;2332;7.67
;;;Parkano;1060;19981009;1998;10;9;3275000;6885000;3;3.8;2.2;14;2133;7.49
;;;Parkano;1060;19981010;1998;10;10;3275000;6885000;3.1;4.3;1.7;0;2246;7.41
;;;Parkano;1060;19981011;1998;10;11;3275000;6885000;1.1;3.7;-0.2;14;3187;6.05
;;;Parkano;1060;19981012;1998;10;12;3275000;6885000;5.4;10.7;0.2;7;2212;8.81
;;;Parkano;1060;19981013;1998;10;13;3275000;6885000;0.4;4.3;-2.2;0;5203;4.86
;;;Parkano;1060;19981014;1998;10;14;3275000;6885000;-2.9;2.8;-8;0;5204;4.05
;;;Parkano;1060;19981015;1998;10;15;3275000;6885000;0.1;5.2;-3.5;4;4459;4.92
;;;Parkano;1060;19981016;1998;10;16;3275000;6885000;-0.2;1.9;-1.5;2;2109;5.75
;;;Parkano;1060;19981017;1998;10;17;3275000;6885000;-1.1;3.6;-6.7;0;4721;5.2
;;;Parkano;1060;19981018;1998;10;18;3275000;6885000;5.1;7.2;0.7;1;2009;7.5
;;;Parkano;1060;19981019;1998;10;19;3275000;6885000;3.1;5.9;-0.4;0;2942;6.61
;;;Parkano;1060;19981020;1998;10;20;3275000;6885000;-2.1;0.9;-4.4;0;3436;4.2
;;;Parkano;1060;19981021;1998;10;21;3275000;6885000;-6.5;-0.3;-10.4;0;4243;2.74
;;;Parkano;1060;19981022;1998;10;22;3275000;6885000;-5.7;0.8;-11.3;0;4038;3.37
;;;Parkano;1060;19981023;1998;10;23;3275000;6885000;1.2;5.1;-3.3;0;2409;5.3
;;;Parkano;1060;19981024;1998;10;24;3275000;6885000;0.6;3.4;-1.3;0;3336;4.41
;;;Parkano;1060;19981025;1998;10;25;3275000;6885000;-2;1.4;-4;0;1624;4.68
;;;Parkano;1060;19981026;1998;10;26;3275000;6885000;0.4;6.1;-9;0;1680;6.01
;;;Parkano;1060;19981027;1998;10;27;3275000;6885000;3.6;6.3;0.6;0;3459;4.67
;;;Parkano;1060;19981028;1998;10;28;3275000;6885000;-1.1;3.7;-4;0;2561;4.65
;;;Parkano;1060;19981029;1998;10;29;3275000;6885000;0.3;3.7;-4.5;0;1814;5.91
;;;Parkano;1060;19981030;1998;10;30;3275000;6885000;2;4.3;0.3;0;2716;5.02
;;;Parkano;1060;19981031;1998;10;31;3275000;6885000;2.1;6;-0.4;0;2900;6.5
;;;Parkano;1060;19981101;1998;11;1;3275000;6885000;1.7;2.8;0.5;0;1269;6.61
;;;Parkano;1060;19981102;1998;11;2;3275000;6885000;1.2;2.4;0.4;0;1229;6.42
;;;Parkano;1060;19981103;1998;11;3;3275000;6885000;0.1;1.1;-0.7;0;1567;5.81
;;;Parkano;1060;19981104;1998;11;4;3275000;6885000;-0.3;0.4;-0.6;0;1195;5.62
;;;Parkano;1060;19981105;1998;11;5;3275000;6885000;-0.7;-0.1;-1;0;1128;5.22
;;;Parkano;1060;19981106;1998;11;6;3275000;6885000;-1.9;-0.7;-2.6;0;1102;4.31
;;;Parkano;1060;19981107;1998;11;7;3275000;6885000;-1.1;-0.2;-2.3;0;1074;4.86
;;;Parkano;1060;19981108;1998;11;8;3275000;6885000;-2.4;0;-3;0;1023;4.15
;;;Parkano;1060;19981109;1998;11;9;3275000;6885000;-4.1;-2.5;-5.5;0;1124;3.79
;;;Parkano;1060;19981110;1998;11;10;3275000;6885000;-3;-1.2;-6.1;0;1061;3.96
;;;Parkano;1060;19981111;1998;11;11;3275000;6885000;-5.6;-4;-8.7;0;1147;3.27
;;;Parkano;1060;19981112;1998;11;12;3275000;6885000;-1.6;-0.9;-4.3;0;918;4.98
;;;Parkano;1060;19981113;1998;11;13;3275000;6885000;-3.2;-1.8;-3.9;0;883;4.37
;;;Parkano;1060;19981114;1998;11;14;3275000;6885000;-8.5;-3.8;-11.8;0;1651;2.8
;;;Parkano;1060;19981115;1998;11;15;3275000;6885000;-7.5;-5.7;-10.4;0;1134;3.15
;;;Parkano;1060;19981116;1998;11;16;3275000;6885000;-5;-2.6;-9.6;0;817;4.13
;;;Parkano;1060;19981117;1998;11;17;3275000;6885000;-1.1;-0.2;-2.6;0;790;5.47
;;;Parkano;1060;19981118;1998;11;18;3275000;6885000;-7.4;-0.3;-13.6;0;1045;3.22
;;;Parkano;1060;19981119;1998;11;19;3275000;6885000;-12.2;-9.6;-16.2;0;1249;2.14
;;;Parkano;1060;19981120;1998;11;20;3275000;6885000;-14;-9.5;-17.7;0;1176;1.86
;;;Parkano;1060;19981121;1998;11;21;3275000;6885000;-12;-9;-16.1;0;1188;2.29
;;;Parkano;1060;19981122;1998;11;22;3275000;6885000;-7.8;-4.9;-11.8;0;987;2.74
;;;Parkano;1060;19981123;1998;11;23;3275000;6885000;-3.3;-2.2;-5.2;0;706;4.29
;;;Parkano;1060;19981124;1998;11;24;3275000;6885000;-2.2;-1.7;-2.6;0;636;4.94
;;;Parkano;1060;19981125;1998;11;25;3275000;6885000;-1.8;0;-3.8;0;655;5.03
;;;Parkano;1060;19981126;1998;11;26;3275000;6885000;-2.4;-1.5;-5.1;2;581;5.1
;;;Parkano;1060;19981127;1998;11;27;3275000;6885000;-3.9;-1.2;-6.1;0;838;4.42
;;;Parkano;1060;19981128;1998;11;28;3275000;6885000;-7.6;-4.6;-10.3;0;845;3.16
;;;Parkano;1060;19981129;1998;11;29;3275000;6885000;-6.7;-5.8;-7.3;0;538;3.35
;;;Parkano;1060;19981130;1998;11;30;3275000;6885000;-6.3;-5.5;-7.8;0;532;3.45
;;;Parkano;1060;19981201;1998;12;1;3275000;6885000;-5.8;-4.8;-7.1;1;508;3.51
;;;Parkano;1060;19981202;1998;12;2;3275000;6885000;-7.2;-6.7;-8.2;0;507;3.13
;;;Parkano;1060;19981203;1998;12;3;3275000;6885000;-3.2;0;-7.1;14;478;4.74
;;;Parkano;1060;19981204;1998;12;4;3275000;6885000;0;1.6;-1;0;714;5.72
;;;Parkano;1060;19981205;1998;12;5;3275000;6885000;0;1.3;-1.4;0;618;5.13
;;;Parkano;1060;19981206;1998;12;6;3275000;6885000;0.9;2.5;-3.8;2;445;6.62
;;;Parkano;1060;19981207;1998;12;7;3275000;6885000;1.1;2.7;0;6;432;6.34
;;;Parkano;1060;19981208;1998;12;8;3275000;6885000;-1;0;-2;1;449;5.53
;;;Parkano;1060;19981209;1998;12;9;3275000;6885000;-3.9;-1.8;-5.4;0;433;4.45
;;;Parkano;1060;19981210;1998;12;10;3275000;6885000;-8.9;-4.6;-11.4;0;586;2.96
;;;Parkano;1060;19981211;1998;12;11;3275000;6885000;-7.3;-6.6;-9.1;0;396;3.32
;;;Parkano;1060;19981212;1998;12;12;3275000;6885000;-6.5;-5.8;-7.8;0;401;3.5
;;;Parkano;1060;19981213;1998;12;13;3275000;6885000;-5.9;-4.7;-6.8;0;454;3.8
;;;Parkano;1060;19981214;1998;12;14;3275000;6885000;-5.6;-3.3;-8.3;0;447;3.81
;;;Parkano;1060;19981215;1998;12;15;3275000;6885000;-6.5;-3.5;-7.7;4;393;3.49
;;;Parkano;1060;19981216;1998;12;16;3275000;6885000;-3.4;-0.9;-7;2;372;4.74
;;;Parkano;1060;19981217;1998;12;17;3275000;6885000;-2.2;-0.6;-3.9;5;373;5.06
;;;Parkano;1060;19981218;1998;12;18;3275000;6885000;1.2;3.2;-3.7;12;368;6.72
;;;Parkano;1060;19981219;1998;12;19;3275000;6885000;1.1;3.3;-2;13;368;6.52
;;;Parkano;1060;19981220;1998;12;20;3275000;6885000;-1.3;-1;-2.1;5;372;5.37
;;;Parkano;1060;19981221;1998;12;21;3275000;6885000;-2;-0.9;-4.2;4;473;5.03
;;;Parkano;1060;19981222;1998;12;22;3275000;6885000;-1.3;-0.5;-1.9;1;376;5.48
;;;Parkano;1060;19981223;1998;12;23;3275000;6885000;-4.8;-1.8;-9;0;497;4.3
;;;Parkano;1060;19981224;1998;12;24;3275000;6885000;-6.5;-5;-9.7;0;376;3.59
;;;Parkano;1060;19981225;1998;12;25;3275000;6885000;-14.1;-6.7;-16.8;0;555;1.91
;;;Parkano;1060;19981226;1998;12;26;3275000;6885000;-20.5;-16.5;-24.6;0;552;1.1
;;;Parkano;1060;19981227;1998;12;27;3275000;6885000;-21.3;-18.8;-25.6;1;588;1.09
;;;Parkano;1060;19981228;1998;12;28;3275000;6885000;-8.9;-2.4;-21;1;399;3.28
;;;Parkano;1060;19981229;1998;12;29;3275000;6885000;-1.2;-0.6;-2.4;5;406;5.52
;;;Parkano;1060;19981230;1998;12;30;3275000;6885000;-2.4;-0.6;-3.5;1;413;5.02
;;;Parkano;1060;19981231;1998;12;31;3275000;6885000;-0.6;0.5;-5.5;0;428;5.29
;;;Parkano;1060;19990101;1999;1;1;3275000;6885000;-0.1;0.4;-0.7;0;444;5.24
;;;Parkano;1060;19990102;1999;1;2;3275000;6885000;0.7;1.2;0;0;444;5.92
;;;Parkano;1060;19990103;1999;1;3;3275000;6885000;-2.3;0.5;-3.4;0;699;4.48
;;;Parkano;1060;19990104;1999;1;4;3275000;6885000;-0.8;-0.2;-3.2;3;535;4.52
;;;Parkano;1060;19990105;1999;1;5;3275000;6885000;0.2;1.3;-1.7;4;513;5.98
;;;Parkano;1060;19990106;1999;1;6;3275000;6885000;-1.6;1.5;-6.2;0;526;5.21
;;;Parkano;1060;19990107;1999;1;7;3275000;6885000;-1.3;1.1;-7.1;2;513;5.35
;;;Parkano;1060;19990108;1999;1;8;3275000;6885000;-1.2;0.7;-3;10;744;5.35
;;;Parkano;1060;19990109;1999;1;9;3275000;6885000;0.2;1.6;-0.7;5;815;5.91
;;;Parkano;1060;19990110;1999;1;10;3275000;6885000;0.7;3.8;-1.9;8;571;6.01
;;;Parkano;1060;19990111;1999;1;11;3275000;6885000;-0.5;1;-1.3;0;659;5.26
;;;Parkano;1060;19990112;1999;1;12;3275000;6885000;-2.6;-0.7;-6;0;840;5
;;;Parkano;1060;19990113;1999;1;13;3275000;6885000;-0.2;0.4;-2.7;3;621;6.01
;;;Parkano;1060;19990114;1999;1;14;3275000;6885000;-1.9;0.1;-4;4;1026;4.97
;;;Parkano;1060;19990115;1999;1;15;3275000;6885000;0.4;2;-3.4;0;886;6
;;;Parkano;1060;19990116;1999;1;16;3275000;6885000;-1.1;2.3;-5.3;10;901;5.67
;;;Parkano;1060;19990117;1999;1;17;3275000;6885000;0.8;4.4;-0.7;0;958;5.38
;;;Parkano;1060;19990118;1999;1;18;3275000;6885000;-5.6;0.4;-10.5;0;749;3.61
;;;Parkano;1060;19990119;1999;1;19;3275000;6885000;-5.9;-0.9;-15.3;2;937;4.02
;;;Parkano;1060;19990120;1999;1;20;3275000;6885000;1;1.7;-0.9;2;787;6.16
;;;Parkano;1060;19990121;1999;1;21;3275000;6885000;-0.1;1.4;-1;7;806;5.82
;;;Parkano;1060;19990122;1999;1;22;3275000;6885000;-4.4;0.1;-6.9;0;1374;3.95
;;;Parkano;1060;19990123;1999;1;23;3275000;6885000;-12;-6.8;-17.4;0;1293;2.34
;;;Parkano;1060;19990124;1999;1;24;3275000;6885000;-8.4;-7.2;-10.5;1;879;2.94
;;;Parkano;1060;19990125;1999;1;25;3275000;6885000;-11.5;-8.3;-14.3;0;1607;2.3
;;;Parkano;1060;19990126;1999;1;26;3275000;6885000;-12;-9.4;-17.1;0;1288;2.14
;;;Parkano;1060;19990127;1999;1;27;3275000;6885000;-12.2;-7.4;-17.5;0;1839;2.14
;;;Parkano;1060;19990128;1999;1;28;3275000;6885000;-8.2;-6.9;-13.8;0;1259;3.04
;;;Parkano;1060;19990129;1999;1;29;3275000;6885000;-6.5;-3.7;-11.2;0;1056;3.55
;;;Parkano;1060;19990130;1999;1;30;3275000;6885000;-1.6;0.2;-4.6;0;1315;4.96
;;;Parkano;1060;19990131;1999;1;31;3275000;6885000;3;5.5;-1.3;0;1302;4.73
;;;Parkano;1060;19990201;1999;2;1;3275000;6885000;1.7;5.7;-0.7;0;2267;4.91
;;;Parkano;1060;19990202;1999;2;2;3275000;6885000;0.2;2.6;-2.6;0;1543;5.19
;;;Parkano;1060;19990203;1999;2;3;3275000;6885000;1.5;2.4;0.1;1;1227;6.15
;;;Parkano;1060;19990204;1999;2;4;3275000;6885000;-1.7;0.8;-3;0;2377;3.68
;;;Parkano;1060;19990205;1999;2;5;3275000;6885000;-3;-0.4;-4.6;0;2662;2.69
;;;Parkano;1060;19990206;1999;2;6;3275000;6885000;-5;-1.4;-10.9;1;2162;3.81
;;;Parkano;1060;19990207;1999;2;7;3275000;6885000;2.1;4.9;-2.6;0;2515;5.67
;;;Parkano;1060;19990208;1999;2;8;3275000;6885000;2.9;5;-0.7;1;2358;4.95
;;;Parkano;1060;19990209;1999;2;9;3275000;6885000;-5.5;-0.5;-9.2;1;2749;3.39
;;;Parkano;1060;19990210;1999;2;10;3275000;6885000;-2.5;1.9;-9.6;0;1585;5.1
;;;Parkano;1060;19990211;1999;2;11;3275000;6885000;-0.9;0.9;-2;0;1534;5.67
;;;Parkano;1060;19990212;1999;2;12;3275000;6885000;-0.8;2;-2.9;0;2015;5.49
;;;Parkano;1060;19990213;1999;2;13;3275000;6885000;-0.6;0.8;-2.1;0;1506;5.38
;;;Parkano;1060;19990214;1999;2;14;3275000;6885000;0.1;1;-1;4;1545;5.49
;;;Parkano;1060;19990215;1999;2;15;3275000;6885000;-1.2;0.5;-3.9;0;3642;5.03
;;;Parkano;1060;19990216;1999;2;16;3275000;6885000;-8.7;-3.5;-14.8;0;4013;3.18
;;;Parkano;1060;19990217;1999;2;17;3275000;6885000;-7.6;-4.1;-11.3;0;3889;2.4
;;;Parkano;1060;19990218;1999;2;18;3275000;6885000;-8.8;-7.9;-10;4;1637;2.73
;;;Parkano;1060;19990219;1999;2;19;3275000;6885000;-12.5;-8.5;-14.6;0;3863;1.95
;;;Parkano;1060;19990220;1999;2;20;3275000;6885000;-14.9;-11.1;-19.5;0;4149;1.64
;;;Parkano;1060;19990221;1999;2;21;3275000;6885000;-15;-9.7;-20.5;0;4734;1.68
;;;Parkano;1060;19990222;1999;2;22;3275000;6885000;-12.6;-7.5;-16.8;0;4622;2.17
;;;Parkano;1060;19990223;1999;2;23;3275000;6885000;-7.5;-3.6;-15;1;2056;3.46
;;;Parkano;1060;19990224;1999;2;24;3275000;6885000;-3.9;-2.4;-6.9;0;2056;4.35
;;;Parkano;1060;19990225;1999;2;25;3275000;6885000;-6.1;-2.9;-7.2;0;2488;3.29
;;;Parkano;1060;19990226;1999;2;26;3275000;6885000;-5.4;-3.7;-6.9;1;2509;3.62
;;;Parkano;1060;19990227;1999;2;27;3275000;6885000;-6.1;-2.8;-9.3;0;4432;3.27
;;;Parkano;1060;19990228;1999;2;28;3275000;6885000;-4.3;-2.5;-6.9;0;3049;3.59
;;;Parkano;1060;19990301;1999;3;1;3275000;6885000;-4;0.2;-6.9;0;4549;3.92
;;;Parkano;1060;19990302;1999;3;2;3275000;6885000;-3.8;1.7;-8.8;0;5334;3.98
;;;Parkano;1060;19990303;1999;3;3;3275000;6885000;-2.9;-1.9;-6.8;0;2464;4.65
;;;Parkano;1060;19990304;1999;3;4;3275000;6885000;-2.4;-1.6;-3.5;14;2383;4.81
;;;Parkano;1060;19990305;1999;3;5;3275000;6885000;-2.6;-1.5;-3.8;3;2565;4.7
;;;Parkano;1060;19990306;1999;3;6;3275000;6885000;-6.2;-3.6;-8.7;0;4193;3.56
;;;Parkano;1060;19990307;1999;3;7;3275000;6885000;-4.1;-2.2;-9.4;0;2302;4.14
;;;Parkano;1060;19990308;1999;3;8;3275000;6885000;0.4;1.4;-2.6;0;2749;5.14
;;;Parkano;1060;19990309;1999;3;9;3275000;6885000;-2.8;2.2;-5.3;0;7427;2.42
;;;Parkano;1060;19990310;1999;3;10;3275000;6885000;-6.2;0.8;-16.8;0;3766;3.1
;;;Parkano;1060;19990311;1999;3;11;3275000;6885000;-8;1.2;-11.8;0;4682;2.51
;;;Parkano;1060;19990312;1999;3;12;3275000;6885000;0;5.7;-6.4;0;8356;5.15
;;;Parkano;1060;19990313;1999;3;13;3275000;6885000;2.6;7.7;-1.1;0;9440;6.05
;;;Parkano;1060;19990314;1999;3;14;3275000;6885000;4;10.2;0;0;9776;6.42
;;;Parkano;1060;19990315;1999;3;15;3275000;6885000;2.7;5.8;0.5;0;5031;6.21
;;;Parkano;1060;19990316;1999;3;16;3275000;6885000;-0.6;2;-4.1;2;3459;5.65
;;;Parkano;1060;19990317;1999;3;17;3275000;6885000;0;4.1;-2.6;0;9814;4.7
;;;Parkano;1060;19990318;1999;3;18;3275000;6885000;-1.7;2.7;-6.8;0;9550;4.32
;;;Parkano;1060;19990319;1999;3;19;3275000;6885000;-0.9;2.6;-3.4;0;9878;4.35
;;;Parkano;1060;19990320;1999;3;20;3275000;6885000;2;7.4;-4.2;0;9223;5.78
;;;Parkano;1060;19990321;1999;3;21;3275000;6885000;1.5;6;-0.8;0;11074;5.12
;;;Parkano;1060;19990322;1999;3;22;3275000;6885000;0.4;1.6;-3.1;9;3537;5.87
;;;Parkano;1060;19990323;1999;3;23;3275000;6885000;0.5;4;-1.2;0;8470;5.55
;;;Parkano;1060;19990324;1999;3;24;3275000;6885000;-0.5;3.7;-4.3;0;11434;4.29
;;;Parkano;1060;19990325;1999;3;25;3275000;6885000;-0.8;2.2;-2.6;0;11159;3.82
;;;Parkano;1060;19990326;1999;3;26;3275000;6885000;-2.4;1.8;-7.3;0;11674;3.54
;;;Parkano;1060;19990327;1999;3;27;3275000;6885000;-1.3;1.4;-2.7;0;7430;4.04
;;;Parkano;1060;19990328;1999;3;28;3275000;6885000;-2.7;1.8;-8.6;0;10059;3.73
;;;Parkano;1060;19990329;1999;3;29;3275000;6885000;-1.2;-0.1;-2.6;2;4665;4.8
;;;Parkano;1060;19990330;1999;3;30;3275000;6885000;1.5;3.6;-0.4;0;4232;6.64
;;;Parkano;1060;19990331;1999;3;31;3275000;6885000;1.2;3.3;0.1;0;5424;6.08
;;;Parkano;1060;19990401;1999;4;1;3275000;6885000;0.1;1.7;-2.5;0;4574;5.73
;;;Parkano;1060;19990402;1999;4;2;3275000;6885000;0.8;2.5;-0.6;0;4717;5.67
;;;Parkano;1060;19990403;1999;4;3;3275000;6885000;-0.1;4.5;-4.5;0;14804;4.11
;;;Parkano;1060;19990404;1999;4;4;3275000;6885000;-1.1;2.9;-5.5;1;7180;4.74
;;;Parkano;1060;19990405;1999;4;5;3275000;6885000;0.4;2;-0.6;0;4937;5.9
;;;Parkano;1060;19990406;1999;4;6;3275000;6885000;0.9;2.9;-0.1;2;5019;6.02
;;;Parkano;1060;19990407;1999;4;7;3275000;6885000;-2.5;0.7;-5.5;0;16579;2.59
;;;Parkano;1060;19990408;1999;4;8;3275000;6885000;-4.4;0.9;-10.4;0;16964;1.94
;;;Parkano;1060;19990409;1999;4;9;3275000;6885000;-2.9;3.5;-10.8;0;17179;2.09
;;;Parkano;1060;19990410;1999;4;10;3275000;6885000;-0.8;5.4;-7.4;0;17560;3.07
;;;Parkano;1060;19990411;1999;4;11;3275000;6885000;-0.3;6.7;-7.8;0;18008;2.84
;;;Parkano;1060;19990412;1999;4;12;3275000;6885000;0.8;7.8;-7.1;0;17978;3.28
;;;Parkano;1060;19990413;1999;4;13;3275000;6885000;0.2;5.5;-4;0;18110;3.19
;;;Parkano;1060;19990414;1999;4;14;3275000;6885000;-0.6;6;-7.7;0;17962;3
;;;Parkano;1060;19990415;1999;4;15;3275000;6885000;0.9;6.6;-6.2;0;15409;3.88
;;;Parkano;1060;19990416;1999;4;16;3275000;6885000;2;3.9;-0.1;8;5513;6
;;;Parkano;1060;19990417;1999;4;17;3275000;6885000;2.5;5.8;0.4;0;9574;5.94
;;;Parkano;1060;19990418;1999;4;18;3275000;6885000;-1.5;2;-3.6;0;9506;3.87
;;;Parkano;1060;19990419;1999;4;19;3275000;6885000;-1.3;3.5;-6.1;0;19727;2.72
;;;Parkano;1060;19990420;1999;4;20;3275000;6885000;-1.9;2.5;-6.4;9;4945;4.64
;;;Parkano;1060;19990421;1999;4;21;3275000;6885000;3.8;8;0.1;2;7557;7.29
;;;Parkano;1060;19990422;1999;4;22;3275000;6885000;6.9;14.1;1;0;19491;7
;;;Parkano;1060;19990423;1999;4;23;3275000;6885000;8.2;11.4;5.8;0;7610;8.88
;;;Parkano;1060;19990424;1999;4;24;3275000;6885000;10.1;18;1.9;0;18885;8.37
;;;Parkano;1060;19990425;1999;4;25;3275000;6885000;10.5;16.3;5.9;0;13520;9.33
;;;Parkano;1060;19990426;1999;4;26;3275000;6885000;12.4;21.7;2.4;0;20979;9.04
;;;Parkano;1060;19990427;1999;4;27;3275000;6885000;7.5;15.5;3.2;0;19344;6.09
;;;Parkano;1060;19990428;1999;4;28;3275000;6885000;7;15.1;-2.4;0;21288;5.32
;;;Parkano;1060;19990429;1999;4;29;3275000;6885000;10.7;19.5;0.7;0;22394;6.02
;;;Parkano;1060;19990430;1999;4;30;3275000;6885000;12;21.2;0;0;22826;5.86
;;;Parkano;1060;19990501;1999;5;1;3275000;6885000;13.8;22.1;3.4;0;20416;7.39
;;;Parkano;1060;19990502;1999;5;2;3275000;6885000;12.9;21.5;5;0;18541;8.55
;;;Parkano;1060;19990503;1999;5;3;3275000;6885000;12;19.1;5.1;0;14861;10.06
;;;Parkano;1060;19990504;1999;5;4;3275000;6885000;9.6;16.4;0;0;21939;7.13
;;;Parkano;1060;19990505;1999;5;5;3275000;6885000;13.3;23.4;5.4;1;16749;10.23
;;;Parkano;1060;19990506;1999;5;6;3275000;6885000;16;24.7;9.8;0;19846;11.92
;;;Parkano;1060;19990507;1999;5;7;3275000;6885000;14;22.9;6.4;0;21155;9.52
;;;Parkano;1060;19990508;1999;5;8;3275000;6885000;8.8;15.2;0.5;0;22016;8.35
;;;Parkano;1060;19990509;1999;5;9;3275000;6885000;10.6;17.8;0.6;0;22562;6.96
;;;Parkano;1060;19990510;1999;5;10;3275000;6885000;11.5;19.4;1.5;0;24790;6.13
;;;Parkano;1060;19990511;1999;5;11;3275000;6885000;10.1;16;2.3;0;23733;7.21
;;;Parkano;1060;19990512;1999;5;12;3275000;6885000;11.7;20.6;2.6;0;23660;7.89
;;;Parkano;1060;19990513;1999;5;13;3275000;6885000;14.6;23;6.2;0;17371;10
;;;Parkano;1060;19990514;1999;5;14;3275000;6885000;19.2;26.2;9.7;0;19939;8.78
;;;Parkano;1060;19990515;1999;5;15;3275000;6885000;16.2;22.5;12.2;0;15224;12.16
;;;Parkano;1060;19990516;1999;5;16;3275000;6885000;12.5;17;9;0;23804;7.93
;;;Parkano;1060;19990517;1999;5;17;3275000;6885000;13.8;21.6;4.5;0;25793;8.23
;;;Parkano;1060;19990518;1999;5;18;3275000;6885000;15.7;24.9;2.3;0;26194;7.12
;;;Parkano;1060;19990519;1999;5;19;3275000;6885000;17.9;26.7;5;0;26687;8.63
;;;Parkano;1060;19990520;1999;5;20;3275000;6885000;17.7;23.9;9.5;0;24894;11.05
;;;Parkano;1060;19990521;1999;5;21;3275000;6885000;12.5;21.2;8.8;0;16802;9.2
;;;Parkano;1060;19990522;1999;5;22;3275000;6885000;13.6;20.6;5;0;24596;8.46
;;;Parkano;1060;19990523;1999;5;23;3275000;6885000;11.7;19.8;3.2;0;26059;6.44
;;;Parkano;1060;19990524;1999;5;24;3275000;6885000;5.7;12.3;0.7;0;19294;5.47
;;;Parkano;1060;19990525;1999;5;25;3275000;6885000;5.4;8.5;1.6;0;12663;5.74
;;;Parkano;1060;19990526;1999;5;26;3275000;6885000;5.8;8.9;1.8;0;12614;6.38
;;;Parkano;1060;19990527;1999;5;27;3275000;6885000;6.3;11.5;-1.2;1;17110;4.95
;;;Parkano;1060;19990528;1999;5;28;3275000;6885000;7.6;15.3;0.7;0;14102;8.17
;;;Parkano;1060;19990529;1999;5;29;3275000;6885000;8.1;12.5;4.2;0;19782;7.17
;;;Parkano;1060;19990530;1999;5;30;3275000;6885000;12.1;17.1;5.4;0;18050;8.56
;;;Parkano;1060;19990531;1999;5;31;3275000;6885000;12;16.5;9.1;7;14412;11.34
;;;Parkano;1060;19990601;1999;6;1;3275000;6885000;10.8;13.8;7.3;6;11240;11.62
;;;Parkano;1060;19990602;1999;6;2;3275000;6885000;7.3;11;4.5;5;13519;8.74
;;;Parkano;1060;19990603;1999;6;3;3275000;6885000;6.2;9;4.2;0;9813;8.33
;;;Parkano;1060;19990604;1999;6;4;3275000;6885000;9.3;15.2;1.5;4;17789;7.98
;;;Parkano;1060;19990605;1999;6;5;3275000;6885000;9;12.7;6.8;0;11325;9.93
;;;Parkano;1060;19990606;1999;6;6;3275000;6885000;7.9;11.3;3.2;0;15515;7.87
;;;Parkano;1060;19990607;1999;6;7;3275000;6885000;8.1;11.1;5.5;0;13366;7.01
;;;Parkano;1060;19990608;1999;6;8;3275000;6885000;10.3;16.9;1;0;26521;6.39
;;;Parkano;1060;19990609;1999;6;9;3275000;6885000;9.6;15.1;2.8;0;14394;7.16
;;;Parkano;1060;19990610;1999;6;10;3275000;6885000;8.3;12.7;1.3;0;17945;6.66
;;;Parkano;1060;19990611;1999;6;11;3275000;6885000;9;14.3;1.3;0;20969;6.33
;;;Parkano;1060;19990612;1999;6;12;3275000;6885000;7.9;12.7;3;3;11664;7.75
;;;Parkano;1060;19990613;1999;6;13;3275000;6885000;9.9;14.1;5.9;0;18690;7.69
;;;Parkano;1060;19990614;1999;6;14;3275000;6885000;10;16.1;0.1;1;25406;6.44
;;;Parkano;1060;19990615;1999;6;15;3275000;6885000;9.2;14.1;6.1;1;14916;8.32
;;;Parkano;1060;19990616;1999;6;16;3275000;6885000;8.9;15.1;-0.1;26;17793;9.34
;;;Parkano;1060;19990617;1999;6;17;3275000;6885000;10.7;14.1;7.4;0;20099;8.81
;;;Parkano;1060;19990618;1999;6;18;3275000;6885000;12.6;17.6;5.3;0;26243;7.33
;;;Parkano;1060;19990619;1999;6;19;3275000;6885000;13.2;20;2.6;0;23548;7.55
;;;Parkano;1060;19990620;1999;6;20;3275000;6885000;14.3;20.1;7.3;0;17625;8.91
;;;Parkano;1060;19990621;1999;6;21;3275000;6885000;12.8;17.8;9;2;18503;9.06
;;;Parkano;1060;19990622;1999;6;22;3275000;6885000;9.4;14;7.1;6;12339;9.85
;;;Parkano;1060;19990623;1999;6;23;3275000;6885000;9.7;14.4;4;0;15997;8.87
;;;Parkano;1060;19990624;1999;6;24;3275000;6885000;12.5;17.4;2.7;0;20662;8.69
;;;Parkano;1060;19990625;1999;6;25;3275000;6885000;14.6;19.5;8;0;21611;9.55
;;;Parkano;1060;19990626;1999;6;26;3275000;6885000;14.7;20.1;8.2;2;22479;11.4
;;;Parkano;1060;19990627;1999;6;27;3275000;6885000;13.9;20;6.6;4;19252;11.6
;;;Parkano;1060;19990628;1999;6;28;3275000;6885000;14.2;19.1;7.8;0;23653;11.22
;;;Parkano;1060;19990629;1999;6;29;3275000;6885000;12.4;15.2;8.3;0;16244;9.66
;;;Parkano;1060;19990630;1999;6;30;3275000;6885000;14;19.3;7.5;0;24838;9.76
;;;Parkano;1060;19990701;1999;7;1;3275000;6885000;15.6;23.1;4.7;0;26433;9.58
;;;Parkano;1060;19990702;1999;7;2;3275000;6885000;16.4;23.4;9.1;6;14741;11.91
;;;Parkano;1060;19990703;1999;7;3;3275000;6885000;13.2;17.1;11.9;10;14227;12.33
;;;Parkano;1060;19990704;1999;7;4;3275000;6885000;10;14.8;5.2;8;9049;11.66
;;;Parkano;1060;19990705;1999;7;5;3275000;6885000;11.2;14;8.3;0;17834;9.72
;;;Parkano;1060;19990706;1999;7;6;3275000;6885000;9.8;15.8;3.1;1;19955;9.74
;;;Parkano;1060;19990707;1999;7;7;3275000;6885000;9.5;10.9;7.7;0;10501;10.03
;;;Parkano;1060;19990708;1999;7;8;3275000;6885000;12.7;17.8;7;0;19223;10.95
;;;Parkano;1060;19990709;1999;7;9;3275000;6885000;18.4;24.6;11.7;0;21757;13.23
;;;Parkano;1060;19990710;1999;7;10;3275000;6885000;18.8;23.4;15.1;0;16899;14.89
;;;Parkano;1060;19990711;1999;7;11;3275000;6885000;19.2;24.6;11.6;0;27137;11.32
;;;Parkano;1060;19990712;1999;7;12;3275000;6885000;15.9;21.6;12.3;2;10736;12.99
;;;Parkano;1060;19990713;1999;7;13;3275000;6885000;17.4;23;13.2;0;18747;12.33
;;;Parkano;1060;19990714;1999;7;14;3275000;6885000;17;21.7;11;0;17462;11.26
;;;Parkano;1060;19990715;1999;7;15;3275000;6885000;16.3;21.4;10.1;0;18794;11.71
;;;Parkano;1060;19990716;1999;7;16;3275000;6885000;16.3;23.5;9.9;0;23548;12.19
;;;Parkano;1060;19990717;1999;7;17;3275000;6885000;15.2;21.6;9.8;8;16551;14.1
;;;Parkano;1060;19990718;1999;7;18;3275000;6885000;14.4;21.6;8;0;19086;13.16
;;;Parkano;1060;19990719;1999;7;19;3275000;6885000;16.4;22.9;8.3;2;19169;14.38
;;;Parkano;1060;19990720;1999;7;20;3275000;6885000;17.6;23.7;9.6;0;18776;14.78
;;;Parkano;1060;19990721;1999;7;21;3275000;6885000;15.5;19;13.6;12;9847;16.57
;;;Parkano;1060;19990722;1999;7;22;3275000;6885000;16.4;21.2;13.1;0;16807;14.98
;;;Parkano;1060;19990723;1999;7;23;3275000;6885000;15.1;19.6;9.6;19;12358;14.91
;;;Parkano;1060;19990724;1999;7;24;3275000;6885000;15.6;18.6;13.8;4;10485;16.62
;;;Parkano;1060;19990725;1999;7;25;3275000;6885000;14.1;17.7;12.3;3;11999;14.19
;;;Parkano;1060;19990726;1999;7;26;3275000;6885000;14.1;18.4;11;0;17490;12.17
;;;Parkano;1060;19990727;1999;7;27;3275000;6885000;13;18.4;7.2;0;16848;11.33
;;;Parkano;1060;19990728;1999;7;28;3275000;6885000;13.7;20;6.2;0;17597;11.16
;;;Parkano;1060;19990729;1999;7;29;3275000;6885000;15.3;22.9;6.4;0;19604;10.92
;;;Parkano;1060;19990730;1999;7;30;3275000;6885000;15;19.1;10.4;0;9026;13.36
;;;Parkano;1060;19990731;1999;7;31;3275000;6885000;15.3;20;12.8;9;12033;14.62
;;;Parkano;1060;19990801;1999;8;1;3275000;6885000;14.8;19.8;10;0;20798;12.27
;;;Parkano;1060;19990802;1999;8;2;3275000;6885000;13.9;19.8;5.7;0;16510;11.95
;;;Parkano;1060;19990803;1999;8;3;3275000;6885000;15.3;19.9;10.4;0;15483;13.02
;;;Parkano;1060;19990804;1999;8;4;3275000;6885000;14.9;18.6;11.5;0;13877;12.57
;;;Parkano;1060;19990805;1999;8;5;3275000;6885000;14.9;22;7.7;0;17650;12.02
;;;Parkano;1060;19990806;1999;8;6;3275000;6885000;14.7;18.9;10.6;0;17335;12.23
;;;Parkano;1060;19990807;1999;8;7;3275000;6885000;13.6;18.3;10;0;12154;12.06
;;;Parkano;1060;19990808;1999;8;8;3275000;6885000;14.4;20;9.1;1;18117;12.61
;;;Parkano;1060;19990809;1999;8;9;3275000;6885000;14.8;17.7;12.6;11;8003;14.96
;;;Parkano;1060;19990810;1999;8;10;3275000;6885000;14.6;15.6;13.6;18;6460;15.9
;;;Parkano;1060;19990811;1999;8;11;3275000;6885000;13.8;17.3;11.2;0;14463;11.79
;;;Parkano;1060;19990812;1999;8;12;3275000;6885000;13.4;15.5;12.4;18;8423;13.66
;;;Parkano;1060;19990813;1999;8;13;3275000;6885000;10.2;12.5;8.6;3;6545;11.48
;;;Parkano;1060;19990814;1999;8;14;3275000;6885000;12.9;19.6;5.6;0;18685;11.12
;;;Parkano;1060;19990815;1999;8;15;3275000;6885000;11.8;15.1;8.7;15;7997;13.15
;;;Parkano;1060;19990816;1999;8;16;3275000;6885000;12.6;14.6;11.7;16;5761;14.28
;;;Parkano;1060;19990817;1999;8;17;3275000;6885000;11.4;13.3;9.4;15;6015;13.11
;;;Parkano;1060;19990818;1999;8;18;3275000;6885000;11.3;14.4;9.7;0;8206;12.09
;;;Parkano;1060;19990819;1999;8;19;3275000;6885000;11.6;16.7;9;0;12118;11.85
;;;Parkano;1060;19990820;1999;8;20;3275000;6885000;11.6;17.1;8;4;9343;11.39
;;;Parkano;1060;19990821;1999;8;21;3275000;6885000;10.6;16;7.8;13;10371;11.4
;;;Parkano;1060;19990822;1999;8;22;3275000;6885000;10.4;12.7;9;10;5296;12.01
;;;Parkano;1060;19990823;1999;8;23;3275000;6885000;10.4;12.8;8.9;2;6303;12.06
;;;Parkano;1060;19990824;1999;8;24;3275000;6885000;10.1;14.5;8.2;0;10445;10.22
;;;Parkano;1060;19990825;1999;8;25;3275000;6885000;8;13.4;3.1;0;12013;8.51
;;;Parkano;1060;19990826;1999;8;26;3275000;6885000;10;13.2;7.1;0;8061;10.45
;;;Parkano;1060;19990827;1999;8;27;3275000;6885000;10.2;13.8;7.5;1;13687;9.92
;;;Parkano;1060;19990828;1999;8;28;3275000;6885000;9;10.4;7.5;0;6758;9.86
;;;Parkano;1060;19990829;1999;8;29;3275000;6885000;8.1;11.2;3.3;0;7338;8.37
;;;Parkano;1060;19990830;1999;8;30;3275000;6885000;8.3;12.6;5.4;0;9408;7.8
;;;Parkano;1060;19990831;1999;8;31;3275000;6885000;8.7;13.7;2.3;0;11129;8.77
;;;Parkano;1060;19990901;1999;9;1;3275000;6885000;9.6;11.5;7.5;11;5293;11.23
;;;Parkano;1060;19990902;1999;9;2;3275000;6885000;7.5;11.2;4.3;0;7837;9.23
;;;Parkano;1060;19990903;1999;9;3;3275000;6885000;6.9;11.4;3.2;0;13109;7.2
;;;Parkano;1060;19990904;1999;9;4;3275000;6885000;5.7;11.7;0.1;1;12012;6.42
;;;Parkano;1060;19990905;1999;9;5;3275000;6885000;8;11.7;3.8;5;6742;9.68
;;;Parkano;1060;19990906;1999;9;6;3275000;6885000;7.8;11.4;6.1;0;10610;8.32
;;;Parkano;1060;19990907;1999;9;7;3275000;6885000;5.6;11.9;-1.3;0;10360;7.55
;;;Parkano;1060;19990908;1999;9;8;3275000;6885000;7.6;12.9;3.4;0;10842;7.83
;;;Parkano;1060;19990909;1999;9;9;3275000;6885000;5.7;12.3;-0.7;0;9946;6.54
;;;Parkano;1060;19990910;1999;9;10;3275000;6885000;5.6;12.9;-1.5;0;9755;6.95
;;;Parkano;1060;19990911;1999;9;11;3275000;6885000;5.9;11.2;2.4;1;8257;8.18
;;;Parkano;1060;19990912;1999;9;12;3275000;6885000;3.8;8.6;-1.5;0;10686;5.9
;;;Parkano;1060;19990913;1999;9;13;3275000;6885000;2.4;8.5;-2.2;0;8459;6.24
;;;Parkano;1060;19990914;1999;9;14;3275000;6885000;2.5;8.5;-2.8;0;10505;5.23
;;;Parkano;1060;19990915;1999;9;15;3275000;6885000;3;7.9;-0.7;0;8306;5.91
;;;Parkano;1060;19990916;1999;9;16;3275000;6885000;2.5;9.7;-3.4;0;11502;5.34
;;;Parkano;1060;19990917;1999;9;17;3275000;6885000;3.3;11.6;-3.9;0;10217;6.06
;;;Parkano;1060;19990918;1999;9;18;3275000;6885000;2;8.3;-2.9;0;7985;5.21
;;;Parkano;1060;19990919;1999;9;19;3275000;6885000;3.9;11.9;-4.4;0;8588;6.66
;;;Parkano;1060;19990920;1999;9;20;3275000;6885000;8.2;10.6;4.6;2;3590;9.5
;;;Parkano;1060;19990921;1999;9;21;3275000;6885000;9.1;11.2;7.5;1;3345;10.64
;;;Parkano;1060;19990922;1999;9;22;3275000;6885000;6.2;10.1;1.9;2;5509;8.27
;;;Parkano;1060;19990923;1999;9;23;3275000;6885000;3.7;7.5;0;0;5535;6.82
;;;Parkano;1060;19990924;1999;9;24;3275000;6885000;1.3;9;-3.8;0;7905;5.63
;;;Parkano;1060;19990925;1999;9;25;3275000;6885000;1.4;7.1;-4.4;0;8832;5.44
;;;Parkano;1060;19990926;1999;9;26;3275000;6885000;3.4;7.3;0.8;0;7265;6.25
;;;Parkano;1060;19990927;1999;9;27;3275000;6885000;3;7.8;-1.6;0;7026;6.69
;;;Parkano;1060;19990928;1999;9;28;3275000;6885000;0.1;6.8;-4.3;0;6420;5.41
;;;Parkano;1060;19990929;1999;9;29;3275000;6885000;2.1;8.4;-3.2;0;5110;6
;;;Parkano;1060;19990930;1999;9;30;3275000;6885000;2.9;8.9;-0.9;0;3866;6.45
;;;Parkano;1060;19991001;1999;10;1;3275000;6885000;1.4;9.3;-3.9;0;8378;5.38
;;;Parkano;1060;19991002;1999;10;2;3275000;6885000;2.4;10;-3.4;0;7513;5.8
;;;Parkano;1060;19991003;1999;10;3;3275000;6885000;5.2;6.7;1.4;6;2350;8.55
;;;Parkano;1060;19991004;1999;10;4;3275000;6885000;9.8;11;6.6;0;2254;11.41
;;;Parkano;1060;19991005;1999;10;5;3275000;6885000;9.8;12.2;7.7;1;3483;11.1
;;;Parkano;1060;19991006;1999;10;6;3275000;6885000;10;12;8.5;1;2843;11.05
;;;Parkano;1060;19991007;1999;10;7;3275000;6885000;8.1;10.2;6.6;11;2256;10.11
;;;Parkano;1060;19991008;1999;10;8;3275000;6885000;4;6.8;2.8;0;2332;7.67
;;;Parkano;1060;19991009;1999;10;9;3275000;6885000;3;3.8;2.2;14;2133;7.49
;;;Parkano;1060;19991010;1999;10;10;3275000;6885000;3.1;4.3;1.7;0;2246;7.41
;;;Parkano;1060;19991011;1999;10;11;3275000;6885000;1.1;3.7;-0.2;14;3187;6.05
;;;Parkano;1060;19991012;1999;10;12;3275000;6885000;5.4;10.7;0.2;7;2212;8.81
;;;Parkano;1060;19991013;1999;10;13;3275000;6885000;0.4;4.3;-2.2;0;5203;4.86
;;;Parkano;1060;19991014;1999;10;14;3275000;6885000;-2.9;2.8;-8;0;5204;4.05
;;;Parkano;1060;19991015;1999;10;15;3275000;6885000;0.1;5.2;-3.5;4;4459;4.92
;;;Parkano;1060;19991016;1999;10;16;3275000;6885000;-0.2;1.9;-1.5;2;2109;5.75
;;;Parkano;1060;19991017;1999;10;17;3275000;6885000;-1.1;3.6;-6.7;0;4721;5.2
;;;Parkano;1060;19991018;1999;10;18;3275000;6885000;5.1;7.2;0.7;1;2009;7.5
;;;Parkano;1060;19991019;1999;10;19;3275000;6885000;3.1;5.9;-0.4;0;2942;6.61
;;;Parkano;1060;19991020;1999;10;20;3275000;6885000;-2.1;0.9;-4.4;0;3436;4.2
;;;Parkano;1060;19991021;1999;10;21;3275000;6885000;-6.5;-0.3;-10.4;0;4243;2.74
;;;Parkano;1060;19991022;1999;10;22;3275000;6885000;-5.7;0.8;-11.3;0;4038;3.37
;;;Parkano;1060;19991023;1999;10;23;3275000;6885000;1.2;5.1;-3.3;0;2409;5.3
;;;Parkano;1060;19991024;1999;10;24;3275000;6885000;0.6;3.4;-1.3;0;3336;4.41
;;;Parkano;1060;19991025;1999;10;25;3275000;6885000;-2;1.4;-4;0;1624;4.68
;;;Parkano;1060;19991026;1999;10;26;3275000;6885000;0.4;6.1;-9;0;1680;6.01
;;;Parkano;1060;19991027;1999;10;27;3275000;6885000;3.6;6.3;0.6;0;3459;4.67
;;;Parkano;1060;19991028;1999;10;28;3275000;6885000;-1.1;3.7;-4;0;2561;4.65
;;;Parkano;1060;19991029;1999;10;29;3275000;6885000;0.3;3.7;-4.5;0;1814;5.91
;;;Parkano;1060;19991030;1999;10;30;3275000;6885000;2;4.3;0.3;0;2716;5.02
;;;Parkano;1060;19991031;1999;10;31;3275000;6885000;2.1;6;-0.4;0;2900;6.5
;;;Parkano;1060;19991101;1999;11;1;3275000;6885000;1.7;2.8;0.5;0;1269;6.61
;;;Parkano;1060;19991102;1999;11;2;3275000;6885000;1.2;2.4;0.4;0;1229;6.42
;;;Parkano;1060;19991103;1999;11;3;3275000;6885000;0.1;1.1;-0.7;0;1567;5.81
;;;Parkano;1060;19991104;1999;11;4;3275000;6885000;-0.3;0.4;-0.6;0;1195;5.62
;;;Parkano;1060;19991105;1999;11;5;3275000;6885000;-0.7;-0.1;-1;0;1128;5.22
;;;Parkano;1060;19991106;1999;11;6;3275000;6885000;-1.9;-0.7;-2.6;0;1102;4.31
;;;Parkano;1060;19991107;1999;11;7;3275000;6885000;-1.1;-0.2;-2.3;0;1074;4.86
;;;Parkano;1060;19991108;1999;11;8;3275000;6885000;-2.4;0;-3;0;1023;4.15
;;;Parkano;1060;19991109;1999;11;9;3275000;6885000;-4.1;-2.5;-5.5;0;1124;3.79
;;;Parkano;1060;19991110;1999;11;10;3275000;6885000;-3;-1.2;-6.1;0;1061;3.96
;;;Parkano;1060;19991111;1999;11;11;3275000;6885000;-5.6;-4;-8.7;0;1147;3.27
;;;Parkano;1060;19991112;1999;11;12;3275000;6885000;-1.6;-0.9;-4.3;0;918;4.98
;;;Parkano;1060;19991113;1999;11;13;3275000;6885000;-3.2;-1.8;-3.9;0;883;4.37
;;;Parkano;1060;19991114;1999;11;14;3275000;6885000;-8.5;-3.8;-11.8;0;1651;2.8
;;;Parkano;1060;19991115;1999;11;15;3275000;6885000;-7.5;-5.7;-10.4;0;1134;3.15
;;;Parkano;1060;19991116;1999;11;16;3275000;6885000;-5;-2.6;-9.6;0;817;4.13
;;;Parkano;1060;19991117;1999;11;17;3275000;6885000;-1.1;-0.2;-2.6;0;790;5.47
;;;Parkano;1060;19991118;1999;11;18;3275000;6885000;-7.4;-0.3;-13.6;0;1045;3.22
;;;Parkano;1060;19991119;1999;11;19;3275000;6885000;-12.2;-9.6;-16.2;0;1249;2.14
;;;Parkano;1060;19991120;1999;11;20;3275000;6885000;-14;-9.5;-17.7;0;1176;1.86
;;;Parkano;1060;19991121;1999;11;21;3275000;6885000;-12;-9;-16.1;0;1188;2.29
;;;Parkano;1060;19991122;1999;11;22;3275000;6885000;-7.8;-4.9;-11.8;0;987;2.74
;;;Parkano;1060;19991123;1999;11;23;3275000;6885000;-3.3;-2.2;-5.2;0;706;4.29
;;;Parkano;1060;19991124;1999;11;24;3275000;6885000;-2.2;-1.7;-2.6;0;636;4.94
;;;Parkano;1060;19991125;1999;11;25;3275000;6885000;-1.8;0;-3.8;0;655;5.03
;;;Parkano;1060;19991126;1999;11;26;3275000;6885000;-2.4;-1.5;-5.1;2;581;5.1
;;;Parkano;1060;19991127;1999;11;27;3275000;6885000;-3.9;-1.2;-6.1;0;838;4.42
;;;Parkano;1060;19991128;1999;11;28;3275000;6885000;-7.6;-4.6;-10.3;0;845;3.16
;;;Parkano;1060;19991129;1999;11;29;3275000;6885000;-6.7;-5.8;-7.3;0;538;3.35
;;;Parkano;1060;19991130;1999;11;30;3275000;6885000;-6.3;-5.5;-7.8;0;532;3.45
;;;Parkano;1060;19991201;1999;12;1;3275000;6885000;-5.8;-4.8;-7.1;1;508;3.51
;;;Parkano;1060;19991202;1999;12;2;3275000;6885000;-7.2;-6.7;-8.2;0;507;3.13
;;;Parkano;1060;19991203;1999;12;3;3275000;6885000;-3.2;0;-7.1;14;478;4.74
;;;Parkano;1060;19991204;1999;12;4;3275000;6885000;0;1.6;-1;0;714;5.72
;;;Parkano;1060;19991205;1999;12;5;3275000;6885000;0;1.3;-1.4;0;618;5.13
;;;Parkano;1060;19991206;1999;12;6;3275000;6885000;0.9;2.5;-3.8;2;445;6.62
;;;Parkano;1060;19991207;1999;12;7;3275000;6885000;1.1;2.7;0;6;432;6.34
;;;Parkano;1060;19991208;1999;12;8;3275000;6885000;-1;0;-2;1;449;5.53
;;;Parkano;1060;19991209;1999;12;9;3275000;6885000;-3.9;-1.8;-5.4;0;433;4.45
;;;Parkano;1060;19991210;1999;12;10;3275000;6885000;-8.9;-4.6;-11.4;0;586;2.96
;;;Parkano;1060;19991211;1999;12;11;3275000;6885000;-7.3;-6.6;-9.1;0;396;3.32
;;;Parkano;1060;19991212;1999;12;12;3275000;6885000;-6.5;-5.8;-7.8;0;401;3.5
;;;Parkano;1060;19991213;1999;12;13;3275000;6885000;-5.9;-4.7;-6.8;0;454;3.8
;;;Parkano;1060;19991214;1999;12;14;3275000;6885000;-5.6;-3.3;-8.3;0;447;3.81
;;;Parkano;1060;19991215;1999;12;15;3275000;6885000;-6.5;-3.5;-7.7;4;393;3.49
;;;Parkano;1060;19991216;1999;12;16;3275000;6885000;-3.4;-0.9;-7;2;372;4.74
;;;Parkano;1060;19991217;1999;12;17;3275000;6885000;-2.2;-0.6;-3.9;5;373;5.06
;;;Parkano;1060;19991218;1999;12;18;3275000;6885000;1.2;3.2;-3.7;12;368;6.72
;;;Parkano;1060;19991219;1999;12;19;3275000;6885000;1.1;3.3;-2;13;368;6.52
;;;Parkano;1060;19991220;1999;12;20;3275000;6885000;-1.3;-1;-2.1;5;372;5.37
;;;Parkano;1060;19991221;1999;12;21;3275000;6885000;-2;-0.9;-4.2;4;473;5.03
;;;Parkano;1060;19991222;1999;12;22;3275000;6885000;-1.3;-0.5;-1.9;1;376;5.48
;;;Parkano;1060;19991223;1999;12;23;3275000;6885000;-4.8;-1.8;-9;0;497;4.3
;;;Parkano;1060;19991224;1999;12;24;3275000;6885000;-6.5;-5;-9.7;0;376;3.59
;;;Parkano;1060;19991225;1999;12;25;3275000;6885000;-14.1;-6.7;-16.8;0;555;1.91
;;;Parkano;1060;19991226;1999;12;26;3275000;6885000;-20.5;-16.5;-24.6;0;552;1.1
;;;Parkano;1060;19991227;1999;12;27;3275000;6885000;-21.3;-18.8;-25.6;1;588;1.09
;;;Parkano;1060;19991228;1999;12;28;3275000;6885000;-8.9;-2.4;-21;1;399;3.28
;;;Parkano;1060;19991229;1999;12;29;3275000;6885000;-1.2;-0.6;-2.4;5;406;5.52
;;;Parkano;1060;19991230;1999;12;30;3275000;6885000;-2.4;-0.6;-3.5;1;413;5.02
;;;Parkano;1060;19991231;1999;12;31;3275000;6885000;-0.6;0.5;-5.5;0;428;5.29
;;;Parkano;1060;20000101;2000;1;1;3275000;6885000;-0.1;0.4;-0.7;0;444;5.24
;;;Parkano;1060;20000102;2000;1;2;3275000;6885000;0.7;1.2;0;0;444;5.92
;;;Parkano;1060;20000103;2000;1;3;3275000;6885000;-2.3;0.5;-3.4;0;699;4.48
;;;Parkano;1060;20000104;2000;1;4;3275000;6885000;-0.8;-0.2;-3.2;3;535;4.52
;;;Parkano;1060;20000105;2000;1;5;3275000;6885000;0.2;1.3;-1.7;4;513;5.98
;;;Parkano;1060;20000106;2000;1;6;3275000;6885000;-1.6;1.5;-6.2;0;526;5.21
;;;Parkano;1060;20000107;2000;1;7;3275000;6885000;-1.3;1.1;-7.1;2;513;5.35
;;;Parkano;1060;20000108;2000;1;8;3275000;6885000;-1.2;0.7;-3;10;744;5.35
;;;Parkano;1060;20000109;2000;1;9;3275000;6885000;0.2;1.6;-0.7;5;815;5.91
;;;Parkano;1060;20000110;2000;1;10;3275000;6885000;0.7;3.8;-1.9;8;571;6.01
;;;Parkano;1060;20000111;2000;1;11;3275000;6885000;-0.5;1;-1.3;0;659;5.26
;;;Parkano;1060;20000112;2000;1;12;3275000;6885000;-2.6;-0.7;-6;0;840;5
;;;Parkano;1060;20000113;2000;1;13;3275000;6885000;-0.2;0.4;-2.7;3;621;6.01
;;;Parkano;1060;20000114;2000;1;14;3275000;6885000;-1.9;0.1;-4;4;1026;4.97
;;;Parkano;1060;20000115;2000;1;15;3275000;6885000;0.4;2;-3.4;0;886;6
;;;Parkano;1060;20000116;2000;1;16;3275000;6885000;-1.1;2.3;-5.3;10;901;5.67
;;;Parkano;1060;20000117;2000;1;17;3275000;6885000;0.8;4.4;-0.7;0;958;5.38
;;;Parkano;1060;20000118;2000;1;18;3275000;6885000;-5.6;0.4;-10.5;0;749;3.61
;;;Parkano;1060;20000119;2000;1;19;3275000;6885000;-5.9;-0.9;-15.3;2;937;4.02
;;;Parkano;1060;20000120;2000;1;20;3275000;6885000;1;1.7;-0.9;2;787;6.16
;;;Parkano;1060;20000121;2000;1;21;3275000;6885000;-0.1;1.4;-1;7;806;5.82
;;;Parkano;1060;20000122;2000;1;22;3275000;6885000;-4.4;0.1;-6.9;0;1374;3.95
;;;Parkano;1060;20000123;2000;1;23;3275000;6885000;-12;-6.8;-17.4;0;1293;2.34
;;;Parkano;1060;20000124;2000;1;24;3275000;6885000;-8.4;-7.2;-10.5;1;879;2.94
;;;Parkano;1060;20000125;2000;1;25;3275000;6885000;-11.5;-8.3;-14.3;0;1607;2.3
;;;Parkano;1060;20000126;2000;1;26;3275000;6885000;-12;-9.4;-17.1;0;1288;2.14
;;;Parkano;1060;20000127;2000;1;27;3275000;6885000;-12.2;-7.4;-17.5;0;1839;2.14
;;;Parkano;1060;20000128;2000;1;28;3275000;6885000;-8.2;-6.9;-13.8;0;1259;3.04
;;;Parkano;1060;20000129;2000;1;29;3275000;6885000;-6.5;-3.7;-11.2;0;1056;3.55
;;;Parkano;1060;20000130;2000;1;30;3275000;6885000;-1.6;0.2;-4.6;0;1315;4.96
;;;Parkano;1060;20000131;2000;1;31;3275000;6885000;3;5.5;-1.3;0;1302;4.73
;;;Parkano;1060;20000201;2000;2;1;3275000;6885000;1.7;5.7;-0.7;0;2267;4.91
;;;Parkano;1060;20000202;2000;2;2;3275000;6885000;0.2;2.6;-2.6;0;1543;5.19
;;;Parkano;1060;20000203;2000;2;3;3275000;6885000;1.5;2.4;0.1;1;1227;6.15
;;;Parkano;1060;20000204;2000;2;4;3275000;6885000;-1.7;0.8;-3;0;2377;3.68
;;;Parkano;1060;20000205;2000;2;5;3275000;6885000;-3;-0.4;-4.6;0;2662;2.69
;;;Parkano;1060;20000206;2000;2;6;3275000;6885000;-5;-1.4;-10.9;1;2162;3.81
;;;Parkano;1060;20000207;2000;2;7;3275000;6885000;2.1;4.9;-2.6;0;2515;5.67
;;;Parkano;1060;20000208;2000;2;8;3275000;6885000;2.9;5;-0.7;1;2358;4.95
;;;Parkano;1060;20000209;2000;2;9;3275000;6885000;-5.5;-0.5;-9.2;1;2749;3.39
;;;Parkano;1060;20000210;2000;2;10;3275000;6885000;-2.5;1.9;-9.6;0;1585;5.1
;;;Parkano;1060;20000211;2000;2;11;3275000;6885000;-0.9;0.9;-2;0;1534;5.67
;;;Parkano;1060;20000212;2000;2;12;3275000;6885000;-0.8;2;-2.9;0;2015;5.49
;;;Parkano;1060;20000213;2000;2;13;3275000;6885000;-0.6;0.8;-2.1;0;1506;5.38
;;;Parkano;1060;20000214;2000;2;14;3275000;6885000;0.1;1;-1;4;1545;5.49
;;;Parkano;1060;20000215;2000;2;15;3275000;6885000;-1.2;0.5;-3.9;0;3642;5.03
;;;Parkano;1060;20000216;2000;2;16;3275000;6885000;-8.7;-3.5;-14.8;0;4013;3.18
;;;Parkano;1060;20000217;2000;2;17;3275000;6885000;-7.6;-4.1;-11.3;0;3889;2.4
;;;Parkano;1060;20000218;2000;2;18;3275000;6885000;-8.8;-7.9;-10;4;1637;2.73
;;;Parkano;1060;20000219;2000;2;19;3275000;6885000;-12.5;-8.5;-14.6;0;3863;1.95
;;;Parkano;1060;20000220;2000;2;20;3275000;6885000;-14.9;-11.1;-19.5;0;4149;1.64
;;;Parkano;1060;20000221;2000;2;21;3275000;6885000;-15;-9.7;-20.5;0;4734;1.68
;;;Parkano;1060;20000222;2000;2;22;3275000;6885000;-12.6;-7.5;-16.8;0;4622;2.17
;;;Parkano;1060;20000223;2000;2;23;3275000;6885000;-7.5;-3.6;-15;1;2056;3.46
;;;Parkano;1060;20000224;2000;2;24;3275000;6885000;-3.9;-2.4;-6.9;0;2056;4.35
;;;Parkano;1060;20000225;2000;2;25;3275000;6885000;-6.1;-2.9;-7.2;0;2488;3.29
;;;Parkano;1060;20000226;2000;2;26;3275000;6885000;-5.4;-3.7;-6.9;1;2509;3.62
;;;Parkano;1060;20000227;2000;2;27;3275000;6885000;-6.1;-2.8;-9.3;0;4432;3.27
;;;Parkano;1060;20000228;2000;2;28;3275000;6885000;-4.3;-2.5;-6.9;0;3049;3.59
;;;Parkano;1060;20000229;2000;2;29;3275000;6885000;-4;0.2;-6.9;0;4549;3.92
;;;Parkano;1060;20000301;2000;3;1;3275000;6885000;-3.8;1.7;-8.8;0;5334;3.98
;;;Parkano;1060;20000302;2000;3;2;3275000;6885000;-2.9;-1.9;-6.8;0;2464;4.65
;;;Parkano;1060;20000303;2000;3;3;3275000;6885000;-2.4;-1.6;-3.5;14;2383;4.81
;;;Parkano;1060;20000304;2000;3;4;3275000;6885000;-2.6;-1.5;-3.8;3;2565;4.7
;;;Parkano;1060;20000305;2000;3;5;3275000;6885000;-6.2;-3.6;-8.7;0;4193;3.56
;;;Parkano;1060;20000306;2000;3;6;3275000;6885000;-4.1;-2.2;-9.4;0;2302;4.14
;;;Parkano;1060;20000307;2000;3;7;3275000;6885000;0.4;1.4;-2.6;0;2749;5.14
;;;Parkano;1060;20000308;2000;3;8;3275000;6885000;-2.8;2.2;-5.3;0;7427;2.42
;;;Parkano;1060;20000309;2000;3;9;3275000;6885000;-6.2;0.8;-16.8;0;3766;3.1
;;;Parkano;1060;20000310;2000;3;10;3275000;6885000;-8;1.2;-11.8;0;4682;2.51
;;;Parkano;1060;20000311;2000;3;11;3275000;6885000;0;5.7;-6.4;0;8356;5.15
;;;Parkano;1060;20000312;2000;3;12;3275000;6885000;2.6;7.7;-1.1;0;9440;6.05
;;;Parkano;1060;20000313;2000;3;13;3275000;6885000;4;10.2;0;0;9776;6.42
;;;Parkano;1060;20000314;2000;3;14;3275000;6885000;2.7;5.8;0.5;0;5031;6.21
;;;Parkano;1060;20000315;2000;3;15;3275000;6885000;-0.6;2;-4.1;2;3459;5.65
;;;Parkano;1060;20000316;2000;3;16;3275000;6885000;0;4.1;-2.6;0;9814;4.7
;;;Parkano;1060;20000317;2000;3;17;3275000;6885000;-1.7;2.7;-6.8;0;9550;4.32
;;;Parkano;1060;20000318;2000;3;18;3275000;6885000;-0.9;2.6;-3.4;0;9878;4.35
;;;Parkano;1060;20000319;2000;3;19;3275000;6885000;2;7.4;-4.2;0;9223;5.78
;;;Parkano;1060;20000320;2000;3;20;3275000;6885000;1.5;6;-0.8;0;11074;5.12
;;;Parkano;1060;20000321;2000;3;21;3275000;6885000;0.4;1.6;-3.1;9;3537;5.87
;;;Parkano;1060;20000322;2000;3;22;3275000;6885000;0.5;4;-1.2;0;8470;5.55
;;;Parkano;1060;20000323;2000;3;23;3275000;6885000;-0.5;3.7;-4.3;0;11434;4.29
;;;Parkano;1060;20000324;2000;3;24;3275000;6885000;-0.8;2.2;-2.6;0;11159;3.82
;;;Parkano;1060;20000325;2000;3;25;3275000;6885000;-2.4;1.8;-7.3;0;11674;3.54
;;;Parkano;1060;20000326;2000;3;26;3275000;6885000;-1.3;1.4;-2.7;0;7430;4.04
;;;Parkano;1060;20000327;2000;3;27;3275000;6885000;-2.7;1.8;-8.6;0;10059;3.73
;;;Parkano;1060;20000328;2000;3;28;3275000;6885000;-1.2;-0.1;-2.6;2;4665;4.8
;;;Parkano;1060;20000329;2000;3;29;3275000;6885000;1.5;3.6;-0.4;0;4232;6.64
;;;Parkano;1060;20000330;2000;3;30;3275000;6885000;1.2;3.3;0.1;0;5424;6.08
;;;Parkano;1060;20000331;2000;3;31;3275000;6885000;0.1;1.7;-2.5;0;4574;5.73
;;;Parkano;1060;20000401;2000;4;1;3275000;6885000;0.8;2.5;-0.6;0;4717;5.67
;;;Parkano;1060;20000402;2000;4;2;3275000;6885000;-0.1;4.5;-4.5;0;14804;4.11
;;;Parkano;1060;20000403;2000;4;3;3275000;6885000;-1.1;2.9;-5.5;1;7180;4.74
;;;Parkano;1060;20000404;2000;4;4;3275000;6885000;0.4;2;-0.6;0;4937;5.9
;;;Parkano;1060;20000405;2000;4;5;3275000;6885000;0.9;2.9;-0.1;2;5019;6.02
;;;Parkano;1060;20000406;2000;4;6;3275000;6885000;-2.5;0.7;-5.5;0;16579;2.59
;;;Parkano;1060;20000407;2000;4;7;3275000;6885000;-4.4;0.9;-10.4;0;16964;1.94
;;;Parkano;1060;20000408;2000;4;8;3275000;6885000;-2.9;3.5;-10.8;0;17179;2.09
;;;Parkano;1060;20000409;2000;4;9;3275000;6885000;-0.8;5.4;-7.4;0;17560;3.07
;;;Parkano;1060;20000410;2000;4;10;3275000;6885000;-0.3;6.7;-7.8;0;18008;2.84
;;;Parkano;1060;20000411;2000;4;11;3275000;6885000;0.8;7.8;-7.1;0;17978;3.28
;;;Parkano;1060;20000412;2000;4;12;3275000;6885000;0.2;5.5;-4;0;18110;3.19
;;;Parkano;1060;20000413;2000;4;13;3275000;6885000;-0.6;6;-7.7;0;17962;3
;;;Parkano;1060;20000414;2000;4;14;3275000;6885000;0.9;6.6;-6.2;0;15409;3.88
;;;Parkano;1060;20000415;2000;4;15;3275000;6885000;2;3.9;-0.1;8;5513;6
;;;Parkano;1060;20000416;2000;4;16;3275000;6885000;2.5;5.8;0.4;0;9574;5.94
;;;Parkano;1060;20000417;2000;4;17;3275000;6885000;-1.5;2;-3.6;0;9506;3.87
;;;Parkano;1060;20000418;2000;4;18;3275000;6885000;-1.3;3.5;-6.1;0;19727;2.72
;;;Parkano;1060;20000419;2000;4;19;3275000;6885000;-1.9;2.5;-6.4;9;4945;4.64
;;;Parkano;1060;20000420;2000;4;20;3275000;6885000;3.8;8;0.1;2;7557;7.29
;;;Parkano;1060;20000421;2000;4;21;3275000;6885000;6.9;14.1;1;0;19491;7
;;;Parkano;1060;20000422;2000;4;22;3275000;6885000;8.2;11.4;5.8;0;7610;8.88
;;;Parkano;1060;20000423;2000;4;23;3275000;6885000;10.1;18;1.9;0;18885;8.37
;;;Parkano;1060;20000424;2000;4;24;3275000;6885000;10.5;16.3;5.9;0;13520;9.33
;;;Parkano;1060;20000425;2000;4;25;3275000;6885000;12.4;21.7;2.4;0;20979;9.04
;;;Parkano;1060;20000426;2000;4;26;3275000;6885000;7.5;15.5;3.2;0;19344;6.09
;;;Parkano;1060;20000427;2000;4;27;3275000;6885000;7;15.1;-2.4;0;21288;5.32
;;;Parkano;1060;20000428;2000;4;28;3275000;6885000;10.7;19.5;0.7;0;22394;6.02
;;;Parkano;1060;20000429;2000;4;29;3275000;6885000;12;21.2;0;0;22826;5.86
;;;Parkano;1060;20000430;2000;4;30;3275000;6885000;13.8;22.1;3.4;0;20416;7.39
;;;Parkano;1060;20000501;2000;5;1;3275000;6885000;12.9;21.5;5;0;18541;8.55
;;;Parkano;1060;20000502;2000;5;2;3275000;6885000;12;19.1;5.1;0;14861;10.06
;;;Parkano;1060;20000503;2000;5;3;3275000;6885000;9.6;16.4;0;0;21939;7.13
;;;Parkano;1060;20000504;2000;5;4;3275000;6885000;13.3;23.4;5.4;1;16749;10.23
;;;Parkano;1060;20000505;2000;5;5;3275000;6885000;16;24.7;9.8;0;19846;11.92
;;;Parkano;1060;20000506;2000;5;6;3275000;6885000;14;22.9;6.4;0;21155;9.52
;;;Parkano;1060;20000507;2000;5;7;3275000;6885000;8.8;15.2;0.5;0;22016;8.35
;;;Parkano;1060;20000508;2000;5;8;3275000;6885000;10.6;17.8;0.6;0;22562;6.96
;;;Parkano;1060;20000509;2000;5;9;3275000;6885000;11.5;19.4;1.5;0;24790;6.13
;;;Parkano;1060;20000510;2000;5;10;3275000;6885000;10.1;16;2.3;0;23733;7.21
;;;Parkano;1060;20000511;2000;5;11;3275000;6885000;11.7;20.6;2.6;0;23660;7.89
;;;Parkano;1060;20000512;2000;5;12;3275000;6885000;14.6;23;6.2;0;17371;10
;;;Parkano;1060;20000513;2000;5;13;3275000;6885000;19.2;26.2;9.7;0;19939;8.78
;;;Parkano;1060;20000514;2000;5;14;3275000;6885000;16.2;22.5;12.2;0;15224;12.16
;;;Parkano;1060;20000515;2000;5;15;3275000;6885000;12.5;17;9;0;23804;7.93
;;;Parkano;1060;20000516;2000;5;16;3275000;6885000;13.8;21.6;4.5;0;25793;8.23
;;;Parkano;1060;20000517;2000;5;17;3275000;6885000;15.7;24.9;2.3;0;26194;7.12
;;;Parkano;1060;20000518;2000;5;18;3275000;6885000;17.9;26.7;5;0;26687;8.63
;;;Parkano;1060;20000519;2000;5;19;3275000;6885000;17.7;23.9;9.5;0;24894;11.05
;;;Parkano;1060;20000520;2000;5;20;3275000;6885000;12.5;21.2;8.8;0;16802;9.2
;;;Parkano;1060;20000521;2000;5;21;3275000;6885000;13.6;20.6;5;0;24596;8.46
;;;Parkano;1060;20000522;2000;5;22;3275000;6885000;11.7;19.8;3.2;0;26059;6.44
;;;Parkano;1060;20000523;2000;5;23;3275000;6885000;5.7;12.3;0.7;0;19294;5.47
;;;Parkano;1060;20000524;2000;5;24;3275000;6885000;5.4;8.5;1.6;0;12663;5.74
;;;Parkano;1060;20000525;2000;5;25;3275000;6885000;5.8;8.9;1.8;0;12614;6.38
;;;Parkano;1060;20000526;2000;5;26;3275000;6885000;6.3;11.5;-1.2;1;17110;4.95
;;;Parkano;1060;20000527;2000;5;27;3275000;6885000;7.6;15.3;0.7;0;14102;8.17
;;;Parkano;1060;20000528;2000;5;28;3275000;6885000;8.1;12.5;4.2;0;19782;7.17
;;;Parkano;1060;20000529;2000;5;29;3275000;6885000;12.1;17.1;5.4;0;18050;8.56
;;;Parkano;1060;20000530;2000;5;30;3275000;6885000;12;16.5;9.1;7;14412;11.34
;;;Parkano;1060;20000531;2000;5;31;3275000;6885000;10.8;13.8;7.3;6;11240;11.62
;;;Parkano;1060;20000601;2000;6;1;3275000;6885000;7.3;11;4.5;5;13519;8.74
;;;Parkano;1060;20000602;2000;6;2;3275000;6885000;6.2;9;4.2;0;9813;8.33
;;;Parkano;1060;20000603;2000;6;3;3275000;6885000;9.3;15.2;1.5;4;17789;7.98
;;;Parkano;1060;20000604;2000;6;4;3275000;6885000;9;12.7;6.8;0;11325;9.93
;;;Parkano;1060;20000605;2000;6;5;3275000;6885000;7.9;11.3;3.2;0;15515;7.87
;;;Parkano;1060;20000606;2000;6;6;3275000;6885000;8.1;11.1;5.5;0;13366;7.01
;;;Parkano;1060;20000607;2000;6;7;3275000;6885000;10.3;16.9;1;0;26521;6.39
;;;Parkano;1060;20000608;2000;6;8;3275000;6885000;9.6;15.1;2.8;0;14394;7.16
;;;Parkano;1060;20000609;2000;6;9;3275000;6885000;8.3;12.7;1.3;0;17945;6.66
;;;Parkano;1060;20000610;2000;6;10;3275000;6885000;9;14.3;1.3;0;20969;6.33
;;;Parkano;1060;20000611;2000;6;11;3275000;6885000;7.9;12.7;3;3;11664;7.75
;;;Parkano;1060;20000612;2000;6;12;3275000;6885000;9.9;14.1;5.9;0;18690;7.69
;;;Parkano;1060;20000613;2000;6;13;3275000;6885000;10;16.1;0.1;1;25406;6.44
;;;Parkano;1060;20000614;2000;6;14;3275000;6885000;9.2;14.1;6.1;1;14916;8.32
;;;Parkano;1060;20000615;2000;6;15;3275000;6885000;8.9;15.1;-0.1;26;17793;9.34
;;;Parkano;1060;20000616;2000;6;16;3275000;6885000;10.7;14.1;7.4;0;20099;8.81
;;;Parkano;1060;20000617;2000;6;17;3275000;6885000;12.6;17.6;5.3;0;26243;7.33
;;;Parkano;1060;20000618;2000;6;18;3275000;6885000;13.2;20;2.6;0;23548;7.55
;;;Parkano;1060;20000619;2000;6;19;3275000;6885000;14.3;20.1;7.3;0;17625;8.91
;;;Parkano;1060;20000620;2000;6;20;3275000;6885000;12.8;17.8;9;2;18503;9.06
;;;Parkano;1060;20000621;2000;6;21;3275000;6885000;9.4;14;7.1;6;12339;9.85
;;;Parkano;1060;20000622;2000;6;22;3275000;6885000;9.7;14.4;4;0;15997;8.87
;;;Parkano;1060;20000623;2000;6;23;3275000;6885000;12.5;17.4;2.7;0;20662;8.69
;;;Parkano;1060;20000624;2000;6;24;3275000;6885000;14.6;19.5;8;0;21611;9.55
;;;Parkano;1060;20000625;2000;6;25;3275000;6885000;14.7;20.1;8.2;2;22479;11.4
;;;Parkano;1060;20000626;2000;6;26;3275000;6885000;13.9;20;6.6;4;19252;11.6
;;;Parkano;1060;20000627;2000;6;27;3275000;6885000;14.2;19.1;7.8;0;23653;11.22
;;;Parkano;1060;20000628;2000;6;28;3275000;6885000;12.4;15.2;8.3;0;16244;9.66
;;;Parkano;1060;20000629;2000;6;29;3275000;6885000;14;19.3;7.5;0;24838;9.76
;;;Parkano;1060;20000630;2000;6;30;3275000;6885000;15.6;23.1;4.7;0;26433;9.58
;;;Parkano;1060;20000701;2000;7;1;3275000;6885000;16.4;23.4;9.1;6;14741;11.91
;;;Parkano;1060;20000702;2000;7;2;3275000;6885000;13.2;17.1;11.9;10;14227;12.33
;;;Parkano;1060;20000703;2000;7;3;3275000;6885000;10;14.8;5.2;8;9049;11.66
;;;Parkano;1060;20000704;2000;7;4;3275000;6885000;11.2;14;8.3;0;17834;9.72
;;;Parkano;1060;20000705;2000;7;5;3275000;6885000;9.8;15.8;3.1;1;19955;9.74
;;;Parkano;1060;20000706;2000;7;6;3275000;6885000;9.5;10.9;7.7;0;10501;10.03
;;;Parkano;1060;20000707;2000;7;7;3275000;6885000;12.7;17.8;7;0;19223;10.95
;;;Parkano;1060;20000708;2000;7;8;3275000;6885000;18.4;24.6;11.7;0;21757;13.23
;;;Parkano;1060;20000709;2000;7;9;3275000;6885000;18.8;23.4;15.1;0;16899;14.89
;;;Parkano;1060;20000710;2000;7;10;3275000;6885000;19.2;24.6;11.6;0;27137;11.32
;;;Parkano;1060;20000711;2000;7;11;3275000;6885000;15.9;21.6;12.3;2;10736;12.99
;;;Parkano;1060;20000712;2000;7;12;3275000;6885000;17.4;23;13.2;0;18747;12.33
;;;Parkano;1060;20000713;2000;7;13;3275000;6885000;17;21.7;11;0;17462;11.26
;;;Parkano;1060;20000714;2000;7;14;3275000;6885000;16.3;21.4;10.1;0;18794;11.71
;;;Parkano;1060;20000715;2000;7;15;3275000;6885000;16.3;23.5;9.9;0;23548;12.19
;;;Parkano;1060;20000716;2000;7;16;3275000;6885000;15.2;21.6;9.8;8;16551;14.1
;;;Parkano;1060;20000717;2000;7;17;3275000;6885000;14.4;21.6;8;0;19086;13.16
;;;Parkano;1060;20000718;2000;7;18;3275000;6885000;16.4;22.9;8.3;2;19169;14.38
;;;Parkano;1060;20000719;2000;7;19;3275000;6885000;17.6;23.7;9.6;0;18776;14.78
;;;Parkano;1060;20000720;2000;7;20;3275000;6885000;15.5;19;13.6;12;9847;16.57
;;;Parkano;1060;20000721;2000;7;21;3275000;6885000;16.4;21.2;13.1;0;16807;14.98
;;;Parkano;1060;20000722;2000;7;22;3275000;6885000;15.1;19.6;9.6;19;12358;14.91
;;;Parkano;1060;20000723;2000;7;23;3275000;6885000;15.6;18.6;13.8;4;10485;16.62
;;;Parkano;1060;20000724;2000;7;24;3275000;6885000;14.1;17.7;12.3;3;11999;14.19
;;;Parkano;1060;20000725;2000;7;25;3275000;6885000;14.1;18.4;11;0;17490;12.17
;;;Parkano;1060;20000726;2000;7;26;3275000;6885000;13;18.4;7.2;0;16848;11.33
;;;Parkano;1060;20000727;2000;7;27;3275000;6885000;13.7;20;6.2;0;17597;11.16
;;;Parkano;1060;20000728;2000;7;28;3275000;6885000;15.3;22.9;6.4;0;19604;10.92
;;;Parkano;1060;20000729;2000;7;29;3275000;6885000;15;19.1;10.4;0;9026;13.36
;;;Parkano;1060;20000730;2000;7;30;3275000;6885000;15.3;20;12.8;9;12033;14.62
;;;Parkano;1060;20000731;2000;7;31;3275000;6885000;14.8;19.8;10;0;20798;12.27
;;;Parkano;1060;20000801;2000;8;1;3275000;6885000;13.9;19.8;5.7;0;16510;11.95
;;;Parkano;1060;20000802;2000;8;2;3275000;6885000;15.3;19.9;10.4;0;15483;13.02
;;;Parkano;1060;20000803;2000;8;3;3275000;6885000;14.9;18.6;11.5;0;13877;12.57
;;;Parkano;1060;20000804;2000;8;4;3275000;6885000;14.9;22;7.7;0;17650;12.02
;;;Parkano;1060;20000805;2000;8;5;3275000;6885000;14.7;18.9;10.6;0;17335;12.23
;;;Parkano;1060;20000806;2000;8;6;3275000;6885000;13.6;18.3;10;0;12154;12.06
;;;Parkano;1060;20000807;2000;8;7;3275000;6885000;14.4;20;9.1;1;18117;12.61
;;;Parkano;1060;20000808;2000;8;8;3275000;6885000;14.8;17.7;12.6;11;8003;14.96
;;;Parkano;1060;20000809;2000;8;9;3275000;6885000;14.6;15.6;13.6;18;6460;15.9
;;;Parkano;1060;20000810;2000;8;10;3275000;6885000;13.8;17.3;11.2;0;14463;11.79
;;;Parkano;1060;20000811;2000;8;11;3275000;6885000;13.4;15.5;12.4;18;8423;13.66
;;;Parkano;1060;20000812;2000;8;12;3275000;6885000;10.2;12.5;8.6;3;6545;11.48
;;;Parkano;1060;20000813;2000;8;13;3275000;6885000;12.9;19.6;5.6;0;18685;11.12
;;;Parkano;1060;20000814;2000;8;14;3275000;6885000;11.8;15.1;8.7;15;7997;13.15
;;;Parkano;1060;20000815;2000;8;15;3275000;6885000;12.6;14.6;11.7;16;5761;14.28
;;;Parkano;1060;20000816;2000;8;16;3275000;6885000;11.4;13.3;9.4;15;6015;13.11
;;;Parkano;1060;20000817;2000;8;17;3275000;6885000;11.3;14.4;9.7;0;8206;12.09
;;;Parkano;1060;20000818;2000;8;18;3275000;6885000;11.6;16.7;9;0;12118;11.85
;;;Parkano;1060;20000819;2000;8;19;3275000;6885000;11.6;17.1;8;4;9343;11.39
;;;Parkano;1060;20000820;2000;8;20;3275000;6885000;10.6;16;7.8;13;10371;11.4
;;;Parkano;1060;20000821;2000;8;21;3275000;6885000;10.4;12.7;9;10;5296;12.01
;;;Parkano;1060;20000822;2000;8;22;3275000;6885000;10.4;12.8;8.9;2;6303;12.06
;;;Parkano;1060;20000823;2000;8;23;3275000;6885000;10.1;14.5;8.2;0;10445;10.22
;;;Parkano;1060;20000824;2000;8;24;3275000;6885000;8;13.4;3.1;0;12013;8.51
;;;Parkano;1060;20000825;2000;8;25;3275000;6885000;10;13.2;7.1;0;8061;10.45
;;;Parkano;1060;20000826;2000;8;26;3275000;6885000;10.2;13.8;7.5;1;13687;9.92
;;;Parkano;1060;20000827;2000;8;27;3275000;6885000;9;10.4;7.5;0;6758;9.86
;;;Parkano;1060;20000828;2000;8;28;3275000;6885000;8.1;11.2;3.3;0;7338;8.37
;;;Parkano;1060;20000829;2000;8;29;3275000;6885000;8.3;12.6;5.4;0;9408;7.8
;;;Parkano;1060;20000830;2000;8;30;3275000;6885000;8.7;13.7;2.3;0;11129;8.77
;;;Parkano;1060;20000831;2000;8;31;3275000;6885000;9.6;11.5;7.5;11;5293;11.23
;;;Parkano;1060;20000901;2000;9;1;3275000;6885000;7.5;11.2;4.3;0;7837;9.23
;;;Parkano;1060;20000902;2000;9;2;3275000;6885000;6.9;11.4;3.2;0;13109;7.2
;;;Parkano;1060;20000903;2000;9;3;3275000;6885000;5.7;11.7;0.1;1;12012;6.42
;;;Parkano;1060;20000904;2000;9;4;3275000;6885000;8;11.7;3.8;5;6742;9.68
;;;Parkano;1060;20000905;2000;9;5;3275000;6885000;7.8;11.4;6.1;0;10610;8.32
;;;Parkano;1060;20000906;2000;9;6;3275000;6885000;5.6;11.9;-1.3;0;10360;7.55
;;;Parkano;1060;20000907;2000;9;7;3275000;6885000;7.6;12.9;3.4;0;10842;7.83
;;;Parkano;1060;20000908;2000;9;8;3275000;6885000;5.7;12.3;-0.7;0;9946;6.54
;;;Parkano;1060;20000909;2000;9;9;3275000;6885000;5.6;12.9;-1.5;0;9755;6.95
;;;Parkano;1060;20000910;2000;9;10;3275000;6885000;5.9;11.2;2.4;1;8257;8.18
;;;Parkano;1060;20000911;2000;9;11;3275000;6885000;3.8;8.6;-1.5;0;10686;5.9
;;;Parkano;1060;20000912;2000;9;12;3275000;6885000;2.4;8.5;-2.2;0;8459;6.24
;;;Parkano;1060;20000913;2000;9;13;3275000;6885000;2.5;8.5;-2.8;0;10505;5.23
;;;Parkano;1060;20000914;2000;9;14;3275000;6885000;3;7.9;-0.7;0;8306;5.91
;;;Parkano;1060;20000915;2000;9;15;3275000;6885000;2.5;9.7;-3.4;0;11502;5.34
;;;Parkano;1060;20000916;2000;9;16;3275000;6885000;3.3;11.6;-3.9;0;10217;6.06
;;;Parkano;1060;20000917;2000;9;17;3275000;6885000;2;8.3;-2.9;0;7985;5.21
;;;Parkano;1060;20000918;2000;9;18;3275000;6885000;3.9;11.9;-4.4;0;8588;6.66
;;;Parkano;1060;20000919;2000;9;19;3275000;6885000;8.2;10.6;4.6;2;3590;9.5
;;;Parkano;1060;20000920;2000;9;20;3275000;6885000;9.1;11.2;7.5;1;3345;10.64
;;;Parkano;1060;20000921;2000;9;21;3275000;6885000;6.2;10.1;1.9;2;5509;8.27
;;;Parkano;1060;20000922;2000;9;22;3275000;6885000;3.7;7.5;0;0;5535;6.82
;;;Parkano;1060;20000923;2000;9;23;3275000;6885000;1.3;9;-3.8;0;7905;5.63
;;;Parkano;1060;20000924;2000;9;24;3275000;6885000;1.4;7.1;-4.4;0;8832;5.44
;;;Parkano;1060;20000925;2000;9;25;3275000;6885000;3.4;7.3;0.8;0;7265;6.25
;;;Parkano;1060;20000926;2000;9;26;3275000;6885000;3;7.8;-1.6;0;7026;6.69
;;;Parkano;1060;20000927;2000;9;27;3275000;6885000;0.1;6.8;-4.3;0;6420;5.41
;;;Parkano;1060;20000928;2000;9;28;3275000;6885000;2.1;8.4;-3.2;0;5110;6
;;;Parkano;1060;20000929;2000;9;29;3275000;6885000;2.9;8.9;-0.9;0;3866;6.45
;;;Parkano;1060;20000930;2000;9;30;3275000;6885000;1.4;9.3;-3.9;0;8378;5.38
;;;Parkano;1060;20001001;2000;10;1;3275000;6885000;2.4;10;-3.4;0;7513;5.8
;;;Parkano;1060;20001002;2000;10;2;3275000;6885000;5.2;6.7;1.4;6;2350;8.55
;;;Parkano;1060;20001003;2000;10;3;3275000;6885000;9.8;11;6.6;0;2254;11.41
;;;Parkano;1060;20001004;2000;10;4;3275000;6885000;9.8;12.2;7.7;1;3483;11.1
;;;Parkano;1060;20001005;2000;10;5;3275000;6885000;10;12;8.5;1;2843;11.05
;;;Parkano;1060;20001006;2000;10;6;3275000;6885000;8.1;10.2;6.6;11;2256;10.11
;;;Parkano;1060;20001007;2000;10;7;3275000;6885000;4;6.8;2.8;0;2332;7.67
;;;Parkano;1060;20001008;2000;10;8;3275000;6885000;3;3.8;2.2;14;2133;7.49
;;;Parkano;1060;20001009;2000;10;9;3275000;6885000;3.1;4.3;1.7;0;2246;7.41
;;;Parkano;1060;20001010;2000;10;10;3275000;6885000;1.1;3.7;-0.2;14;3187;6.05
;;;Parkano;1060;20001011;2000;10;11;3275000;6885000;5.4;10.7;0.2;7;2212;8.81
;;;Parkano;1060;20001012;2000;10;12;3275000;6885000;0.4;4.3;-2.2;0;5203;4.86
;;;Parkano;1060;20001013;2000;10;13;3275000;6885000;-2.9;2.8;-8;0;5204;4.05
;;;Parkano;1060;20001014;2000;10;14;3275000;6885000;0.1;5.2;-3.5;4;4459;4.92
;;;Parkano;1060;20001015;2000;10;15;3275000;6885000;-0.2;1.9;-1.5;2;2109;5.75
;;;Parkano;1060;20001016;2000;10;16;3275000;6885000;-1.1;3.6;-6.7;0;4721;5.2
;;;Parkano;1060;20001017;2000;10;17;3275000;6885000;5.1;7.2;0.7;1;2009;7.5
;;;Parkano;1060;20001018;2000;10;18;3275000;6885000;3.1;5.9;-0.4;0;2942;6.61
;;;Parkano;1060;20001019;2000;10;19;3275000;6885000;-2.1;0.9;-4.4;0;3436;4.2
;;;Parkano;1060;20001020;2000;10;20;3275000;6885000;-6.5;-0.3;-10.4;0;4243;2.74
;;;Parkano;1060;20001021;2000;10;21;3275000;6885000;-5.7;0.8;-11.3;0;4038;3.37
;;;Parkano;1060;20001022;2000;10;22;3275000;6885000;1.2;5.1;-3.3;0;2409;5.3
;;;Parkano;1060;20001023;2000;10;23;3275000;6885000;0.6;3.4;-1.3;0;3336;4.41
;;;Parkano;1060;20001024;2000;10;24;3275000;6885000;-2;1.4;-4;0;1624;4.68
;;;Parkano;1060;20001025;2000;10;25;3275000;6885000;0.4;6.1;-9;0;1680;6.01
;;;Parkano;1060;20001026;2000;10;26;3275000;6885000;3.6;6.3;0.6;0;3459;4.67
;;;Parkano;1060;20001027;2000;10;27;3275000;6885000;-1.1;3.7;-4;0;2561;4.65
;;;Parkano;1060;20001028;2000;10;28;3275000;6885000;0.3;3.7;-4.5;0;1814;5.91
;;;Parkano;1060;20001029;2000;10;29;3275000;6885000;2;4.3;0.3;0;2716;5.02
;;;Parkano;1060;20001030;2000;10;30;3275000;6885000;2.1;6;-0.4;0;2900;6.5
;;;Parkano;1060;20001031;2000;10;31;3275000;6885000;1.7;2.8;0.5;0;1269;6.61
;;;Parkano;1060;20001101;2000;11;1;3275000;6885000;1.2;2.4;0.4;0;1229;6.42
;;;Parkano;1060;20001102;2000;11;2;3275000;6885000;0.1;1.1;-0.7;0;1567;5.81
;;;Parkano;1060;20001103;2000;11;3;3275000;6885000;-0.3;0.4;-0.6;0;1195;5.62
;;;Parkano;1060;20001104;2000;11;4;3275000;6885000;-0.7;-0.1;-1;0;1128;5.22
;;;Parkano;1060;20001105;2000;11;5;3275000;6885000;-1.9;-0.7;-2.6;0;1102;4.31
;;;Parkano;1060;20001106;2000;11;6;3275000;6885000;-1.1;-0.2;-2.3;0;1074;4.86
;;;Parkano;1060;20001107;2000;11;7;3275000;6885000;-2.4;0;-3;0;1023;4.15
;;;Parkano;1060;20001108;2000;11;8;3275000;6885000;-4.1;-2.5;-5.5;0;1124;3.79
;;;Parkano;1060;20001109;2000;11;9;3275000;6885000;-3;-1.2;-6.1;0;1061;3.96
;;;Parkano;1060;20001110;2000;11;10;3275000;6885000;-5.6;-4;-8.7;0;1147;3.27
;;;Parkano;1060;20001111;2000;11;11;3275000;6885000;-1.6;-0.9;-4.3;0;918;4.98
;;;Parkano;1060;20001112;2000;11;12;3275000;6885000;-3.2;-1.8;-3.9;0;883;4.37
;;;Parkano;1060;20001113;2000;11;13;3275000;6885000;-8.5;-3.8;-11.8;0;1651;2.8
;;;Parkano;1060;20001114;2000;11;14;3275000;6885000;-7.5;-5.7;-10.4;0;1134;3.15
;;;Parkano;1060;20001115;2000;11;15;3275000;6885000;-5;-2.6;-9.6;0;817;4.13
;;;Parkano;1060;20001116;2000;11;16;3275000;6885000;-1.1;-0.2;-2.6;0;790;5.47
;;;Parkano;1060;20001117;2000;11;17;3275000;6885000;-7.4;-0.3;-13.6;0;1045;3.22
;;;Parkano;1060;20001118;2000;11;18;3275000;6885000;-12.2;-9.6;-16.2;0;1249;2.14
;;;Parkano;1060;20001119;2000;11;19;3275000;6885000;-14;-9.5;-17.7;0;1176;1.86
;;;Parkano;1060;20001120;2000;11;20;3275000;6885000;-12;-9;-16.1;0;1188;2.29
;;;Parkano;1060;20001121;2000;11;21;3275000;6885000;-7.8;-4.9;-11.8;0;987;2.74
;;;Parkano;1060;20001122;2000;11;22;3275000;6885000;-3.3;-2.2;-5.2;0;706;4.29
;;;Parkano;1060;20001123;2000;11;23;3275000;6885000;-2.2;-1.7;-2.6;0;636;4.94
;;;Parkano;1060;20001124;2000;11;24;3275000;6885000;-1.8;0;-3.8;0;655;5.03
;;;Parkano;1060;20001125;2000;11;25;3275000;6885000;-2.4;-1.5;-5.1;2;581;5.1
;;;Parkano;1060;20001126;2000;11;26;3275000;6885000;-3.9;-1.2;-6.1;0;838;4.42
;;;Parkano;1060;20001127;2000;11;27;3275000;6885000;-7.6;-4.6;-10.3;0;845;3.16
;;;Parkano;1060;20001128;2000;11;28;3275000;6885000;-6.7;-5.8;-7.3;0;538;3.35
;;;Parkano;1060;20001129;2000;11;29;3275000;6885000;-6.3;-5.5;-7.8;0;532;3.45
;;;Parkano;1060;20001130;2000;11;30;3275000;6885000;-5.8;-4.8;-7.1;1;508;3.51
;;;Parkano;1060;20001201;2000;12;1;3275000;6885000;-7.2;-6.7;-8.2;0;507;3.13
;;;Parkano;1060;20001202;2000;12;2;3275000;6885000;-3.2;0;-7.1;14;478;4.74
;;;Parkano;1060;20001203;2000;12;3;3275000;6885000;0;1.6;-1;0;714;5.72
;;;Parkano;1060;20001204;2000;12;4;3275000;6885000;0;1.3;-1.4;0;618;5.13
;;;Parkano;1060;20001205;2000;12;5;3275000;6885000;0.9;2.5;-3.8;2;445;6.62
;;;Parkano;1060;20001206;2000;12;6;3275000;6885000;1.1;2.7;0;6;432;6.34
;;;Parkano;1060;20001207;2000;12;7;3275000;6885000;-1;0;-2;1;449;5.53
;;;Parkano;1060;20001208;2000;12;8;3275000;6885000;-3.9;-1.8;-5.4;0;433;4.45
;;;Parkano;1060;20001209;2000;12;9;3275000;6885000;-8.9;-4.6;-11.4;0;586;2.96
;;;Parkano;1060;20001210;2000;12;10;3275000;6885000;-7.3;-6.6;-9.1;0;396;3.32
;;;Parkano;1060;20001211;2000;12;11;3275000;6885000;-6.5;-5.8;-7.8;0;401;3.5
;;;Parkano;1060;20001212;2000;12;12;3275000;6885000;-5.9;-4.7;-6.8;0;454;3.8
;;;Parkano;1060;20001213;2000;12;13;3275000;6885000;-5.6;-3.3;-8.3;0;447;3.81
;;;Parkano;1060;20001214;2000;12;14;3275000;6885000;-6.5;-3.5;-7.7;4;393;3.49
;;;Parkano;1060;20001215;2000;12;15;3275000;6885000;-3.4;-0.9;-7;2;372;4.74
;;;Parkano;1060;20001216;2000;12;16;3275000;6885000;-2.2;-0.6;-3.9;5;373;5.06
;;;Parkano;1060;20001217;2000;12;17;3275000;6885000;1.2;3.2;-3.7;12;368;6.72
;;;Parkano;1060;20001218;2000;12;18;3275000;6885000;1.1;3.3;-2;13;368;6.52
;;;Parkano;1060;20001219;2000;12;19;3275000;6885000;-1.3;-1;-2.1;5;372;5.37
;;;Parkano;1060;20001220;2000;12;20;3275000;6885000;-2;-0.9;-4.2;4;473;5.03
;;;Parkano;1060;20001221;2000;12;21;3275000;6885000;-1.3;-0.5;-1.9;1;376;5.48
;;;Parkano;1060;20001222;2000;12;22;3275000;6885000;-4.8;-1.8;-9;0;497;4.3
;;;Parkano;1060;20001223;2000;12;23;3275000;6885000;-6.5;-5;-9.7;0;376;3.59
;;;Parkano;1060;20001224;2000;12;24;3275000;6885000;-14.1;-6.7;-16.8;0;555;1.91
;;;Parkano;1060;20001225;2000;12;25;3275000;6885000;-20.5;-16.5;-24.6;0;552;1.1
;;;Parkano;1060;20001226;2000;12;26;3275000;6885000;-21.3;-18.8;-25.6;1;588;1.09
;;;Parkano;1060;20001227;2000;12;27;3275000;6885000;-8.9;-2.4;-21;1;399;3.28
;;;Parkano;1060;20001228;2000;12;28;3275000;6885000;-1.2;-0.6;-2.4;5;406;5.52
;;;Parkano;1060;20001229;2000;12;29;3275000;6885000;-2.4;-0.6;-3.5;1;413;5.02
;;;Parkano;1060;20001230;2000;12;30;3275000;6885000;-0.6;0.5;-5.5;0;428;5.29
;;;Parkano;1060;20001231;2000;12;31;3275000;6885000;-0.1;0.4;-0.7;0;444;5.24
;;;Parkano;1060;20010101;2001;1;1;3275000;6885000;0.7;1.2;0;0;444;5.92
;;;Parkano;1060;20010102;2001;1;2;3275000;6885000;-2.3;0.5;-3.4;0;699;4.48
;;;Parkano;1060;20010103;2001;1;3;3275000;6885000;-0.8;-0.2;-3.2;3;535;4.52
;;;Parkano;1060;20010104;2001;1;4;3275000;6885000;0.2;1.3;-1.7;4;513;5.98
;;;Parkano;1060;20010105;2001;1;5;3275000;6885000;-1.6;1.5;-6.2;0;526;5.21
;;;Parkano;1060;20010106;2001;1;6;3275000;6885000;-1.3;1.1;-7.1;2;513;5.35
;;;Parkano;1060;20010107;2001;1;7;3275000;6885000;-1.2;0.7;-3;10;744;5.35
;;;Parkano;1060;20010108;2001;1;8;3275000;6885000;0.2;1.6;-0.7;5;815;5.91
;;;Parkano;1060;20010109;2001;1;9;3275000;6885000;0.7;3.8;-1.9;8;571;6.01
;;;Parkano;1060;20010110;2001;1;10;3275000;6885000;-0.5;1;-1.3;0;659;5.26
;;;Parkano;1060;20010111;2001;1;11;3275000;6885000;-2.6;-0.7;-6;0;840;5
;;;Parkano;1060;20010112;2001;1;12;3275000;6885000;-0.2;0.4;-2.7;3;621;6.01
;;;Parkano;1060;20010113;2001;1;13;3275000;6885000;-1.9;0.1;-4;4;1026;4.97
;;;Parkano;1060;20010114;2001;1;14;3275000;6885000;0.4;2;-3.4;0;886;6
;;;Parkano;1060;20010115;2001;1;15;3275000;6885000;-1.1;2.3;-5.3;10;901;5.67
;;;Parkano;1060;20010116;2001;1;16;3275000;6885000;0.8;4.4;-0.7;0;958;5.38
;;;Parkano;1060;20010117;2001;1;17;3275000;6885000;-5.6;0.4;-10.5;0;749;3.61
;;;Parkano;1060;20010118;2001;1;18;3275000;6885000;-5.9;-0.9;-15.3;2;937;4.02
;;;Parkano;1060;20010119;2001;1;19;3275000;6885000;1;1.7;-0.9;2;787;6.16
;;;Parkano;1060;20010120;2001;1;20;3275000;6885000;-0.1;1.4;-1;7;806;5.82
;;;Parkano;1060;20010121;2001;1;21;3275000;6885000;-4.4;0.1;-6.9;0;1374;3.95
;;;Parkano;1060;20010122;2001;1;22;3275000;6885000;-12;-6.8;-17.4;0;1293;2.34
;;;Parkano;1060;20010123;2001;1;23;3275000;6885000;-8.4;-7.2;-10.5;1;879;2.94
;;;Parkano;1060;20010124;2001;1;24;3275000;6885000;-11.5;-8.3;-14.3;0;1607;2.3
;;;Parkano;1060;20010125;2001;1;25;3275000;6885000;-12;-9.4;-17.1;0;1288;2.14
;;;Parkano;1060;20010126;2001;1;26;3275000;6885000;-12.2;-7.4;-17.5;0;1839;2.14
;;;Parkano;1060;20010127;2001;1;27;3275000;6885000;-8.2;-6.9;-13.8;0;1259;3.04
;;;Parkano;1060;20010128;2001;1;28;3275000;6885000;-6.5;-3.7;-11.2;0;1056;3.55
;;;Parkano;1060;20010129;2001;1;29;3275000;6885000;-1.6;0.2;-4.6;0;1315;4.96
;;;Parkano;1060;20010130;2001;1;30;3275000;6885000;3;5.5;-1.3;0;1302;4.73
;;;Parkano;1060;20010131;2001;1;31;3275000;6885000;1.7;5.7;-0.7;0;2267;4.91
;;;Parkano;1060;20010201;2001;2;1;3275000;6885000;0.2;2.6;-2.6;0;1543;5.19
;;;Parkano;1060;20010202;2001;2;2;3275000;6885000;1.5;2.4;0.1;1;1227;6.15
;;;Parkano;1060;20010203;2001;2;3;3275000;6885000;-1.7;0.8;-3;0;2377;3.68
;;;Parkano;1060;20010204;2001;2;4;3275000;6885000;-3;-0.4;-4.6;0;2662;2.69
;;;Parkano;1060;20010205;2001;2;5;3275000;6885000;-5;-1.4;-10.9;1;2162;3.81
;;;Parkano;1060;20010206;2001;2;6;3275000;6885000;2.1;4.9;-2.6;0;2515;5.67
;;;Parkano;1060;20010207;2001;2;7;3275000;6885000;2.9;5;-0.7;1;2358;4.95
;;;Parkano;1060;20010208;2001;2;8;3275000;6885000;-5.5;-0.5;-9.2;1;2749;3.39
;;;Parkano;1060;20010209;2001;2;9;3275000;6885000;-2.5;1.9;-9.6;0;1585;5.1
;;;Parkano;1060;20010210;2001;2;10;3275000;6885000;-0.9;0.9;-2;0;1534;5.67
;;;Parkano;1060;20010211;2001;2;11;3275000;6885000;-0.8;2;-2.9;0;2015;5.49
;;;Parkano;1060;20010212;2001;2;12;3275000;6885000;-0.6;0.8;-2.1;0;1506;5.38
;;;Parkano;1060;20010213;2001;2;13;3275000;6885000;0.1;1;-1;4;1545;5.49
;;;Parkano;1060;20010214;2001;2;14;3275000;6885000;-1.2;0.5;-3.9;0;3642;5.03
;;;Parkano;1060;20010215;2001;2;15;3275000;6885000;-8.7;-3.5;-14.8;0;4013;3.18
;;;Parkano;1060;20010216;2001;2;16;3275000;6885000;-7.6;-4.1;-11.3;0;3889;2.4
;;;Parkano;1060;20010217;2001;2;17;3275000;6885000;-8.8;-7.9;-10;4;1637;2.73
;;;Parkano;1060;20010218;2001;2;18;3275000;6885000;-12.5;-8.5;-14.6;0;3863;1.95
;;;Parkano;1060;20010219;2001;2;19;3275000;6885000;-14.9;-11.1;-19.5;0;4149;1.64
;;;Parkano;1060;20010220;2001;2;20;3275000;6885000;-15;-9.7;-20.5;0;4734;1.68
;;;Parkano;1060;20010221;2001;2;21;3275000;6885000;-12.6;-7.5;-16.8;0;4622;2.17
;;;Parkano;1060;20010222;2001;2;22;3275000;6885000;-7.5;-3.6;-15;1;2056;3.46
;;;Parkano;1060;20010223;2001;2;23;3275000;6885000;-3.9;-2.4;-6.9;0;2056;4.35
;;;Parkano;1060;20010224;2001;2;24;3275000;6885000;-6.1;-2.9;-7.2;0;2488;3.29
;;;Parkano;1060;20010225;2001;2;25;3275000;6885000;-5.4;-3.7;-6.9;1;2509;3.62
;;;Parkano;1060;20010226;2001;2;26;3275000;6885000;-6.1;-2.8;-9.3;0;4432;3.27
;;;Parkano;1060;20010227;2001;2;27;3275000;6885000;-4.3;-2.5;-6.9;0;3049;3.59
;;;Parkano;1060;20010228;2001;2;28;3275000;6885000;-4;0.2;-6.9;0;4549;3.92
;;;Parkano;1060;20010301;2001;3;1;3275000;6885000;-3.8;1.7;-8.8;0;5334;3.98
;;;Parkano;1060;20010302;2001;3;2;3275000;6885000;-2.9;-1.9;-6.8;0;2464;4.65
;;;Parkano;1060;20010303;2001;3;3;3275000;6885000;-2.4;-1.6;-3.5;14;2383;4.81
;;;Parkano;1060;20010304;2001;3;4;3275000;6885000;-2.6;-1.5;-3.8;3;2565;4.7
;;;Parkano;1060;20010305;2001;3;5;3275000;6885000;-6.2;-3.6;-8.7;0;4193;3.56
;;;Parkano;1060;20010306;2001;3;6;3275000;6885000;-4.1;-2.2;-9.4;0;2302;4.14
;;;Parkano;1060;20010307;2001;3;7;3275000;6885000;0.4;1.4;-2.6;0;2749;5.14
;;;Parkano;1060;20010308;2001;3;8;3275000;6885000;-2.8;2.2;-5.3;0;7427;2.42
;;;Parkano;1060;20010309;2001;3;9;3275000;6885000;-6.2;0.8;-16.8;0;3766;3.1
;;;Parkano;1060;20010310;2001;3;10;3275000;6885000;-8;1.2;-11.8;0;4682;2.51
;;;Parkano;1060;20010311;2001;3;11;3275000;6885000;0;5.7;-6.4;0;8356;5.15
;;;Parkano;1060;20010312;2001;3;12;3275000;6885000;2.6;7.7;-1.1;0;9440;6.05
;;;Parkano;1060;20010313;2001;3;13;3275000;6885000;4;10.2;0;0;9776;6.42
;;;Parkano;1060;20010314;2001;3;14;3275000;6885000;2.7;5.8;0.5;0;5031;6.21
;;;Parkano;1060;20010315;2001;3;15;3275000;6885000;-0.6;2;-4.1;2;3459;5.65
;;;Parkano;1060;20010316;2001;3;16;3275000;6885000;0;4.1;-2.6;0;9814;4.7
;;;Parkano;1060;20010317;2001;3;17;3275000;6885000;-1.7;2.7;-6.8;0;9550;4.32
;;;Parkano;1060;20010318;2001;3;18;3275000;6885000;-0.9;2.6;-3.4;0;9878;4.35
;;;Parkano;1060;20010319;2001;3;19;3275000;6885000;2;7.4;-4.2;0;9223;5.78
;;;Parkano;1060;20010320;2001;3;20;3275000;6885000;1.5;6;-0.8;0;11074;5.12
;;;Parkano;1060;20010321;2001;3;21;3275000;6885000;0.4;1.6;-3.1;9;3537;5.87
;;;Parkano;1060;20010322;2001;3;22;3275000;6885000;0.5;4;-1.2;0;8470;5.55
;;;Parkano;1060;20010323;2001;3;23;3275000;6885000;-0.5;3.7;-4.3;0;11434;4.29
;;;Parkano;1060;20010324;2001;3;24;3275000;6885000;-0.8;2.2;-2.6;0;11159;3.82
;;;Parkano;1060;20010325;2001;3;25;3275000;6885000;-2.4;1.8;-7.3;0;11674;3.54
;;;Parkano;1060;20010326;2001;3;26;3275000;6885000;-1.3;1.4;-2.7;0;7430;4.04
;;;Parkano;1060;20010327;2001;3;27;3275000;6885000;-2.7;1.8;-8.6;0;10059;3.73
;;;Parkano;1060;20010328;2001;3;28;3275000;6885000;-1.2;-0.1;-2.6;2;4665;4.8
;;;Parkano;1060;20010329;2001;3;29;3275000;6885000;1.5;3.6;-0.4;0;4232;6.64
;;;Parkano;1060;20010330;2001;3;30;3275000;6885000;1.2;3.3;0.1;0;5424;6.08
;;;Parkano;1060;20010331;2001;3;31;3275000;6885000;0.1;1.7;-2.5;0;4574;5.73
;;;Parkano;1060;20010401;2001;4;1;3275000;6885000;0.8;2.5;-0.6;0;4717;5.67
;;;Parkano;1060;20010402;2001;4;2;3275000;6885000;-0.1;4.5;-4.5;0;14804;4.11
;;;Parkano;1060;20010403;2001;4;3;3275000;6885000;-1.1;2.9;-5.5;1;7180;4.74
;;;Parkano;1060;20010404;2001;4;4;3275000;6885000;0.4;2;-0.6;0;4937;5.9
;;;Parkano;1060;20010405;2001;4;5;3275000;6885000;0.9;2.9;-0.1;2;5019;6.02
;;;Parkano;1060;20010406;2001;4;6;3275000;6885000;-2.5;0.7;-5.5;0;16579;2.59
;;;Parkano;1060;20010407;2001;4;7;3275000;6885000;-4.4;0.9;-10.4;0;16964;1.94
;;;Parkano;1060;20010408;2001;4;8;3275000;6885000;-2.9;3.5;-10.8;0;17179;2.09
;;;Parkano;1060;20010409;2001;4;9;3275000;6885000;-0.8;5.4;-7.4;0;17560;3.07
;;;Parkano;1060;20010410;2001;4;10;3275000;6885000;-0.3;6.7;-7.8;0;18008;2.84
;;;Parkano;1060;20010411;2001;4;11;3275000;6885000;0.8;7.8;-7.1;0;17978;3.28
;;;Parkano;1060;20010412;2001;4;12;3275000;6885000;0.2;5.5;-4;0;18110;3.19
;;;Parkano;1060;20010413;2001;4;13;3275000;6885000;-0.6;6;-7.7;0;17962;3
;;;Parkano;1060;20010414;2001;4;14;3275000;6885000;0.9;6.6;-6.2;0;15409;3.88
;;;Parkano;1060;20010415;2001;4;15;3275000;6885000;2;3.9;-0.1;8;5513;6
;;;Parkano;1060;20010416;2001;4;16;3275000;6885000;2.5;5.8;0.4;0;9574;5.94
;;;Parkano;1060;20010417;2001;4;17;3275000;6885000;-1.5;2;-3.6;0;9506;3.87
;;;Parkano;1060;20010418;2001;4;18;3275000;6885000;-1.3;3.5;-6.1;0;19727;2.72
;;;Parkano;1060;20010419;2001;4;19;3275000;6885000;-1.9;2.5;-6.4;9;4945;4.64
;;;Parkano;1060;20010420;2001;4;20;3275000;6885000;3.8;8;0.1;2;7557;7.29
;;;Parkano;1060;20010421;2001;4;21;3275000;6885000;6.9;14.1;1;0;19491;7
;;;Parkano;1060;20010422;2001;4;22;3275000;6885000;8.2;11.4;5.8;0;7610;8.88
;;;Parkano;1060;20010423;2001;4;23;3275000;6885000;10.1;18;1.9;0;18885;8.37
;;;Parkano;1060;20010424;2001;4;24;3275000;6885000;10.5;16.3;5.9;0;13520;9.33
;;;Parkano;1060;20010425;2001;4;25;3275000;6885000;12.4;21.7;2.4;0;20979;9.04
;;;Parkano;1060;20010426;2001;4;26;3275000;6885000;7.5;15.5;3.2;0;19344;6.09
;;;Parkano;1060;20010427;2001;4;27;3275000;6885000;7;15.1;-2.4;0;21288;5.32
;;;Parkano;1060;20010428;2001;4;28;3275000;6885000;10.7;19.5;0.7;0;22394;6.02
;;;Parkano;1060;20010429;2001;4;29;3275000;6885000;12;21.2;0;0;22826;5.86
;;;Parkano;1060;20010430;2001;4;30;3275000;6885000;13.8;22.1;3.4;0;20416;7.39
;;;Parkano;1060;20010501;2001;5;1;3275000;6885000;12.9;21.5;5;0;18541;8.55
;;;Parkano;1060;20010502;2001;5;2;3275000;6885000;12;19.1;5.1;0;14861;10.06
;;;Parkano;1060;20010503;2001;5;3;3275000;6885000;9.6;16.4;0;0;21939;7.13
;;;Parkano;1060;20010504;2001;5;4;3275000;6885000;13.3;23.4;5.4;1;16749;10.23
;;;Parkano;1060;20010505;2001;5;5;3275000;6885000;16;24.7;9.8;0;19846;11.92
;;;Parkano;1060;20010506;2001;5;6;3275000;6885000;14;22.9;6.4;0;21155;9.52
;;;Parkano;1060;20010507;2001;5;7;3275000;6885000;8.8;15.2;0.5;0;22016;8.35
;;;Parkano;1060;20010508;2001;5;8;3275000;6885000;10.6;17.8;0.6;0;22562;6.96
;;;Parkano;1060;20010509;2001;5;9;3275000;6885000;11.5;19.4;1.5;0;24790;6.13
;;;Parkano;1060;20010510;2001;5;10;3275000;6885000;10.1;16;2.3;0;23733;7.21
;;;Parkano;1060;20010511;2001;5;11;3275000;6885000;11.7;20.6;2.6;0;23660;7.89
;;;Parkano;1060;20010512;2001;5;12;3275000;6885000;14.6;23;6.2;0;17371;10
;;;Parkano;1060;20010513;2001;5;13;3275000;6885000;19.2;26.2;9.7;0;19939;8.78
;;;Parkano;1060;20010514;2001;5;14;3275000;6885000;16.2;22.5;12.2;0;15224;12.16
;;;Parkano;1060;20010515;2001;5;15;3275000;6885000;12.5;17;9;0;23804;7.93
;;;Parkano;1060;20010516;2001;5;16;3275000;6885000;13.8;21.6;4.5;0;25793;8.23
;;;Parkano;1060;20010517;2001;5;17;3275000;6885000;15.7;24.9;2.3;0;26194;7.12
;;;Parkano;1060;20010518;2001;5;18;3275000;6885000;17.9;26.7;5;0;26687;8.63
;;;Parkano;1060;20010519;2001;5;19;3275000;6885000;17.7;23.9;9.5;0;24894;11.05
;;;Parkano;1060;20010520;2001;5;20;3275000;6885000;12.5;21.2;8.8;0;16802;9.2
;;;Parkano;1060;20010521;2001;5;21;3275000;6885000;13.6;20.6;5;0;24596;8.46
;;;Parkano;1060;20010522;2001;5;22;3275000;6885000;11.7;19.8;3.2;0;26059;6.44
;;;Parkano;1060;20010523;2001;5;23;3275000;6885000;5.7;12.3;0.7;0;19294;5.47
;;;Parkano;1060;20010524;2001;5;24;3275000;6885000;5.4;8.5;1.6;0;12663;5.74
;;;Parkano;1060;20010525;2001;5;25;3275000;6885000;5.8;8.9;1.8;0;12614;6.38
;;;Parkano;1060;20010526;2001;5;26;3275000;6885000;6.3;11.5;-1.2;1;17110;4.95
;;;Parkano;1060;20010527;2001;5;27;3275000;6885000;7.6;15.3;0.7;0;14102;8.17
;;;Parkano;1060;20010528;2001;5;28;3275000;6885000;8.1;12.5;4.2;0;19782;7.17
;;;Parkano;1060;20010529;2001;5;29;3275000;6885000;12.1;17.1;5.4;0;18050;8.56
;;;Parkano;1060;20010530;2001;5;30;3275000;6885000;12;16.5;9.1;7;14412;11.34
;;;Parkano;1060;20010531;2001;5;31;3275000;6885000;10.8;13.8;7.3;6;11240;11.62
;;;Parkano;1060;20010601;2001;6;1;3275000;6885000;7.3;11;4.5;5;13519;8.74
;;;Parkano;1060;20010602;2001;6;2;3275000;6885000;6.2;9;4.2;0;9813;8.33
;;;Parkano;1060;20010603;2001;6;3;3275000;6885000;9.3;15.2;1.5;4;17789;7.98
;;;Parkano;1060;20010604;2001;6;4;3275000;6885000;9;12.7;6.8;0;11325;9.93
;;;Parkano;1060;20010605;2001;6;5;3275000;6885000;7.9;11.3;3.2;0;15515;7.87
;;;Parkano;1060;20010606;2001;6;6;3275000;6885000;8.1;11.1;5.5;0;13366;7.01
;;;Parkano;1060;20010607;2001;6;7;3275000;6885000;10.3;16.9;1;0;26521;6.39
;;;Parkano;1060;20010608;2001;6;8;3275000;6885000;9.6;15.1;2.8;0;14394;7.16
;;;Parkano;1060;20010609;2001;6;9;3275000;6885000;8.3;12.7;1.3;0;17945;6.66
;;;Parkano;1060;20010610;2001;6;10;3275000;6885000;9;14.3;1.3;0;20969;6.33
;;;Parkano;1060;20010611;2001;6;11;3275000;6885000;7.9;12.7;3;3;11664;7.75
;;;Parkano;1060;20010612;2001;6;12;3275000;6885000;9.9;14.1;5.9;0;18690;7.69
;;;Parkano;1060;20010613;2001;6;13;3275000;6885000;10;16.1;0.1;1;25406;6.44
;;;Parkano;1060;20010614;2001;6;14;3275000;6885000;9.2;14.1;6.1;1;14916;8.32
;;;Parkano;1060;20010615;2001;6;15;3275000;6885000;8.9;15.1;-0.1;26;17793;9.34
;;;Parkano;1060;20010616;2001;6;16;3275000;6885000;10.7;14.1;7.4;0;20099;8.81
;;;Parkano;1060;20010617;2001;6;17;3275000;6885000;12.6;17.6;5.3;0;26243;7.33
;;;Parkano;1060;20010618;2001;6;18;3275000;6885000;13.2;20;2.6;0;23548;7.55
;;;Parkano;1060;20010619;2001;6;19;3275000;6885000;14.3;20.1;7.3;0;17625;8.91
;;;Parkano;1060;20010620;2001;6;20;3275000;6885000;12.8;17.8;9;2;18503;9.06
;;;Parkano;1060;20010621;2001;6;21;3275000;6885000;9.4;14;7.1;6;12339;9.85
;;;Parkano;1060;20010622;2001;6;22;3275000;6885000;9.7;14.4;4;0;15997;8.87
;;;Parkano;1060;20010623;2001;6;23;3275000;6885000;12.5;17.4;2.7;0;20662;8.69
;;;Parkano;1060;20010624;2001;6;24;3275000;6885000;14.6;19.5;8;0;21611;9.55
;;;Parkano;1060;20010625;2001;6;25;3275000;6885000;14.7;20.1;8.2;2;22479;11.4
;;;Parkano;1060;20010626;2001;6;26;3275000;6885000;13.9;20;6.6;4;19252;11.6
;;;Parkano;1060;20010627;2001;6;27;3275000;6885000;14.2;19.1;7.8;0;23653;11.22
;;;Parkano;1060;20010628;2001;6;28;3275000;6885000;12.4;15.2;8.3;0;16244;9.66
;;;Parkano;1060;20010629;2001;6;29;3275000;6885000;14;19.3;7.5;0;24838;9.76
;;;Parkano;1060;20010630;2001;6;30;3275000;6885000;15.6;23.1;4.7;0;26433;9.58
;;;Parkano;1060;20010701;2001;7;1;3275000;6885000;16.4;23.4;9.1;6;14741;11.91
;;;Parkano;1060;20010702;2001;7;2;3275000;6885000;13.2;17.1;11.9;10;14227;12.33
;;;Parkano;1060;20010703;2001;7;3;3275000;6885000;10;14.8;5.2;8;9049;11.66
;;;Parkano;1060;20010704;2001;7;4;3275000;6885000;11.2;14;8.3;0;17834;9.72
;;;Parkano;1060;20010705;2001;7;5;3275000;6885000;9.8;15.8;3.1;1;19955;9.74
;;;Parkano;1060;20010706;2001;7;6;3275000;6885000;9.5;10.9;7.7;0;10501;10.03
;;;Parkano;1060;20010707;2001;7;7;3275000;6885000;12.7;17.8;7;0;19223;10.95
;;;Parkano;1060;20010708;2001;7;8;3275000;6885000;18.4;24.6;11.7;0;21757;13.23
;;;Parkano;1060;20010709;2001;7;9;3275000;6885000;18.8;23.4;15.1;0;16899;14.89
;;;Parkano;1060;20010710;2001;7;10;3275000;6885000;19.2;24.6;11.6;0;27137;11.32
;;;Parkano;1060;20010711;2001;7;11;3275000;6885000;15.9;21.6;12.3;2;10736;12.99
;;;Parkano;1060;20010712;2001;7;12;3275000;6885000;17.4;23;13.2;0;18747;12.33
;;;Parkano;1060;20010713;2001;7;13;3275000;6885000;17;21.7;11;0;17462;11.26
;;;Parkano;1060;20010714;2001;7;14;3275000;6885000;16.3;21.4;10.1;0;18794;11.71
;;;Parkano;1060;20010715;2001;7;15;3275000;6885000;16.3;23.5;9.9;0;23548;12.19
;;;Parkano;1060;20010716;2001;7;16;3275000;6885000;15.2;21.6;9.8;8;16551;14.1
;;;Parkano;1060;20010717;2001;7;17;3275000;6885000;14.4;21.6;8;0;19086;13.16
;;;Parkano;1060;20010718;2001;7;18;3275000;6885000;16.4;22.9;8.3;2;19169;14.38
;;;Parkano;1060;20010719;2001;7;19;3275000;6885000;17.6;23.7;9.6;0;18776;14.78
;;;Parkano;1060;20010720;2001;7;20;3275000;6885000;15.5;19;13.6;12;9847;16.57
;;;Parkano;1060;20010721;2001;7;21;3275000;6885000;16.4;21.2;13.1;0;16807;14.98
;;;Parkano;1060;20010722;2001;7;22;3275000;6885000;15.1;19.6;9.6;19;12358;14.91
;;;Parkano;1060;20010723;2001;7;23;3275000;6885000;15.6;18.6;13.8;4;10485;16.62
;;;Parkano;1060;20010724;2001;7;24;3275000;6885000;14.1;17.7;12.3;3;11999;14.19
;;;Parkano;1060;20010725;2001;7;25;3275000;6885000;14.1;18.4;11;0;17490;12.17
;;;Parkano;1060;20010726;2001;7;26;3275000;6885000;13;18.4;7.2;0;16848;11.33
;;;Parkano;1060;20010727;2001;7;27;3275000;6885000;13.7;20;6.2;0;17597;11.16
;;;Parkano;1060;20010728;2001;7;28;3275000;6885000;15.3;22.9;6.4;0;19604;10.92
;;;Parkano;1060;20010729;2001;7;29;3275000;6885000;15;19.1;10.4;0;9026;13.36
;;;Parkano;1060;20010730;2001;7;30;3275000;6885000;15.3;20;12.8;9;12033;14.62
;;;Parkano;1060;20010731;2001;7;31;3275000;6885000;14.8;19.8;10;0;20798;12.27
;;;Parkano;1060;20010801;2001;8;1;3275000;6885000;13.9;19.8;5.7;0;16510;11.95
;;;Parkano;1060;20010802;2001;8;2;3275000;6885000;15.3;19.9;10.4;0;15483;13.02
;;;Parkano;1060;20010803;2001;8;3;3275000;6885000;14.9;18.6;11.5;0;13877;12.57
;;;Parkano;1060;20010804;2001;8;4;3275000;6885000;14.9;22;7.7;0;17650;12.02
;;;Parkano;1060;20010805;2001;8;5;3275000;6885000;14.7;18.9;10.6;0;17335;12.23
;;;Parkano;1060;20010806;2001;8;6;3275000;6885000;13.6;18.3;10;0;12154;12.06
;;;Parkano;1060;20010807;2001;8;7;3275000;6885000;14.4;20;9.1;1;18117;12.61
;;;Parkano;1060;20010808;2001;8;8;3275000;6885000;14.8;17.7;12.6;11;8003;14.96
;;;Parkano;1060;20010809;2001;8;9;3275000;6885000;14.6;15.6;13.6;18;6460;15.9
;;;Parkano;1060;20010810;2001;8;10;3275000;6885000;13.8;17.3;11.2;0;14463;11.79
;;;Parkano;1060;20010811;2001;8;11;3275000;6885000;13.4;15.5;12.4;18;8423;13.66
;;;Parkano;1060;20010812;2001;8;12;3275000;6885000;10.2;12.5;8.6;3;6545;11.48
;;;Parkano;1060;20010813;2001;8;13;3275000;6885000;12.9;19.6;5.6;0;18685;11.12
;;;Parkano;1060;20010814;2001;8;14;3275000;6885000;11.8;15.1;8.7;15;7997;13.15
;;;Parkano;1060;20010815;2001;8;15;3275000;6885000;12.6;14.6;11.7;16;5761;14.28
;;;Parkano;1060;20010816;2001;8;16;3275000;6885000;11.4;13.3;9.4;15;6015;13.11
;;;Parkano;1060;20010817;2001;8;17;3275000;6885000;11.3;14.4;9.7;0;8206;12.09
;;;Parkano;1060;20010818;2001;8;18;3275000;6885000;11.6;16.7;9;0;12118;11.85
;;;Parkano;1060;20010819;2001;8;19;3275000;6885000;11.6;17.1;8;4;9343;11.39
;;;Parkano;1060;20010820;2001;8;20;3275000;6885000;10.6;16;7.8;13;10371;11.4
;;;Parkano;1060;20010821;2001;8;21;3275000;6885000;10.4;12.7;9;10;5296;12.01
;;;Parkano;1060;20010822;2001;8;22;3275000;6885000;10.4;12.8;8.9;2;6303;12.06
;;;Parkano;1060;20010823;2001;8;23;3275000;6885000;10.1;14.5;8.2;0;10445;10.22
;;;Parkano;1060;20010824;2001;8;24;3275000;6885000;8;13.4;3.1;0;12013;8.51
;;;Parkano;1060;20010825;2001;8;25;3275000;6885000;10;13.2;7.1;0;8061;10.45
;;;Parkano;1060;20010826;2001;8;26;3275000;6885000;10.2;13.8;7.5;1;13687;9.92
;;;Parkano;1060;20010827;2001;8;27;3275000;6885000;9;10.4;7.5;0;6758;9.86
;;;Parkano;1060;20010828;2001;8;28;3275000;6885000;8.1;11.2;3.3;0;7338;8.37
;;;Parkano;1060;20010829;2001;8;29;3275000;6885000;8.3;12.6;5.4;0;9408;7.8
;;;Parkano;1060;20010830;2001;8;30;3275000;6885000;8.7;13.7;2.3;0;11129;8.77
;;;Parkano;1060;20010831;2001;8;31;3275000;6885000;9.6;11.5;7.5;11;5293;11.23
;;;Parkano;1060;20010901;2001;9;1;3275000;6885000;7.5;11.2;4.3;0;7837;9.23
;;;Parkano;1060;20010902;2001;9;2;3275000;6885000;6.9;11.4;3.2;0;13109;7.2
;;;Parkano;1060;20010903;2001;9;3;3275000;6885000;5.7;11.7;0.1;1;12012;6.42
;;;Parkano;1060;20010904;2001;9;4;3275000;6885000;8;11.7;3.8;5;6742;9.68
;;;Parkano;1060;20010905;2001;9;5;3275000;6885000;7.8;11.4;6.1;0;10610;8.32
;;;Parkano;1060;20010906;2001;9;6;3275000;6885000;5.6;11.9;-1.3;0;10360;7.55
;;;Parkano;1060;20010907;2001;9;7;3275000;6885000;7.6;12.9;3.4;0;10842;7.83
;;;Parkano;1060;20010908;2001;9;8;3275000;6885000;5.7;12.3;-0.7;0;9946;6.54
;;;Parkano;1060;20010909;2001;9;9;3275000;6885000;5.6;12.9;-1.5;0;9755;6.95
;;;Parkano;1060;20010910;2001;9;10;3275000;6885000;5.9;11.2;2.4;1;8257;8.18
;;;Parkano;1060;20010911;2001;9;11;3275000;6885000;3.8;8.6;-1.5;0;10686;5.9
;;;Parkano;1060;20010912;2001;9;12;3275000;6885000;2.4;8.5;-2.2;0;8459;6.24
;;;Parkano;1060;20010913;2001;9;13;3275000;6885000;2.5;8.5;-2.8;0;10505;5.23
;;;Parkano;1060;20010914;2001;9;14;3275000;6885000;3;7.9;-0.7;0;8306;5.91
;;;Parkano;1060;20010915;2001;9;15;3275000;6885000;2.5;9.7;-3.4;0;11502;5.34
;;;Parkano;1060;20010916;2001;9;16;3275000;6885000;3.3;11.6;-3.9;0;10217;6.06
;;;Parkano;1060;20010917;2001;9;17;3275000;6885000;2;8.3;-2.9;0;7985;5.21
;;;Parkano;1060;20010918;2001;9;18;3275000;6885000;3.9;11.9;-4.4;0;8588;6.66
;;;Parkano;1060;20010919;2001;9;19;3275000;6885000;8.2;10.6;4.6;2;3590;9.5
;;;Parkano;1060;20010920;2001;9;20;3275000;6885000;9.1;11.2;7.5;1;3345;10.64
;;;Parkano;1060;20010921;2001;9;21;3275000;6885000;6.2;10.1;1.9;2;5509;8.27
;;;Parkano;1060;20010922;2001;9;22;3275000;6885000;3.7;7.5;0;0;5535;6.82
;;;Parkano;1060;20010923;2001;9;23;3275000;6885000;1.3;9;-3.8;0;7905;5.63
;;;Parkano;1060;20010924;2001;9;24;3275000;6885000;1.4;7.1;-4.4;0;8832;5.44
;;;Parkano;1060;20010925;2001;9;25;3275000;6885000;3.4;7.3;0.8;0;7265;6.25
;;;Parkano;1060;20010926;2001;9;26;3275000;6885000;3;7.8;-1.6;0;7026;6.69
;;;Parkano;1060;20010927;2001;9;27;3275000;6885000;0.1;6.8;-4.3;0;6420;5.41
;;;Parkano;1060;20010928;2001;9;28;3275000;6885000;2.1;8.4;-3.2;0;5110;6
;;;Parkano;1060;20010929;2001;9;29;3275000;6885000;2.9;8.9;-0.9;0;3866;6.45
;;;Parkano;1060;20010930;2001;9;30;3275000;6885000;1.4;9.3;-3.9;0;8378;5.38
;;;Parkano;1060;20011001;2001;10;1;3275000;6885000;2.4;10;-3.4;0;7513;5.8
;;;Parkano;1060;20011002;2001;10;2;3275000;6885000;5.2;6.7;1.4;6;2350;8.55
;;;Parkano;1060;20011003;2001;10;3;3275000;6885000;9.8;11;6.6;0;2254;11.41
;;;Parkano;1060;20011004;2001;10;4;3275000;6885000;9.8;12.2;7.7;1;3483;11.1
;;;Parkano;1060;20011005;2001;10;5;3275000;6885000;10;12;8.5;1;2843;11.05
;;;Parkano;1060;20011006;2001;10;6;3275000;6885000;8.1;10.2;6.6;11;2256;10.11
;;;Parkano;1060;20011007;2001;10;7;3275000;6885000;4;6.8;2.8;0;2332;7.67
;;;Parkano;1060;20011008;2001;10;8;3275000;6885000;3;3.8;2.2;14;2133;7.49
;;;Parkano;1060;20011009;2001;10;9;3275000;6885000;3.1;4.3;1.7;0;2246;7.41
;;;Parkano;1060;20011010;2001;10;10;3275000;6885000;1.1;3.7;-0.2;14;3187;6.05
;;;Parkano;1060;20011011;2001;10;11;3275000;6885000;5.4;10.7;0.2;7;2212;8.81
;;;Parkano;1060;20011012;2001;10;12;3275000;6885000;0.4;4.3;-2.2;0;5203;4.86
;;;Parkano;1060;20011013;2001;10;13;3275000;6885000;-2.9;2.8;-8;0;5204;4.05
;;;Parkano;1060;20011014;2001;10;14;3275000;6885000;0.1;5.2;-3.5;4;4459;4.92
;;;Parkano;1060;20011015;2001;10;15;3275000;6885000;-0.2;1.9;-1.5;2;2109;5.75
;;;Parkano;1060;20011016;2001;10;16;3275000;6885000;-1.1;3.6;-6.7;0;4721;5.2
;;;Parkano;1060;20011017;2001;10;17;3275000;6885000;5.1;7.2;0.7;1;2009;7.5
;;;Parkano;1060;20011018;2001;10;18;3275000;6885000;3.1;5.9;-0.4;0;2942;6.61
;;;Parkano;1060;20011019;2001;10;19;3275000;6885000;-2.1;0.9;-4.4;0;3436;4.2
;;;Parkano;1060;20011020;2001;10;20;3275000;6885000;-6.5;-0.3;-10.4;0;4243;2.74
;;;Parkano;1060;20011021;2001;10;21;3275000;6885000;-5.7;0.8;-11.3;0;4038;3.37
;;;Parkano;1060;20011022;2001;10;22;3275000;6885000;1.2;5.1;-3.3;0;2409;5.3
;;;Parkano;1060;20011023;2001;10;23;3275000;6885000;0.6;3.4;-1.3;0;3336;4.41
;;;Parkano;1060;20011024;2001;10;24;3275000;6885000;-2;1.4;-4;0;1624;4.68
;;;Parkano;1060;20011025;2001;10;25;3275000;6885000;0.4;6.1;-9;0;1680;6.01
;;;Parkano;1060;20011026;2001;10;26;3275000;6885000;3.6;6.3;0.6;0;3459;4.67
;;;Parkano;1060;20011027;2001;10;27;3275000;6885000;-1.1;3.7;-4;0;2561;4.65
;;;Parkano;1060;20011028;2001;10;28;3275000;6885000;0.3;3.7;-4.5;0;1814;5.91
;;;Parkano;1060;20011029;2001;10;29;3275000;6885000;2;4.3;0.3;0;2716;5.02
;;;Parkano;1060;20011030;2001;10;30;3275000;6885000;2.1;6;-0.4;0;2900;6.5
;;;Parkano;1060;20011031;2001;10;31;3275000;6885000;1.7;2.8;0.5;0;1269;6.61
;;;Parkano;1060;20011101;2001;11;1;3275000;6885000;1.2;2.4;0.4;0;1229;6.42
;;;Parkano;1060;20011102;2001;11;2;3275000;6885000;0.1;1.1;-0.7;0;1567;5.81
;;;Parkano;1060;20011103;2001;11;3;3275000;6885000;-0.3;0.4;-0.6;0;1195;5.62
;;;Parkano;1060;20011104;2001;11;4;3275000;6885000;-0.7;-0.1;-1;0;1128;5.22
;;;Parkano;1060;20011105;2001;11;5;3275000;6885000;-1.9;-0.7;-2.6;0;1102;4.31
;;;Parkano;1060;20011106;2001;11;6;3275000;6885000;-1.1;-0.2;-2.3;0;1074;4.86
;;;Parkano;1060;20011107;2001;11;7;3275000;6885000;-2.4;0;-3;0;1023;4.15
;;;Parkano;1060;20011108;2001;11;8;3275000;6885000;-4.1;-2.5;-5.5;0;1124;3.79
;;;Parkano;1060;20011109;2001;11;9;3275000;6885000;-3;-1.2;-6.1;0;1061;3.96
;;;Parkano;1060;20011110;2001;11;10;3275000;6885000;-5.6;-4;-8.7;0;1147;3.27
;;;Parkano;1060;20011111;2001;11;11;3275000;6885000;-1.6;-0.9;-4.3;0;918;4.98
;;;Parkano;1060;20011112;2001;11;12;3275000;6885000;-3.2;-1.8;-3.9;0;883;4.37
;;;Parkano;1060;20011113;2001;11;13;3275000;6885000;-8.5;-3.8;-11.8;0;1651;2.8
;;;Parkano;1060;20011114;2001;11;14;3275000;6885000;-7.5;-5.7;-10.4;0;1134;3.15
;;;Parkano;1060;20011115;2001;11;15;3275000;6885000;-5;-2.6;-9.6;0;817;4.13
;;;Parkano;1060;20011116;2001;11;16;3275000;6885000;-1.1;-0.2;-2.6;0;790;5.47
;;;Parkano;1060;20011117;2001;11;17;3275000;6885000;-7.4;-0.3;-13.6;0;1045;3.22
;;;Parkano;1060;20011118;2001;11;18;3275000;6885000;-12.2;-9.6;-16.2;0;1249;2.14
;;;Parkano;1060;20011119;2001;11;19;3275000;6885000;-14;-9.5;-17.7;0;1176;1.86
;;;Parkano;1060;20011120;2001;11;20;3275000;6885000;-12;-9;-16.1;0;1188;2.29
;;;Parkano;1060;20011121;2001;11;21;3275000;6885000;-7.8;-4.9;-11.8;0;987;2.74
;;;Parkano;1060;20011122;2001;11;22;3275000;6885000;-3.3;-2.2;-5.2;0;706;4.29
;;;Parkano;1060;20011123;2001;11;23;3275000;6885000;-2.2;-1.7;-2.6;0;636;4.94
;;;Parkano;1060;20011124;2001;11;24;3275000;6885000;-1.8;0;-3.8;0;655;5.03
;;;Parkano;1060;20011125;2001;11;25;3275000;6885000;-2.4;-1.5;-5.1;2;581;5.1
;;;Parkano;1060;20011126;2001;11;26;3275000;6885000;-3.9;-1.2;-6.1;0;838;4.42
;;;Parkano;1060;20011127;2001;11;27;3275000;6885000;-7.6;-4.6;-10.3;0;845;3.16
;;;Parkano;1060;20011128;2001;11;28;3275000;6885000;-6.7;-5.8;-7.3;0;538;3.35
;;;Parkano;1060;20011129;2001;11;29;3275000;6885000;-6.3;-5.5;-7.8;0;532;3.45
;;;Parkano;1060;20011130;2001;11;30;3275000;6885000;-5.8;-4.8;-7.1;1;508;3.51
;;;Parkano;1060;20011201;2001;12;1;3275000;6885000;-7.2;-6.7;-8.2;0;507;3.13
;;;Parkano;1060;20011202;2001;12;2;3275000;6885000;-3.2;0;-7.1;14;478;4.74
;;;Parkano;1060;20011203;2001;12;3;3275000;6885000;0;1.6;-1;0;714;5.72
;;;Parkano;1060;20011204;2001;12;4;3275000;6885000;0;1.3;-1.4;0;618;5.13
;;;Parkano;1060;20011205;2001;12;5;3275000;6885000;0.9;2.5;-3.8;2;445;6.62
;;;Parkano;1060;20011206;2001;12;6;3275000;6885000;1.1;2.7;0;6;432;6.34
;;;Parkano;1060;20011207;2001;12;7;3275000;6885000;-1;0;-2;1;449;5.53
;;;Parkano;1060;20011208;2001;12;8;3275000;6885000;-3.9;-1.8;-5.4;0;433;4.45
;;;Parkano;1060;20011209;2001;12;9;3275000;6885000;-8.9;-4.6;-11.4;0;586;2.96
;;;Parkano;1060;20011210;2001;12;10;3275000;6885000;-7.3;-6.6;-9.1;0;396;3.32
;;;Parkano;1060;20011211;2001;12;11;3275000;6885000;-6.5;-5.8;-7.8;0;401;3.5
;;;Parkano;1060;20011212;2001;12;12;3275000;6885000;-5.9;-4.7;-6.8;0;454;3.8
;;;Parkano;1060;20011213;2001;12;13;3275000;6885000;-5.6;-3.3;-8.3;0;447;3.81
;;;Parkano;1060;20011214;2001;12;14;3275000;6885000;-6.5;-3.5;-7.7;4;393;3.49
;;;Parkano;1060;20011215;2001;12;15;3275000;6885000;-3.4;-0.9;-7;2;372;4.74
;;;Parkano;1060;20011216;2001;12;16;3275000;6885000;-2.2;-0.6;-3.9;5;373;5.06
;;;Parkano;1060;20011217;2001;12;17;3275000;6885000;1.2;3.2;-3.7;12;368;6.72
;;;Parkano;1060;20011218;2001;12;18;3275000;6885000;1.1;3.3;-2;13;368;6.52
;;;Parkano;1060;20011219;2001;12;19;3275000;6885000;-1.3;-1;-2.1;5;372;5.37
;;;Parkano;1060;20011220;2001;12;20;3275000;6885000;-2;-0.9;-4.2;4;473;5.03
;;;Parkano;1060;20011221;2001;12;21;3275000;6885000;-1.3;-0.5;-1.9;1;376;5.48
;;;Parkano;1060;20011222;2001;12;22;3275000;6885000;-4.8;-1.8;-9;0;497;4.3
;;;Parkano;1060;20011223;2001;12;23;3275000;6885000;-6.5;-5;-9.7;0;376;3.59
;;;Parkano;1060;20011224;2001;12;24;3275000;6885000;-14.1;-6.7;-16.8;0;555;1.91
;;;Parkano;1060;20011225;2001;12;25;3275000;6885000;-20.5;-16.5;-24.6;0;552;1.1
;;;Parkano;1060;20011226;2001;12;26;3275000;6885000;-21.3;-18.8;-25.6;1;588;1.09
;;;Parkano;1060;20011227;2001;12;27;3275000;6885000;-8.9;-2.4;-21;1;399;3.28
;;;Parkano;1060;20011228;2001;12;28;3275000;6885000;-1.2;-0.6;-2.4;5;406;5.52
;;;Parkano;1060;20011229;2001;12;29;3275000;6885000;-2.4;-0.6;-3.5;1;413;5.02
;;;Parkano;1060;20011230;2001;12;30;3275000;6885000;-0.6;0.5;-5.5;0;428;5.29
;;;Parkano;1060;20011231;2001;12;31;3275000;6885000;-0.1;0.4;-0.7;0;444;5.24
;;;Parkano;1060;20020101;2002;1;1;3275000;6885000;0.7;1.2;0;0;444;5.92
;;;Parkano;1060;20020102;2002;1;2;3275000;6885000;-2.3;0.5;-3.4;0;699;4.48
;;;Parkano;1060;20020103;2002;1;3;3275000;6885000;-0.8;-0.2;-3.2;3;535;4.52
;;;Parkano;1060;20020104;2002;1;4;3275000;6885000;0.2;1.3;-1.7;4;513;5.98
;;;Parkano;1060;20020105;2002;1;5;3275000;6885000;-1.6;1.5;-6.2;0;526;5.21
;;;Parkano;1060;20020106;2002;1;6;3275000;6885000;-1.3;1.1;-7.1;2;513;5.35
;;;Parkano;1060;20020107;2002;1;7;3275000;6885000;-1.2;0.7;-3;10;744;5.35
;;;Parkano;1060;20020108;2002;1;8;3275000;6885000;0.2;1.6;-0.7;5;815;5.91
;;;Parkano;1060;20020109;2002;1;9;3275000;6885000;0.7;3.8;-1.9;8;571;6.01
;;;Parkano;1060;20020110;2002;1;10;3275000;6885000;-0.5;1;-1.3;0;659;5.26
;;;Parkano;1060;20020111;2002;1;11;3275000;6885000;-2.6;-0.7;-6;0;840;5
;;;Parkano;1060;20020112;2002;1;12;3275000;6885000;-0.2;0.4;-2.7;3;621;6.01
;;;Parkano;1060;20020113;2002;1;13;3275000;6885000;-1.9;0.1;-4;4;1026;4.97
;;;Parkano;1060;20020114;2002;1;14;3275000;6885000;0.4;2;-3.4;0;886;6
;;;Parkano;1060;20020115;2002;1;15;3275000;6885000;-1.1;2.3;-5.3;10;901;5.67
;;;Parkano;1060;20020116;2002;1;16;3275000;6885000;0.8;4.4;-0.7;0;958;5.38
;;;Parkano;1060;20020117;2002;1;17;3275000;6885000;-5.6;0.4;-10.5;0;749;3.61
;;;Parkano;1060;20020118;2002;1;18;3275000;6885000;-5.9;-0.9;-15.3;2;937;4.02
;;;Parkano;1060;20020119;2002;1;19;3275000;6885000;1;1.7;-0.9;2;787;6.16
;;;Parkano;1060;20020120;2002;1;20;3275000;6885000;-0.1;1.4;-1;7;806;5.82
;;;Parkano;1060;20020121;2002;1;21;3275000;6885000;-4.4;0.1;-6.9;0;1374;3.95
;;;Parkano;1060;20020122;2002;1;22;3275000;6885000;-12;-6.8;-17.4;0;1293;2.34
;;;Parkano;1060;20020123;2002;1;23;3275000;6885000;-8.4;-7.2;-10.5;1;879;2.94
;;;Parkano;1060;20020124;2002;1;24;3275000;6885000;-11.5;-8.3;-14.3;0;1607;2.3
;;;Parkano;1060;20020125;2002;1;25;3275000;6885000;-12;-9.4;-17.1;0;1288;2.14
;;;Parkano;1060;20020126;2002;1;26;3275000;6885000;-12.2;-7.4;-17.5;0;1839;2.14
;;;Parkano;1060;20020127;2002;1;27;3275000;6885000;-8.2;-6.9;-13.8;0;1259;3.04
;;;Parkano;1060;20020128;2002;1;28;3275000;6885000;-6.5;-3.7;-11.2;0;1056;3.55
;;;Parkano;1060;20020129;2002;1;29;3275000;6885000;-1.6;0.2;-4.6;0;1315;4.96
;;;Parkano;1060;20020130;2002;1;30;3275000;6885000;3;5.5;-1.3;0;1302;4.73
;;;Parkano;1060;20020131;2002;1;31;3275000;6885000;1.7;5.7;-0.7;0;2267;4.91
;;;Parkano;1060;20020201;2002;2;1;3275000;6885000;0.2;2.6;-2.6;0;1543;5.19
;;;Parkano;1060;20020202;2002;2;2;3275000;6885000;1.5;2.4;0.1;1;1227;6.15
;;;Parkano;1060;20020203;2002;2;3;3275000;6885000;-1.7;0.8;-3;0;2377;3.68
;;;Parkano;1060;20020204;2002;2;4;3275000;6885000;-3;-0.4;-4.6;0;2662;2.69
;;;Parkano;1060;20020205;2002;2;5;3275000;6885000;-5;-1.4;-10.9;1;2162;3.81
;;;Parkano;1060;20020206;2002;2;6;3275000;6885000;2.1;4.9;-2.6;0;2515;5.67
;;;Parkano;1060;20020207;2002;2;7;3275000;6885000;2.9;5;-0.7;1;2358;4.95
;;;Parkano;1060;20020208;2002;2;8;3275000;6885000;-5.5;-0.5;-9.2;1;2749;3.39
;;;Parkano;1060;20020209;2002;2;9;3275000;6885000;-2.5;1.9;-9.6;0;1585;5.1
;;;Parkano;1060;20020210;2002;2;10;3275000;6885000;-0.9;0.9;-2;0;1534;5.67
;;;Parkano;1060;20020211;2002;2;11;3275000;6885000;-0.8;2;-2.9;0;2015;5.49
;;;Parkano;1060;20020212;2002;2;12;3275000;6885000;-0.6;0.8;-2.1;0;1506;5.38
;;;Parkano;1060;20020213;2002;2;13;3275000;6885000;0.1;1;-1;4;1545;5.49
;;;Parkano;1060;20020214;2002;2;14;3275000;6885000;-1.2;0.5;-3.9;0;3642;5.03
;;;Parkano;1060;20020215;2002;2;15;3275000;6885000;-8.7;-3.5;-14.8;0;4013;3.18
;;;Parkano;1060;20020216;2002;2;16;3275000;6885000;-7.6;-4.1;-11.3;0;3889;2.4
;;;Parkano;1060;20020217;2002;2;17;3275000;6885000;-8.8;-7.9;-10;4;1637;2.73
;;;Parkano;1060;20020218;2002;2;18;3275000;6885000;-12.5;-8.5;-14.6;0;3863;1.95
;;;Parkano;1060;20020219;2002;2;19;3275000;6885000;-14.9;-11.1;-19.5;0;4149;1.64
;;;Parkano;1060;20020220;2002;2;20;3275000;6885000;-15;-9.7;-20.5;0;4734;1.68
;;;Parkano;1060;20020221;2002;2;21;3275000;6885000;-12.6;-7.5;-16.8;0;4622;2.17
;;;Parkano;1060;20020222;2002;2;22;3275000;6885000;-7.5;-3.6;-15;1;2056;3.46
;;;Parkano;1060;20020223;2002;2;23;3275000;6885000;-3.9;-2.4;-6.9;0;2056;4.35
;;;Parkano;1060;20020224;2002;2;24;3275000;6885000;-6.1;-2.9;-7.2;0;2488;3.29
;;;Parkano;1060;20020225;2002;2;25;3275000;6885000;-5.4;-3.7;-6.9;1;2509;3.62
;;;Parkano;1060;20020226;2002;2;26;3275000;6885000;-6.1;-2.8;-9.3;0;4432;3.27
;;;Parkano;1060;20020227;2002;2;27;3275000;6885000;-4.3;-2.5;-6.9;0;3049;3.59
;;;Parkano;1060;20020228;2002;2;28;3275000;6885000;-4;0.2;-6.9;0;4549;3.92
;;;Parkano;1060;20020301;2002;3;1;3275000;6885000;-3.8;1.7;-8.8;0;5334;3.98
;;;Parkano;1060;20020302;2002;3;2;3275000;6885000;-2.9;-1.9;-6.8;0;2464;4.65
;;;Parkano;1060;20020303;2002;3;3;3275000;6885000;-2.4;-1.6;-3.5;14;2383;4.81
;;;Parkano;1060;20020304;2002;3;4;3275000;6885000;-2.6;-1.5;-3.8;3;2565;4.7
;;;Parkano;1060;20020305;2002;3;5;3275000;6885000;-6.2;-3.6;-8.7;0;4193;3.56
;;;Parkano;1060;20020306;2002;3;6;3275000;6885000;-4.1;-2.2;-9.4;0;2302;4.14
;;;Parkano;1060;20020307;2002;3;7;3275000;6885000;0.4;1.4;-2.6;0;2749;5.14
;;;Parkano;1060;20020308;2002;3;8;3275000;6885000;-2.8;2.2;-5.3;0;7427;2.42
;;;Parkano;1060;20020309;2002;3;9;3275000;6885000;-6.2;0.8;-16.8;0;3766;3.1
;;;Parkano;1060;20020310;2002;3;10;3275000;6885000;-8;1.2;-11.8;0;4682;2.51
;;;Parkano;1060;20020311;2002;3;11;3275000;6885000;0;5.7;-6.4;0;8356;5.15
;;;Parkano;1060;20020312;2002;3;12;3275000;6885000;2.6;7.7;-1.1;0;9440;6.05
;;;Parkano;1060;20020313;2002;3;13;3275000;6885000;4;10.2;0;0;9776;6.42
;;;Parkano;1060;20020314;2002;3;14;3275000;6885000;2.7;5.8;0.5;0;5031;6.21
;;;Parkano;1060;20020315;2002;3;15;3275000;6885000;-0.6;2;-4.1;2;3459;5.65
;;;Parkano;1060;20020316;2002;3;16;3275000;6885000;0;4.1;-2.6;0;9814;4.7
;;;Parkano;1060;20020317;2002;3;17;3275000;6885000;-1.7;2.7;-6.8;0;9550;4.32
;;;Parkano;1060;20020318;2002;3;18;3275000;6885000;-0.9;2.6;-3.4;0;9878;4.35
;;;Parkano;1060;20020319;2002;3;19;3275000;6885000;2;7.4;-4.2;0;9223;5.78
;;;Parkano;1060;20020320;2002;3;20;3275000;6885000;1.5;6;-0.8;0;11074;5.12
;;;Parkano;1060;20020321;2002;3;21;3275000;6885000;0.4;1.6;-3.1;9;3537;5.87
;;;Parkano;1060;20020322;2002;3;22;3275000;6885000;0.5;4;-1.2;0;8470;5.55
;;;Parkano;1060;20020323;2002;3;23;3275000;6885000;-0.5;3.7;-4.3;0;11434;4.29
;;;Parkano;1060;20020324;2002;3;24;3275000;6885000;-0.8;2.2;-2.6;0;11159;3.82
;;;Parkano;1060;20020325;2002;3;25;3275000;6885000;-2.4;1.8;-7.3;0;11674;3.54
;;;Parkano;1060;20020326;2002;3;26;3275000;6885000;-1.3;1.4;-2.7;0;7430;4.04
;;;Parkano;1060;20020327;2002;3;27;3275000;6885000;-2.7;1.8;-8.6;0;10059;3.73
;;;Parkano;1060;20020328;2002;3;28;3275000;6885000;-1.2;-0.1;-2.6;2;4665;4.8
;;;Parkano;1060;20020329;2002;3;29;3275000;6885000;1.5;3.6;-0.4;0;4232;6.64
;;;Parkano;1060;20020330;2002;3;30;3275000;6885000;1.2;3.3;0.1;0;5424;6.08
;;;Parkano;1060;20020331;2002;3;31;3275000;6885000;0.1;1.7;-2.5;0;4574;5.73
;;;Parkano;1060;20020401;2002;4;1;3275000;6885000;0.8;2.5;-0.6;0;4717;5.67
;;;Parkano;1060;20020402;2002;4;2;3275000;6885000;-0.1;4.5;-4.5;0;14804;4.11
;;;Parkano;1060;20020403;2002;4;3;3275000;6885000;-1.1;2.9;-5.5;1;7180;4.74
;;;Parkano;1060;20020404;2002;4;4;3275000;6885000;0.4;2;-0.6;0;4937;5.9
;;;Parkano;1060;20020405;2002;4;5;3275000;6885000;0.9;2.9;-0.1;2;5019;6.02
;;;Parkano;1060;20020406;2002;4;6;3275000;6885000;-2.5;0.7;-5.5;0;16579;2.59
;;;Parkano;1060;20020407;2002;4;7;3275000;6885000;-4.4;0.9;-10.4;0;16964;1.94
;;;Parkano;1060;20020408;2002;4;8;3275000;6885000;-2.9;3.5;-10.8;0;17179;2.09
;;;Parkano;1060;20020409;2002;4;9;3275000;6885000;-0.8;5.4;-7.4;0;17560;3.07
;;;Parkano;1060;20020410;2002;4;10;3275000;6885000;-0.3;6.7;-7.8;0;18008;2.84
;;;Parkano;1060;20020411;2002;4;11;3275000;6885000;0.8;7.8;-7.1;0;17978;3.28
;;;Parkano;1060;20020412;2002;4;12;3275000;6885000;0.2;5.5;-4;0;18110;3.19
;;;Parkano;1060;20020413;2002;4;13;3275000;6885000;-0.6;6;-7.7;0;17962;3
;;;Parkano;1060;20020414;2002;4;14;3275000;6885000;0.9;6.6;-6.2;0;15409;3.88
;;;Parkano;1060;20020415;2002;4;15;3275000;6885000;2;3.9;-0.1;8;5513;6
;;;Parkano;1060;20020416;2002;4;16;3275000;6885000;2.5;5.8;0.4;0;9574;5.94
;;;Parkano;1060;20020417;2002;4;17;3275000;6885000;-1.5;2;-3.6;0;9506;3.87
;;;Parkano;1060;20020418;2002;4;18;3275000;6885000;-1.3;3.5;-6.1;0;19727;2.72
;;;Parkano;1060;20020419;2002;4;19;3275000;6885000;-1.9;2.5;-6.4;9;4945;4.64
;;;Parkano;1060;20020420;2002;4;20;3275000;6885000;3.8;8;0.1;2;7557;7.29
;;;Parkano;1060;20020421;2002;4;21;3275000;6885000;6.9;14.1;1;0;19491;7
;;;Parkano;1060;20020422;2002;4;22;3275000;6885000;8.2;11.4;5.8;0;7610;8.88
;;;Parkano;1060;20020423;2002;4;23;3275000;6885000;10.1;18;1.9;0;18885;8.37
;;;Parkano;1060;20020424;2002;4;24;3275000;6885000;10.5;16.3;5.9;0;13520;9.33
;;;Parkano;1060;20020425;2002;4;25;3275000;6885000;12.4;21.7;2.4;0;20979;9.04
;;;Parkano;1060;20020426;2002;4;26;3275000;6885000;7.5;15.5;3.2;0;19344;6.09
;;;Parkano;1060;20020427;2002;4;27;3275000;6885000;7;15.1;-2.4;0;21288;5.32
;;;Parkano;1060;20020428;2002;4;28;3275000;6885000;10.7;19.5;0.7;0;22394;6.02
;;;Parkano;1060;20020429;2002;4;29;3275000;6885000;12;21.2;0;0;22826;5.86
;;;Parkano;1060;20020430;2002;4;30;3275000;6885000;13.8;22.1;3.4;0;20416;7.39
;;;Parkano;1060;20020501;2002;5;1;3275000;6885000;12.9;21.5;5;0;18541;8.55
;;;Parkano;1060;20020502;2002;5;2;3275000;6885000;12;19.1;5.1;0;14861;10.06
;;;Parkano;1060;20020503;2002;5;3;3275000;6885000;9.6;16.4;0;0;21939;7.13
;;;Parkano;1060;20020504;2002;5;4;3275000;6885000;13.3;23.4;5.4;1;16749;10.23
;;;Parkano;1060;20020505;2002;5;5;3275000;6885000;16;24.7;9.8;0;19846;11.92
;;;Parkano;1060;20020506;2002;5;6;3275000;6885000;14;22.9;6.4;0;21155;9.52
;;;Parkano;1060;20020507;2002;5;7;3275000;6885000;8.8;15.2;0.5;0;22016;8.35
;;;Parkano;1060;20020508;2002;5;8;3275000;6885000;10.6;17.8;0.6;0;22562;6.96
;;;Parkano;1060;20020509;2002;5;9;3275000;6885000;11.5;19.4;1.5;0;24790;6.13
;;;Parkano;1060;20020510;2002;5;10;3275000;6885000;10.1;16;2.3;0;23733;7.21
;;;Parkano;1060;20020511;2002;5;11;3275000;6885000;11.7;20.6;2.6;0;23660;7.89
;;;Parkano;1060;20020512;2002;5;12;3275000;6885000;14.6;23;6.2;0;17371;10
;;;Parkano;1060;20020513;2002;5;13;3275000;6885000;19.2;26.2;9.7;0;19939;8.78
;;;Parkano;1060;20020514;2002;5;14;3275000;6885000;16.2;22.5;12.2;0;15224;12.16
;;;Parkano;1060;20020515;2002;5;15;3275000;6885000;12.5;17;9;0;23804;7.93
;;;Parkano;1060;20020516;2002;5;16;3275000;6885000;13.8;21.6;4.5;0;25793;8.23
;;;Parkano;1060;20020517;2002;5;17;3275000;6885000;15.7;24.9;2.3;0;26194;7.12
;;;Parkano;1060;20020518;2002;5;18;3275000;6885000;17.9;26.7;5;0;26687;8.63
;;;Parkano;1060;20020519;2002;5;19;3275000;6885000;17.7;23.9;9.5;0;24894;11.05
;;;Parkano;1060;20020520;2002;5;20;3275000;6885000;12.5;21.2;8.8;0;16802;9.2
;;;Parkano;1060;20020521;2002;5;21;3275000;6885000;13.6;20.6;5;0;24596;8.46
;;;Parkano;1060;20020522;2002;5;22;3275000;6885000;11.7;19.8;3.2;0;26059;6.44
;;;Parkano;1060;20020523;2002;5;23;3275000;6885000;5.7;12.3;0.7;0;19294;5.47
;;;Parkano;1060;20020524;2002;5;24;3275000;6885000;5.4;8.5;1.6;0;12663;5.74
;;;Parkano;1060;20020525;2002;5;25;3275000;6885000;5.8;8.9;1.8;0;12614;6.38
;;;Parkano;1060;20020526;2002;5;26;3275000;6885000;6.3;11.5;-1.2;1;17110;4.95
;;;Parkano;1060;20020527;2002;5;27;3275000;6885000;7.6;15.3;0.7;0;14102;8.17
;;;Parkano;1060;20020528;2002;5;28;3275000;6885000;8.1;12.5;4.2;0;19782;7.17
;;;Parkano;1060;20020529;2002;5;29;3275000;6885000;12.1;17.1;5.4;0;18050;8.56
;;;Parkano;1060;20020530;2002;5;30;3275000;6885000;12;16.5;9.1;7;14412;11.34
;;;Parkano;1060;20020531;2002;5;31;3275000;6885000;10.8;13.8;7.3;6;11240;11.62
;;;Parkano;1060;20020601;2002;6;1;3275000;6885000;7.3;11;4.5;5;13519;8.74
;;;Parkano;1060;20020602;2002;6;2;3275000;6885000;6.2;9;4.2;0;9813;8.33
;;;Parkano;1060;20020603;2002;6;3;3275000;6885000;9.3;15.2;1.5;4;17789;7.98
;;;Parkano;1060;20020604;2002;6;4;3275000;6885000;9;12.7;6.8;0;11325;9.93
;;;Parkano;1060;20020605;2002;6;5;3275000;6885000;7.9;11.3;3.2;0;15515;7.87
;;;Parkano;1060;20020606;2002;6;6;3275000;6885000;8.1;11.1;5.5;0;13366;7.01
;;;Parkano;1060;20020607;2002;6;7;3275000;6885000;10.3;16.9;1;0;26521;6.39
;;;Parkano;1060;20020608;2002;6;8;3275000;6885000;9.6;15.1;2.8;0;14394;7.16
;;;Parkano;1060;20020609;2002;6;9;3275000;6885000;8.3;12.7;1.3;0;17945;6.66
;;;Parkano;1060;20020610;2002;6;10;3275000;6885000;9;14.3;1.3;0;20969;6.33
;;;Parkano;1060;20020611;2002;6;11;3275000;6885000;7.9;12.7;3;3;11664;7.75
;;;Parkano;1060;20020612;2002;6;12;3275000;6885000;9.9;14.1;5.9;0;18690;7.69
;;;Parkano;1060;20020613;2002;6;13;3275000;6885000;10;16.1;0.1;1;25406;6.44
;;;Parkano;1060;20020614;2002;6;14;3275000;6885000;9.2;14.1;6.1;1;14916;8.32
;;;Parkano;1060;20020615;2002;6;15;3275000;6885000;8.9;15.1;-0.1;26;17793;9.34
;;;Parkano;1060;20020616;2002;6;16;3275000;6885000;10.7;14.1;7.4;0;20099;8.81
;;;Parkano;1060;20020617;2002;6;17;3275000;6885000;12.6;17.6;5.3;0;26243;7.33
;;;Parkano;1060;20020618;2002;6;18;3275000;6885000;13.2;20;2.6;0;23548;7.55
;;;Parkano;1060;20020619;2002;6;19;3275000;6885000;14.3;20.1;7.3;0;17625;8.91
;;;Parkano;1060;20020620;2002;6;20;3275000;6885000;12.8;17.8;9;2;18503;9.06
;;;Parkano;1060;20020621;2002;6;21;3275000;6885000;9.4;14;7.1;6;12339;9.85
;;;Parkano;1060;20020622;2002;6;22;3275000;6885000;9.7;14.4;4;0;15997;8.87
;;;Parkano;1060;20020623;2002;6;23;3275000;6885000;12.5;17.4;2.7;0;20662;8.69
;;;Parkano;1060;20020624;2002;6;24;3275000;6885000;14.6;19.5;8;0;21611;9.55
;;;Parkano;1060;20020625;2002;6;25;3275000;6885000;14.7;20.1;8.2;2;22479;11.4
;;;Parkano;1060;20020626;2002;6;26;3275000;6885000;13.9;20;6.6;4;19252;11.6
;;;Parkano;1060;20020627;2002;6;27;3275000;6885000;14.2;19.1;7.8;0;23653;11.22
;;;Parkano;1060;20020628;2002;6;28;3275000;6885000;12.4;15.2;8.3;0;16244;9.66
;;;Parkano;1060;20020629;2002;6;29;3275000;6885000;14;19.3;7.5;0;24838;9.76
;;;Parkano;1060;20020630;2002;6;30;3275000;6885000;15.6;23.1;4.7;0;26433;9.58
;;;Parkano;1060;20020701;2002;7;1;3275000;6885000;16.4;23.4;9.1;6;14741;11.91
;;;Parkano;1060;20020702;2002;7;2;3275000;6885000;13.2;17.1;11.9;10;14227;12.33
;;;Parkano;1060;20020703;2002;7;3;3275000;6885000;10;14.8;5.2;8;9049;11.66
;;;Parkano;1060;20020704;2002;7;4;3275000;6885000;11.2;14;8.3;0;17834;9.72
;;;Parkano;1060;20020705;2002;7;5;3275000;6885000;9.8;15.8;3.1;1;19955;9.74
;;;Parkano;1060;20020706;2002;7;6;3275000;6885000;9.5;10.9;7.7;0;10501;10.03
;;;Parkano;1060;20020707;2002;7;7;3275000;6885000;12.7;17.8;7;0;19223;10.95
;;;Parkano;1060;20020708;2002;7;8;3275000;6885000;18.4;24.6;11.7;0;21757;13.23
;;;Parkano;1060;20020709;2002;7;9;3275000;6885000;18.8;23.4;15.1;0;16899;14.89
;;;Parkano;1060;20020710;2002;7;10;3275000;6885000;19.2;24.6;11.6;0;27137;11.32
;;;Parkano;1060;20020711;2002;7;11;3275000;6885000;15.9;21.6;12.3;2;10736;12.99
;;;Parkano;1060;20020712;2002;7;12;3275000;6885000;17.4;23;13.2;0;18747;12.33
;;;Parkano;1060;20020713;2002;7;13;3275000;6885000;17;21.7;11;0;17462;11.26
;;;Parkano;1060;20020714;2002;7;14;3275000;6885000;16.3;21.4;10.1;0;18794;11.71
;;;Parkano;1060;20020715;2002;7;15;3275000;6885000;16.3;23.5;9.9;0;23548;12.19
;;;Parkano;1060;20020716;2002;7;16;3275000;6885000;15.2;21.6;9.8;8;16551;14.1
;;;Parkano;1060;20020717;2002;7;17;3275000;6885000;14.4;21.6;8;0;19086;13.16
;;;Parkano;1060;20020718;2002;7;18;3275000;6885000;16.4;22.9;8.3;2;19169;14.38
;;;Parkano;1060;20020719;2002;7;19;3275000;6885000;17.6;23.7;9.6;0;18776;14.78
;;;Parkano;1060;20020720;2002;7;20;3275000;6885000;15.5;19;13.6;12;9847;16.57
;;;Parkano;1060;20020721;2002;7;21;3275000;6885000;16.4;21.2;13.1;0;16807;14.98
;;;Parkano;1060;20020722;2002;7;22;3275000;6885000;15.1;19.6;9.6;19;12358;14.91
;;;Parkano;1060;20020723;2002;7;23;3275000;6885000;15.6;18.6;13.8;4;10485;16.62
;;;Parkano;1060;20020724;2002;7;24;3275000;6885000;14.1;17.7;12.3;3;11999;14.19
;;;Parkano;1060;20020725;2002;7;25;3275000;6885000;14.1;18.4;11;0;17490;12.17
;;;Parkano;1060;20020726;2002;7;26;3275000;6885000;13;18.4;7.2;0;16848;11.33
;;;Parkano;1060;20020727;2002;7;27;3275000;6885000;13.7;20;6.2;0;17597;11.16
;;;Parkano;1060;20020728;2002;7;28;3275000;6885000;15.3;22.9;6.4;0;19604;10.92
;;;Parkano;1060;20020729;2002;7;29;3275000;6885000;15;19.1;10.4;0;9026;13.36
;;;Parkano;1060;20020730;2002;7;30;3275000;6885000;15.3;20;12.8;9;12033;14.62
;;;Parkano;1060;20020731;2002;7;31;3275000;6885000;14.8;19.8;10;0;20798;12.27
;;;Parkano;1060;20020801;2002;8;1;3275000;6885000;13.9;19.8;5.7;0;16510;11.95
;;;Parkano;1060;20020802;2002;8;2;3275000;6885000;15.3;19.9;10.4;0;15483;13.02
;;;Parkano;1060;20020803;2002;8;3;3275000;6885000;14.9;18.6;11.5;0;13877;12.57
;;;Parkano;1060;20020804;2002;8;4;3275000;6885000;14.9;22;7.7;0;17650;12.02
;;;Parkano;1060;20020805;2002;8;5;3275000;6885000;14.7;18.9;10.6;0;17335;12.23
;;;Parkano;1060;20020806;2002;8;6;3275000;6885000;13.6;18.3;10;0;12154;12.06
;;;Parkano;1060;20020807;2002;8;7;3275000;6885000;14.4;20;9.1;1;18117;12.61
;;;Parkano;1060;20020808;2002;8;8;3275000;6885000;14.8;17.7;12.6;11;8003;14.96
;;;Parkano;1060;20020809;2002;8;9;3275000;6885000;14.6;15.6;13.6;18;6460;15.9
;;;Parkano;1060;20020810;2002;8;10;3275000;6885000;13.8;17.3;11.2;0;14463;11.79
;;;Parkano;1060;20020811;2002;8;11;3275000;6885000;13.4;15.5;12.4;18;8423;13.66
;;;Parkano;1060;20020812;2002;8;12;3275000;6885000;10.2;12.5;8.6;3;6545;11.48
;;;Parkano;1060;20020813;2002;8;13;3275000;6885000;12.9;19.6;5.6;0;18685;11.12
;;;Parkano;1060;20020814;2002;8;14;3275000;6885000;11.8;15.1;8.7;15;7997;13.15
;;;Parkano;1060;20020815;2002;8;15;3275000;6885000;12.6;14.6;11.7;16;5761;14.28
;;;Parkano;1060;20020816;2002;8;16;3275000;6885000;11.4;13.3;9.4;15;6015;13.11
;;;Parkano;1060;20020817;2002;8;17;3275000;6885000;11.3;14.4;9.7;0;8206;12.09
;;;Parkano;1060;20020818;2002;8;18;3275000;6885000;11.6;16.7;9;0;12118;11.85
;;;Parkano;1060;20020819;2002;8;19;3275000;6885000;11.6;17.1;8;4;9343;11.39
;;;Parkano;1060;20020820;2002;8;20;3275000;6885000;10.6;16;7.8;13;10371;11.4
;;;Parkano;1060;20020821;2002;8;21;3275000;6885000;10.4;12.7;9;10;5296;12.01
;;;Parkano;1060;20020822;2002;8;22;3275000;6885000;10.4;12.8;8.9;2;6303;12.06
;;;Parkano;1060;20020823;2002;8;23;3275000;6885000;10.1;14.5;8.2;0;10445;10.22
;;;Parkano;1060;20020824;2002;8;24;3275000;6885000;8;13.4;3.1;0;12013;8.51
;;;Parkano;1060;20020825;2002;8;25;3275000;6885000;10;13.2;7.1;0;8061;10.45
;;;Parkano;1060;20020826;2002;8;26;3275000;6885000;10.2;13.8;7.5;1;13687;9.92
;;;Parkano;1060;20020827;2002;8;27;3275000;6885000;9;10.4;7.5;0;6758;9.86
;;;Parkano;1060;20020828;2002;8;28;3275000;6885000;8.1;11.2;3.3;0;7338;8.37
;;;Parkano;1060;20020829;2002;8;29;3275000;6885000;8.3;12.6;5.4;0;9408;7.8
;;;Parkano;1060;20020830;2002;8;30;3275000;6885000;8.7;13.7;2.3;0;11129;8.77
;;;Parkano;1060;20020831;2002;8;31;3275000;6885000;9.6;11.5;7.5;11;5293;11.23
;;;Parkano;1060;20020901;2002;9;1;3275000;6885000;7.5;11.2;4.3;0;7837;9.23
;;;Parkano;1060;20020902;2002;9;2;3275000;6885000;6.9;11.4;3.2;0;13109;7.2
;;;Parkano;1060;20020903;2002;9;3;3275000;6885000;5.7;11.7;0.1;1;12012;6.42
;;;Parkano;1060;20020904;2002;9;4;3275000;6885000;8;11.7;3.8;5;6742;9.68
;;;Parkano;1060;20020905;2002;9;5;3275000;6885000;7.8;11.4;6.1;0;10610;8.32
;;;Parkano;1060;20020906;2002;9;6;3275000;6885000;5.6;11.9;-1.3;0;10360;7.55
;;;Parkano;1060;20020907;2002;9;7;3275000;6885000;7.6;12.9;3.4;0;10842;7.83
;;;Parkano;1060;20020908;2002;9;8;3275000;6885000;5.7;12.3;-0.7;0;9946;6.54
;;;Parkano;1060;20020909;2002;9;9;3275000;6885000;5.6;12.9;-1.5;0;9755;6.95
;;;Parkano;1060;20020910;2002;9;10;3275000;6885000;5.9;11.2;2.4;1;8257;8.18
;;;Parkano;1060;20020911;2002;9;11;3275000;6885000;3.8;8.6;-1.5;0;10686;5.9
;;;Parkano;1060;20020912;2002;9;12;3275000;6885000;2.4;8.5;-2.2;0;8459;6.24
;;;Parkano;1060;20020913;2002;9;13;3275000;6885000;2.5;8.5;-2.8;0;10505;5.23
;;;Parkano;1060;20020914;2002;9;14;3275000;6885000;3;7.9;-0.7;0;8306;5.91
;;;Parkano;1060;20020915;2002;9;15;3275000;6885000;2.5;9.7;-3.4;0;11502;5.34
;;;Parkano;1060;20020916;2002;9;16;3275000;6885000;3.3;11.6;-3.9;0;10217;6.06
;;;Parkano;1060;20020917;2002;9;17;3275000;6885000;2;8.3;-2.9;0;7985;5.21
;;;Parkano;1060;20020918;2002;9;18;3275000;6885000;3.9;11.9;-4.4;0;8588;6.66
;;;Parkano;1060;20020919;2002;9;19;3275000;6885000;8.2;10.6;4.6;2;3590;9.5
;;;Parkano;1060;20020920;2002;9;20;3275000;6885000;9.1;11.2;7.5;1;3345;10.64
;;;Parkano;1060;20020921;2002;9;21;3275000;6885000;6.2;10.1;1.9;2;5509;8.27
;;;Parkano;1060;20020922;2002;9;22;3275000;6885000;3.7;7.5;0;0;5535;6.82
;;;Parkano;1060;20020923;2002;9;23;3275000;6885000;1.3;9;-3.8;0;7905;5.63
;;;Parkano;1060;20020924;2002;9;24;3275000;6885000;1.4;7.1;-4.4;0;8832;5.44
;;;Parkano;1060;20020925;2002;9;25;3275000;6885000;3.4;7.3;0.8;0;7265;6.25
;;;Parkano;1060;20020926;2002;9;26;3275000;6885000;3;7.8;-1.6;0;7026;6.69
;;;Parkano;1060;20020927;2002;9;27;3275000;6885000;0.1;6.8;-4.3;0;6420;5.41
;;;Parkano;1060;20020928;2002;9;28;3275000;6885000;2.1;8.4;-3.2;0;5110;6
;;;Parkano;1060;20020929;2002;9;29;3275000;6885000;2.9;8.9;-0.9;0;3866;6.45
;;;Parkano;1060;20020930;2002;9;30;3275000;6885000;1.4;9.3;-3.9;0;8378;5.38
;;;Parkano;1060;20021001;2002;10;1;3275000;6885000;2.4;10;-3.4;0;7513;5.8
;;;Parkano;1060;20021002;2002;10;2;3275000;6885000;5.2;6.7;1.4;6;2350;8.55
;;;Parkano;1060;20021003;2002;10;3;3275000;6885000;9.8;11;6.6;0;2254;11.41
;;;Parkano;1060;20021004;2002;10;4;3275000;6885000;9.8;12.2;7.7;1;3483;11.1
;;;Parkano;1060;20021005;2002;10;5;3275000;6885000;10;12;8.5;1;2843;11.05
;;;Parkano;1060;20021006;2002;10;6;3275000;6885000;8.1;10.2;6.6;11;2256;10.11
;;;Parkano;1060;20021007;2002;10;7;3275000;6885000;4;6.8;2.8;0;2332;7.67
;;;Parkano;1060;20021008;2002;10;8;3275000;6885000;3;3.8;2.2;14;2133;7.49
;;;Parkano;1060;20021009;2002;10;9;3275000;6885000;3.1;4.3;1.7;0;2246;7.41
;;;Parkano;1060;20021010;2002;10;10;3275000;6885000;1.1;3.7;-0.2;14;3187;6.05
;;;Parkano;1060;20021011;2002;10;11;3275000;6885000;5.4;10.7;0.2;7;2212;8.81
;;;Parkano;1060;20021012;2002;10;12;3275000;6885000;0.4;4.3;-2.2;0;5203;4.86
;;;Parkano;1060;20021013;2002;10;13;3275000;6885000;-2.9;2.8;-8;0;5204;4.05
;;;Parkano;1060;20021014;2002;10;14;3275000;6885000;0.1;5.2;-3.5;4;4459;4.92
;;;Parkano;1060;20021015;2002;10;15;3275000;6885000;-0.2;1.9;-1.5;2;2109;5.75
;;;Parkano;1060;20021016;2002;10;16;3275000;6885000;-1.1;3.6;-6.7;0;4721;5.2
;;;Parkano;1060;20021017;2002;10;17;3275000;6885000;5.1;7.2;0.7;1;2009;7.5
;;;Parkano;1060;20021018;2002;10;18;3275000;6885000;3.1;5.9;-0.4;0;2942;6.61
;;;Parkano;1060;20021019;2002;10;19;3275000;6885000;-2.1;0.9;-4.4;0;3436;4.2
;;;Parkano;1060;20021020;2002;10;20;3275000;6885000;-6.5;-0.3;-10.4;0;4243;2.74
;;;Parkano;1060;20021021;2002;10;21;3275000;6885000;-5.7;0.8;-11.3;0;4038;3.37
;;;Parkano;1060;20021022;2002;10;22;3275000;6885000;1.2;5.1;-3.3;0;2409;5.3
;;;Parkano;1060;20021023;2002;10;23;3275000;6885000;0.6;3.4;-1.3;0;3336;4.41
;;;Parkano;1060;20021024;2002;10;24;3275000;6885000;-2;1.4;-4;0;1624;4.68
;;;Parkano;1060;20021025;2002;10;25;3275000;6885000;0.4;6.1;-9;0;1680;6.01
;;;Parkano;1060;20021026;2002;10;26;3275000;6885000;3.6;6.3;0.6;0;3459;4.67
;;;Parkano;1060;20021027;2002;10;27;3275000;6885000;-1.1;3.7;-4;0;2561;4.65
;;;Parkano;1060;20021028;2002;10;28;3275000;6885000;0.3;3.7;-4.5;0;1814;5.91
;;;Parkano;1060;20021029;2002;10;29;3275000;6885000;2;4.3;0.3;0;2716;5.02
;;;Parkano;1060;20021030;2002;10;30;3275000;6885000;2.1;6;-0.4;0;2900;6.5
;;;Parkano;1060;20021031;2002;10;31;3275000;6885000;1.7;2.8;0.5;0;1269;6.61
;;;Parkano;1060;20021101;2002;11;1;3275000;6885000;1.2;2.4;0.4;0;1229;6.42
;;;Parkano;1060;20021102;2002;11;2;3275000;6885000;0.1;1.1;-0.7;0;1567;5.81
;;;Parkano;1060;20021103;2002;11;3;3275000;6885000;-0.3;0.4;-0.6;0;1195;5.62
;;;Parkano;1060;20021104;2002;11;4;3275000;6885000;-0.7;-0.1;-1;0;1128;5.22
;;;Parkano;1060;20021105;2002;11;5;3275000;6885000;-1.9;-0.7;-2.6;0;1102;4.31
;;;Parkano;1060;20021106;2002;11;6;3275000;6885000;-1.1;-0.2;-2.3;0;1074;4.86
;;;Parkano;1060;20021107;2002;11;7;3275000;6885000;-2.4;0;-3;0;1023;4.15
;;;Parkano;1060;20021108;2002;11;8;3275000;6885000;-4.1;-2.5;-5.5;0;1124;3.79
;;;Parkano;1060;20021109;2002;11;9;3275000;6885000;-3;-1.2;-6.1;0;1061;3.96
;;;Parkano;1060;20021110;2002;11;10;3275000;6885000;-5.6;-4;-8.7;0;1147;3.27
;;;Parkano;1060;20021111;2002;11;11;3275000;6885000;-1.6;-0.9;-4.3;0;918;4.98
;;;Parkano;1060;20021112;2002;11;12;3275000;6885000;-3.2;-1.8;-3.9;0;883;4.37
;;;Parkano;1060;20021113;2002;11;13;3275000;6885000;-8.5;-3.8;-11.8;0;1651;2.8
;;;Parkano;1060;20021114;2002;11;14;3275000;6885000;-7.5;-5.7;-10.4;0;1134;3.15
;;;Parkano;1060;20021115;2002;11;15;3275000;6885000;-5;-2.6;-9.6;0;817;4.13
;;;Parkano;1060;20021116;2002;11;16;3275000;6885000;-1.1;-0.2;-2.6;0;790;5.47
;;;Parkano;1060;20021117;2002;11;17;3275000;6885000;-7.4;-0.3;-13.6;0;1045;3.22
;;;Parkano;1060;20021118;2002;11;18;3275000;6885000;-12.2;-9.6;-16.2;0;1249;2.14
;;;Parkano;1060;20021119;2002;11;19;3275000;6885000;-14;-9.5;-17.7;0;1176;1.86
;;;Parkano;1060;20021120;2002;11;20;3275000;6885000;-12;-9;-16.1;0;1188;2.29
;;;Parkano;1060;20021121;2002;11;21;3275000;6885000;-7.8;-4.9;-11.8;0;987;2.74
;;;Parkano;1060;20021122;2002;11;22;3275000;6885000;-3.3;-2.2;-5.2;0;706;4.29
;;;Parkano;1060;20021123;2002;11;23;3275000;6885000;-2.2;-1.7;-2.6;0;636;4.94
;;;Parkano;1060;20021124;2002;11;24;3275000;6885000;-1.8;0;-3.8;0;655;5.03
;;;Parkano;1060;20021125;2002;11;25;3275000;6885000;-2.4;-1.5;-5.1;2;581;5.1
;;;Parkano;1060;20021126;2002;11;26;3275000;6885000;-3.9;-1.2;-6.1;0;838;4.42
;;;Parkano;1060;20021127;2002;11;27;3275000;6885000;-7.6;-4.6;-10.3;0;845;3.16
;;;Parkano;1060;20021128;2002;11;28;3275000;6885000;-6.7;-5.8;-7.3;0;538;3.35
;;;Parkano;1060;20021129;2002;11;29;3275000;6885000;-6.3;-5.5;-7.8;0;532;3.45
;;;Parkano;1060;20021130;2002;11;30;3275000;6885000;-5.8;-4.8;-7.1;1;508;3.51
;;;Parkano;1060;20021201;2002;12;1;3275000;6885000;-7.2;-6.7;-8.2;0;507;3.13
;;;Parkano;1060;20021202;2002;12;2;3275000;6885000;-3.2;0;-7.1;14;478;4.74
;;;Parkano;1060;20021203;2002;12;3;3275000;6885000;0;1.6;-1;0;714;5.72
;;;Parkano;1060;20021204;2002;12;4;3275000;6885000;0;1.3;-1.4;0;618;5.13
;;;Parkano;1060;20021205;2002;12;5;3275000;6885000;0.9;2.5;-3.8;2;445;6.62
;;;Parkano;1060;20021206;2002;12;6;3275000;6885000;1.1;2.7;0;6;432;6.34
;;;Parkano;1060;20021207;2002;12;7;3275000;6885000;-1;0;-2;1;449;5.53
;;;Parkano;1060;20021208;2002;12;8;3275000;6885000;-3.9;-1.8;-5.4;0;433;4.45
;;;Parkano;1060;20021209;2002;12;9;3275000;6885000;-8.9;-4.6;-11.4;0;586;2.96
;;;Parkano;1060;20021210;2002;12;10;3275000;6885000;-7.3;-6.6;-9.1;0;396;3.32
;;;Parkano;1060;20021211;2002;12;11;3275000;6885000;-6.5;-5.8;-7.8;0;401;3.5
;;;Parkano;1060;20021212;2002;12;12;3275000;6885000;-5.9;-4.7;-6.8;0;454;3.8
;;;Parkano;1060;20021213;2002;12;13;3275000;6885000;-5.6;-3.3;-8.3;0;447;3.81
;;;Parkano;1060;20021214;2002;12;14;3275000;6885000;-6.5;-3.5;-7.7;4;393;3.49
;;;Parkano;1060;20021215;2002;12;15;3275000;6885000;-3.4;-0.9;-7;2;372;4.74
;;;Parkano;1060;20021216;2002;12;16;3275000;6885000;-2.2;-0.6;-3.9;5;373;5.06
;;;Parkano;1060;20021217;2002;12;17;3275000;6885000;1.2;3.2;-3.7;12;368;6.72
;;;Parkano;1060;20021218;2002;12;18;3275000;6885000;1.1;3.3;-2;13;368;6.52
;;;Parkano;1060;20021219;2002;12;19;3275000;6885000;-1.3;-1;-2.1;5;372;5.37
;;;Parkano;1060;20021220;2002;12;20;3275000;6885000;-2;-0.9;-4.2;4;473;5.03
;;;Parkano;1060;20021221;2002;12;21;3275000;6885000;-1.3;-0.5;-1.9;1;376;5.48
;;;Parkano;1060;20021222;2002;12;22;3275000;6885000;-4.8;-1.8;-9;0;497;4.3
;;;Parkano;1060;20021223;2002;12;23;3275000;6885000;-6.5;-5;-9.7;0;376;3.59
;;;Parkano;1060;20021224;2002;12;24;3275000;6885000;-14.1;-6.7;-16.8;0;555;1.91
;;;Parkano;1060;20021225;2002;12;25;3275000;6885000;-20.5;-16.5;-24.6;0;552;1.1
;;;Parkano;1060;20021226;2002;12;26;3275000;6885000;-21.3;-18.8;-25.6;1;588;1.09
;;;Parkano;1060;20021227;2002;12;27;3275000;6885000;-8.9;-2.4;-21;1;399;3.28
;;;Parkano;1060;20021228;2002;12;28;3275000;6885000;-1.2;-0.6;-2.4;5;406;5.52
;;;Parkano;1060;20021229;2002;12;29;3275000;6885000;-2.4;-0.6;-3.5;1;413;5.02
